transact_c,transact_d
100.0,0.0
100.0,0.0
0.0,0.0
0.0,0.0
0.0,0.0
0.0,0.0
0.0,0.0
0.0,0.0
0.0,0.0
0.0,0.0
0.0,0.0
0.0,0.0
0.0,0.0
0.0,0.0
0.0,0.0
0.0,0.0
0.0,0.0
0.0,0.0
0.0,0.0
0.0,0.0
0.0,0.0
0.0,0.0
0.0,0.0
0.0,0.0
0.0,0.0
0.0,0.0
0.0,97.14285714285714
0.0,97.14285714285714
0.0,97.14285714285714
0.0,97.14285714285714
0.0,97.14285714285714
0.0,97.14285714285714
0.0,97.14285714285714
0.0,0.0
0.0,0.0
0.0,0.0
0.0,0.0
0.0,0.0
0.0,0.0
180.0,0.0
180.0,0.0
180.0,0.0
180.0,0.0
180.0,0.0
190.0,0.0
190.0,0.0
10.0,0.0
10.0,0.0
10.0,0.0
10.0,0.0
10.0,0.0
0.0,0.0
0.0,0.0
0.0,0.0
0.0,0.0
0.0,0.0
0.0,0.0
0.0,0.0
0.0,0.0
0.0,0.0
0.0,0.0
0.0,0.0
0.0,0.0
0.0,0.0
0.0,0.0
0.0,0.0
14.285714285714286,0.0
14.285714285714286,0.0
14.285714285714286,0.0
14.285714285714286,0.0
200.0,0.0
200.0,0.0
200.0,0.0
185.71428571428572,0.0
185.71428571428572,0.0
185.71428571428572,0.0
185.71428571428572,0.0
0.0,0.0
0.0,0.0
0.0,0.0
0.0,0.0
0.0,0.0
0.0,0.0
0.0,0.0
100.0,0.0
100.0,0.0
100.0,0.0
100.0,0.0
100.0,0.0
204.28571428571428,0.0
204.28571428571428,0.0
104.28571428571429,0.0
104.28571428571429,0.0
104.28571428571429,0.0
104.28571428571429,0.0
104.28571428571429,0.0
0.0,0.0
0.0,0.0
0.0,0.0
0.0,0.0
14.285714285714286,0.0
14.285714285714286,0.0
14.285714285714286,0.0
14.285714285714286,0.0
14.285714285714286,0.0
51.42857142857143,0.0
51.42857142857143,0.0
37.142857142857146,0.0
37.142857142857146,0.0
37.142857142857146,0.0
68.14285714285714,0.0
68.14285714285714,0.0
31.0,0.0
31.0,0.0
31.0,87.0
31.0,174.0
31.0,261.0
0.0,348.0
0.0,435.0
0.0,522.0
0.0,522.0
0.0,435.0
0.0,348.0
0.0,261.0
0.0,174.0
0.0,87.0
0.0,0.0
0.0,0.0
0.0,0.0
0.0,0.0
0.0,0.0
0.0,0.0
0.0,0.0
0.0,0.0
0.0,0.0
0.0,0.0
0.0,0.0
0.0,97.14285714285714
0.0,97.14285714285714
0.0,97.14285714285714
0.0,97.14285714285714
0.0,97.14285714285714
0.0,97.14285714285714
0.0,97.14285714285714
0.0,0.0
100.0,97.14285714285714
100.0,97.14285714285714
100.0,97.14285714285714
100.0,97.14285714285714
100.0,97.14285714285714
100.0,97.14285714285714
100.0,97.14285714285714
0.0,0.0
0.0,0.0
0.0,0.0
0.0,0.0
0.0,0.0
0.0,0.0
0.0,0.0
0.0,0.0
0.0,0.0
0.0,0.0
0.0,0.0
13.428571428571429,0.0
13.428571428571429,0.0
13.428571428571429,0.0
13.428571428571429,0.0
13.428571428571429,0.0
27.714285714285715,0.0
27.714285714285715,0.0
14.285714285714286,0.0
14.285714285714286,0.0
22.857142857142858,0.0
44.285714285714285,0.0
44.285714285714285,0.0
