transact_c,transact_d
0.0,0.0
0.0,0.0
0.0,0.0
0.0,285.7142857142857
0.0,285.7142857142857
0.0,285.7142857142857
0.0,285.7142857142857
0.0,494.0
0.0,494.0
0.0,494.0
0.0,236.85714285714286
0.0,236.85714285714286
0.0,236.85714285714286
0.0,236.85714285714286
0.0,28.571428571428573
0.0,300.7142857142857
0.0,300.7142857142857
0.0,272.14285714285717
0.0,272.14285714285717
0.0,272.14285714285717
0.0,272.14285714285717
357.14285714285717,272.14285714285717
357.14285714285717,0.0
357.14285714285717,0.0
357.14285714285717,108.71428571428571
357.14285714285717,108.71428571428571
357.14285714285717,108.71428571428571
357.14285714285717,108.71428571428571
0.0,108.71428571428571
0.0,108.71428571428571
0.0,108.71428571428571
0.0,0.0
0.0,0.0
0.0,0.0
0.0,0.0
0.0,0.0
0.0,0.0
0.0,0.0
0.0,0.0
0.0,0.0
0.0,0.0
0.0,0.0
0.0,0.0
0.0,0.0
0.0,0.0
0.0,0.0
0.0,0.0
0.0,0.0
0.0,0.0
0.0,0.0
0.0,0.0
314.2857142857143,317.0
314.2857142857143,317.0
314.2857142857143,317.0
314.2857142857143,317.0
314.2857142857143,317.0
314.2857142857143,317.0
314.2857142857143,317.0
0.0,0.0
0.0,0.0
0.0,0.0
0.0,0.0
0.0,0.0
0.0,0.0
0.0,0.0
0.0,0.0
0.0,0.0
0.0,0.0
0.0,0.0
0.0,0.0
0.0,0.0
0.0,0.0
0.0,0.0
0.0,0.0
0.0,0.0
0.0,0.0
0.0,40.0
0.0,40.0
0.0,40.0
357.14285714285717,357.0
357.14285714285717,357.0
357.14285714285717,357.0
357.14285714285717,357.0
357.14285714285717,317.0
357.14285714285717,317.0
357.14285714285717,317.0
0.0,0.0
0.0,0.0
0.0,0.0
0.0,0.0
0.0,0.0
0.0,0.0
0.0,0.0
0.0,0.0
0.0,0.0
0.0,0.0
0.0,0.0
0.0,0.0
0.0,0.0
0.0,0.0
0.0,0.0
0.0,0.0
0.0,0.0
0.0,0.0
0.0,0.0
0.0,0.0
0.0,0.0
0.0,0.0
0.0,0.0
0.0,0.0
0.0,0.0
328.57142857142856,317.0
328.57142857142856,317.0
328.57142857142856,317.0
328.57142857142856,317.0
328.57142857142856,317.0
328.57142857142856,317.0
328.57142857142856,317.0
0.0,0.0
0.0,0.0
300.0,0.0
300.0,0.0
300.0,0.0
300.0,0.0
300.0,0.0
300.0,0.0
300.0,0.0
0.0,0.0
0.0,0.0
0.0,0.0
0.0,0.0
0.0,0.0
0.0,0.0
0.0,0.0
0.0,0.0
0.0,0.0
0.0,0.0
0.0,0.0
0.0,0.0
0.0,0.0
0.0,0.0
357.14285714285717,317.0
357.14285714285717,317.0
357.14285714285717,317.0
357.14285714285717,317.0
357.14285714285717,317.0
357.14285714285717,317.0
357.14285714285717,317.0
0.0,0.0
0.0,0.0
0.0,0.0
376.93,0.0
376.93,0.0
376.93,0.0
376.93,0.0
376.93,0.0
376.93,0.0
376.93,0.0
0.0,0.0
0.0,0.0
0.0,0.0
0.0,0.0
0.0,0.0
0.0,0.0
0.0,0.0
0.0,0.0
0.0,0.0
0.0,0.0
0.0,0.0
0.0,0.0
0.0,0.0
0.0,0.0
321.42857142857144,317.0
321.42857142857144,317.0
321.42857142857144,317.0
