transact_c,transact_d
0.0,0.0
0.0,0.0
0.0,0.0
100.0,0.0
200.0,0.0
200.0,0.0
200.0,0.0
200.0,0.0
200.0,0.0
200.0,0.0
100.0,0.0
0.0,0.0
0.0,0.0
0.0,0.0
0.0,0.0
0.0,0.0
0.0,28.571428571428573
0.0,28.571428571428573
0.0,28.571428571428573
0.0,28.571428571428573
0.0,28.571428571428573
0.0,28.571428571428573
0.0,28.571428571428573
0.0,0.0
0.0,0.0
0.0,0.0
0.0,0.0
0.0,0.0
0.0,0.0
0.0,0.0
100.0,0.0
100.0,0.0
200.0,0.0
200.0,0.0
200.0,0.0
200.0,0.0
200.0,0.0
100.0,0.0
100.0,0.0
0.0,0.0
0.0,0.0
0.0,0.0
0.0,0.0
0.0,0.0
0.0,0.0
0.0,0.0
0.0,0.0
0.0,0.0
0.0,0.0
0.0,0.0
0.0,0.0
0.0,0.0
0.0,0.0
0.0,0.0
0.0,71.42857142857143
0.0,71.42857142857143
0.0,71.42857142857143
0.0,142.85714285714286
0.0,142.85714285714286
0.0,142.85714285714286
0.0,142.85714285714286
100.0,71.42857142857143
200.0,71.42857142857143
200.0,71.42857142857143
200.0,0.0
200.0,57.142857142857146
200.0,57.142857142857146
200.0,57.142857142857146
100.0,57.142857142857146
0.0,57.142857142857146
0.0,57.142857142857146
0.0,57.142857142857146
0.0,0.0
0.0,0.0
0.0,0.0
0.0,0.0
0.0,0.0
0.0,0.0
0.0,0.0
0.0,0.0
0.0,0.0
0.0,0.0
0.0,0.0
0.0,0.0
0.0,0.0
0.0,0.0
0.0,0.0
0.0,0.0
0.0,0.0
0.0,0.0
100.0,0.0
100.0,0.0
100.0,0.0
100.0,0.0
100.0,0.0
100.0,0.0
100.0,0.0
0.0,0.0
0.0,0.0
0.0,0.0
0.0,0.0
0.0,0.0
0.0,0.0
0.0,0.0
0.0,0.0
0.0,0.0
0.0,0.0
0.0,0.0
0.0,0.0
0.0,0.0
0.0,0.0
0.0,0.0
0.0,0.0
0.0,1.1428571428571428
0.0,218.57142857142858
0.0,436.0
0.0,653.4285714285714
0.0,870.8571428571429
0.0,1088.2857142857142
0.0,1305.7142857142858
0.0,1522.0
0.0,1522.0
100.0,1522.0
100.0,1522.0
100.0,1522.0
271.42857142857144,1522.0
271.42857142857144,1304.5714285714287
271.42857142857144,1087.142857142857
271.42857142857144,869.7142857142857
171.42857142857142,652.2857142857143
171.42857142857142,434.85714285714283
171.42857142857142,217.42857142857142
0.0,0.0
0.0,0.0
0.0,0.0
0.0,0.0
0.0,0.0
0.0,0.0
0.0,0.0
0.0,0.0
0.0,0.0
0.0,0.0
0.0,0.0
0.0,0.0
0.0,0.0
100.0,0.0
300.0,0.0
385.7142857142857,0.0
385.7142857142857,0.0
514.2857142857143,0.0
600.0,0.0
600.0,0.0
500.0,0.0
300.0,0.0
214.28571428571428,42.857142857142854
214.28571428571428,42.857142857142854
85.71428571428571,42.857142857142854
0.0,42.857142857142854
0.0,42.857142857142854
0.0,42.857142857142854
0.0,42.857142857142854
0.0,0.0
0.0,0.0
0.0,0.0
0.0,0.0
0.0,0.0
0.0,0.0
0.0,0.0
0.0,0.0
100.0,0.0
100.0,0.0
100.0,0.0
100.0,0.0
100.0,0.0
100.0,0.0
