transact_c,transact_d
92.85714285714286,0.0
192.85714285714286,0.0
100.0,0.0
100.0,0.0
100.0,0.0
100.0,0.0
100.0,0.0
100.0,0.0
0.0,0.0
0.0,0.0
0.0,0.0
0.0,0.0
0.0,0.0
0.0,0.0
0.0,0.0
0.0,0.0
0.0,0.0
0.0,0.0
0.0,0.0
0.0,0.0
0.0,0.0
0.0,0.0
0.0,0.0
0.0,0.0
0.0,0.0
80.0,0.0
80.0,0.0
80.0,0.0
80.0,0.0
80.0,0.0
180.0,0.0
180.0,0.0
100.0,0.0
100.0,0.0
100.0,0.0
100.0,0.0
200.0,0.0
100.0,0.0
100.0,0.0
100.0,0.0
100.0,0.0
100.0,0.0
100.0,0.0
0.0,0.0
0.0,0.0
0.0,0.0
0.0,0.0
0.0,0.0
0.0,0.0
0.0,0.0
0.0,0.0
0.0,0.0
85.71428571428571,0.0
85.71428571428571,0.0
85.71428571428571,0.0
85.71428571428571,0.0
85.71428571428571,0.0
85.71428571428571,0.0
85.71428571428571,0.0
0.0,0.0
0.0,0.0
0.0,0.0
0.0,0.0
100.0,0.0
100.0,0.0
100.0,0.0
100.0,0.0
100.0,0.0
100.0,0.0
104.96571428571428,0.0
4.965714285714285,0.0
4.965714285714285,0.0
4.965714285714285,0.0
4.965714285714285,0.0
4.965714285714285,0.0
4.965714285714285,0.0
0.0,0.0
0.0,0.0
0.0,0.0
0.0,0.0
100.0,0.0
100.0,0.0
100.0,0.0
100.0,0.0
100.0,0.0
100.0,0.0
100.0,0.0
0.0,0.0
0.0,0.0
0.0,0.0
100.0,0.0
100.0,0.0
100.0,0.0
100.0,0.0
100.0,0.0
100.0,0.0
100.0,0.0
0.0,0.0
0.0,0.0
0.0,0.0
0.0,0.0
0.0,0.0
0.0,0.0
0.0,0.0
0.2414285714285714,0.0
0.2414285714285714,0.0
0.2414285714285714,0.0
0.2414285714285714,0.0
0.2414285714285714,0.0
0.2414285714285714,0.0
0.2414285714285714,0.0
0.0,0.0
0.0,0.0
100.0,0.0
100.0,79.52285714285713
100.0,171.71285714285713
100.0,259.27714285714285
100.0,356.2214285714286
100.0,450.04
100.0,546.9857142857143
0.0,640.8028571428571
0.0,658.2257142857143
0.0,671.2671428571429
0.0,677.5200000000001
100.0,685.8071428571428
100.0,685.8057142857143
100.0,588.86
100.0,495.04285714285714
100.0,398.0971428571429
100.0,292.8657142857143
100.0,199.04857142857145
0.0,93.81714285714285
0.0,0.0
0.0,0.0
0.0,0.0
0.0,0.0
0.0,0.0
0.0,0.0
0.0,0.0
0.0,0.0
0.0,0.0
0.0,0.0
0.0,0.0
0.0,0.0
0.0,0.0
0.0,8.285714285714286
0.0,16.571428571428573
0.0,24.857142857142858
0.0,24.857142857142858
0.0,33.142857142857146
0.0,41.42857142857143
0.0,41.42857142857143
0.0,41.42857142857143
0.0,33.142857142857146
0.0,33.142857142857146
0.0,33.142857142857146
0.0,24.857142857142858
0.0,16.571428571428573
0.0,16.571428571428573
0.0,8.285714285714286
0.0,8.285714285714286
0.0,0.0
0.0,0.0
0.0,0.0
0.0,0.0
0.0,0.0
0.0,0.0
0.0,0.0
0.0,0.0
0.0,0.0
0.0,0.0
0.0,0.0
0.0,0.0
0.0,0.0
0.0,0.0
