transact_c,transact_d
0.0,0.0
0.0,0.0
0.0,0.0
0.0,0.0
0.0,0.0
0.0,0.0
0.0,0.0
0.0,0.0
0.0,0.0
0.0,0.0
0.0,0.0
0.0,0.0
0.0,0.0
0.0,0.0
0.0,0.0
0.0,0.0
0.0,0.0
0.0,0.0
100.0,0.0
100.0,0.0
100.0,0.0
100.0,0.0
100.0,0.0
100.0,0.0
100.04285714285713,0.0
0.04285714285714286,0.0
0.04285714285714286,0.0
0.04285714285714286,0.0
0.04285714285714286,0.0
0.04285714285714286,0.0
0.04285714285714286,0.0
0.0,0.0
0.0,0.0
0.0,0.0
0.0,0.0
0.0,0.0
0.0,0.0
0.0,0.0
0.0,0.0
100.0,0.0
100.0,0.0
100.0,0.0
100.0,0.0
100.0,0.0
100.0,0.0
100.0,0.0
100.0,0.0
100.0,0.0
100.0,0.0
100.0,0.0
100.0,0.0
100.0,0.0
100.03999999999999,0.0
0.04,0.0
0.04,0.0
0.04,0.0
0.04,0.0
0.04,0.0
0.04,0.0
0.0,0.0
0.0,0.0
0.0,0.0
0.0,0.0
0.0,0.0
0.0,0.0
0.0,0.0
0.0,0.0
0.0,0.0
100.0,0.0
100.0,0.0
100.0,0.0
100.0,0.0
100.0,0.0
100.0,0.0
200.0,0.0
100.0,0.0
100.0,0.0
100.0,0.0
100.0,0.0
100.0,0.0
100.0,0.0
0.0,0.0
0.0,0.0
0.04857142857142858,0.0
0.04857142857142858,0.0
0.04857142857142858,0.0
0.04857142857142858,0.0
0.04857142857142858,0.0
0.04857142857142858,0.0
0.04857142857142858,0.0
0.0,0.0
0.0,0.0
0.0,0.0
0.0,0.0
0.0,0.0
0.0,0.0
0.0,0.0
0.0,0.0
0.0,0.0
0.0,0.0
0.0,0.0
0.0,0.0
0.0,0.0
0.0,0.0
0.0,0.0
0.0,0.0
0.0,0.0
0.0,0.0
0.0,0.0
0.0,0.0
100.0,0.0
100.0,0.0
100.0,0.0
100.05,0.0
200.04999999999998,116.31142857142856
200.04999999999998,232.9
200.04999999999998,338.2057142857143
100.05,454.7942857142857
100.05,567.6214285714285
100.05,684.21
100.0,975.0671428571429
0.0,1149.6128571428571
0.0,1323.8814285714286
0.0,1509.432857142857
0.0,1683.7014285714286
0.0,1570.8742857142856
0.0,1454.2857142857142
0.0,1163.4285714285713
0.0,872.5714285714286
0.0,581.7142857142857
0.0,290.85714285714283
0.0,0.0
0.0,0.0
0.0,0.0
0.0,0.0
0.0,0.0
0.0,0.0
100.0,0.0
100.0,0.0
100.0,0.0
100.0,0.0
100.0,0.0
100.0,0.0
100.0,0.0
0.05714285714285715,0.0
0.05714285714285715,0.0
0.05714285714285715,0.0
0.05714285714285715,0.0
0.05714285714285715,0.0
100.05714285714285,0.0
100.05714285714285,0.0
100.0,0.0
100.0,0.0
100.0,0.0
100.0,0.0
100.0,0.0
0.0,0.0
0.0,0.0
0.0,0.0
0.0,0.0
0.0,0.0
0.0,0.0
0.0,0.0
0.0,0.0
0.0,0.0
0.0,0.0
0.0,0.0
100.0,0.0
100.0,0.0
100.0,0.0
100.0,0.0
100.0,0.0
100.0,0.0
100.0,0.0
0.0,0.0
