transact_c,transact_d
0.0,0.0
0.0,0.0
0.0,0.0
0.0,0.0
0.0,0.0
0.0,0.0
0.0,0.0
0.0,0.0
5.063571428571429,0.0
5.063571428571429,0.0
5.063571428571429,0.0
5.063571428571429,0.0
5.063571428571429,0.0
5.063571428571429,0.0
5.063571428571429,0.0
5.063571428571429,0.0
55.06357142857143,0.0
55.06357142857143,0.0
55.06357142857143,0.0
55.06357142857143,0.0
55.06357142857143,0.0
55.06357142857143,0.0
50.0,0.0
50.0,0.0
50.0,0.0
50.0,0.0
50.0,0.0
50.0,0.0
50.0,0.0
50.0,0.0
0.0,0.0
0.0,0.0
0.0,0.0
0.0,0.0
0.0,0.0
0.0,0.0
0.0,0.0
0.0,0.0
42.857142857142854,0.0
42.857142857142854,0.0
42.857142857142854,0.0
42.857142857142854,0.0
42.857142857142854,0.0
42.857142857142854,0.0
42.857142857142854,0.0
42.857142857142854,0.0
42.857142857142854,0.0
42.857142857142854,0.0
42.857142857142854,0.0
42.857142857142854,0.0
42.857142857142854,0.0
42.857142857142854,0.0
0.0,0.0
0.0,0.0
0.0,0.0
0.0,0.0
0.0,0.0
0.0,0.0
0.0,0.0
0.0,0.0
50.0,0.0
50.0,0.0
50.0,0.0
50.0,0.0
50.0,0.0
50.0,0.0
50.0,0.0
50.0,0.0
50.0,0.0
50.0,0.0
50.0,0.0
50.0,0.0
50.0,0.0
50.0,0.0
0.0,0.0
0.0,0.0
0.0,0.0
0.0,0.0
0.0,0.0
0.0,0.0
0.0,0.0
0.0,0.0
0.0,0.0
0.0,0.0
0.0,0.0
0.0,0.0
0.0,0.0
0.0,0.0
0.0,0.0
0.0,0.0
0.0,0.0
0.0,0.0
0.0,0.0
0.0,0.0
50.0,0.0
50.0,0.0
50.0,0.0
50.0,0.0
50.0,0.0
50.0,0.0
50.0,0.0
50.0,0.0
50.0,0.0
53.74071428571428,0.0
53.74071428571428,0.0
53.74071428571428,0.0
53.74071428571428,0.0
53.74071428571428,0.0
3.7407142857142857,0.0
3.7407142857142857,0.0
3.7407142857142857,0.0
3.7407142857142857,0.0
3.7407142857142857,0.0
3.7407142857142857,0.0
3.7407142857142857,0.0
3.7407142857142857,0.0
3.7407142857142857,0.0
0.0,0.0
0.0,0.0
0.0,0.0
0.0,0.0
0.0,0.0
0.0,0.0
0.0,0.0
0.0,0.0
0.0,0.0
0.0,0.0
0.0,0.0
50.0,0.0
50.0,0.0
50.0,0.0
50.0,0.0
50.0,0.0
50.0,0.0
50.0,0.0
50.0,0.0
50.0,0.0
50.0,0.0
50.0,0.0
50.0,0.0
50.0,0.0
50.0,0.0
0.0,0.0
0.0,0.0
0.0,0.0
0.0,0.0
0.0,1.7857142857142858
0.0,1.7857142857142858
0.0,1.7857142857142858
0.0,1.7857142857142858
0.0,1.7857142857142858
0.0,1.7857142857142858
0.0,1.7857142857142858
50.0,1.7857142857142858
50.0,3.5714285714285716
50.0,3.5714285714285716
50.0,3.5714285714285716
50.0,3.5714285714285716
50.0,3.5714285714285716
50.0,3.5714285714285716
50.0,1.7857142857142858
50.0,1.7857142857142858
50.0,1.7857142857142858
50.0,1.7857142857142858
50.0,1.7857142857142858
50.0,1.7857142857142858
50.0,1.7857142857142858
0.0,1.7857142857142858
