transact_c,transact_d
121.30071428571429,0.0
121.30071428571429,0.0
121.30071428571429,0.0
121.30071428571429,0.0
121.30071428571429,0.0
0.0,0.0
0.0,0.0
142.85714285714286,0.0
142.85714285714286,0.0
142.85714285714286,0.0
142.85714285714286,0.0
142.85714285714286,0.0
142.85714285714286,0.0
142.85714285714286,0.0
142.85714285714286,50.0
142.85714285714286,50.0
142.85714285714286,50.0
142.85714285714286,50.0
142.85714285714286,50.0
142.85714285714286,50.0
142.85714285714286,50.0
0.0,50.0
0.0,50.0
0.0,50.0
0.0,50.0
0.0,50.0
0.0,50.0
0.0,50.0
0.0,0.0
0.0,1.7857142857142858
0.0,1.7857142857142858
0.0,1.7857142857142858
0.0,1.7857142857142858
0.0,1.7857142857142858
0.0,1.7857142857142858
142.85714285714286,1.7857142857142858
142.85714285714286,1.7857142857142858
142.85714285714286,1.7857142857142858
142.85714285714286,1.7857142857142858
142.85714285714286,1.7857142857142858
142.85714285714286,1.7857142857142858
142.85714285714286,1.7857142857142858
142.85714285714286,1.7857142857142858
142.85714285714286,0.0
142.85714285714286,50.0
142.85714285714286,50.0
142.85714285714286,50.0
142.85714285714286,50.0
142.85714285714286,50.0
0.0,50.0
0.0,50.0
0.0,50.0
0.0,50.0
0.0,50.0
0.0,50.0
0.0,50.0
0.0,50.0
0.0,50.0
0.0,0.0
0.0,0.0
0.0,0.0
0.0,0.0
0.0,0.0
0.0,0.0
0.0,0.0
0.0,0.0
0.0,0.0
0.0,0.0
142.85714285714286,0.0
142.85714285714286,0.0
142.85714285714286,0.0
142.85714285714286,0.0
142.85714285714286,0.0
142.85714285714286,50.0
142.85714285714286,50.0
142.85714285714286,50.0
142.85714285714286,50.0
142.85714285714286,50.0
142.85714285714286,50.0
142.85714285714286,50.0
142.85714285714286,50.0
142.85714285714286,50.0
0.0,50.0
0.0,50.0
0.0,50.0
0.0,50.0
0.0,50.0
0.0,0.0
0.0,0.0
0.0,0.0
0.0,0.0
0.0,0.0
0.0,0.0
0.0,0.0
0.0,0.0
0.0,0.0
0.0,0.0
0.0,0.0
0.0,0.0
0.0,0.0
0.0,0.0
0.0,0.0
0.0,0.0
0.0,0.0
0.0,371.5
0.0,371.5
0.0,371.5
0.0,371.5
0.0,371.5
0.0,371.5
0.0,371.5
0.0,371.5
0.0,371.5
0.0,371.5
0.0,371.5
0.0,371.5
0.0,371.5
0.0,371.5
0.0,0.0
0.0,0.0
0.0,0.0
0.0,0.0
0.0,0.0
0.0,0.0
0.0,0.0
75.0,0.0
75.0,0.0
75.0,0.0
75.0,0.0
75.0,0.0
75.0,0.0
75.0,0.0
75.0,0.0
75.0,0.0
75.0,50.0
75.0,50.0
75.0,50.0
75.0,50.0
75.0,50.0
0.0,50.0
0.0,50.0
0.0,50.0
0.0,50.0
0.0,50.0
0.0,50.0
0.0,50.0
0.0,50.0
0.0,50.0
0.0,0.0
0.0,0.0
0.0,0.0
0.0,0.0
0.0,0.0
0.0,0.0
0.0,0.0
0.0,0.0
0.0,0.0
0.0,0.0
0.0,0.0
0.0,0.0
0.0,0.0
0.0,0.0
0.0,0.0
0.0,0.0
0.0,0.0
0.0,50.0
0.0,50.0
0.0,50.0
