transact_c,transact_d
0.0,0.0
0.0,0.0
0.0,0.0
0.0,0.0
0.0,0.0
0.0,0.0
0.0,0.0
0.0,0.0
0.0,0.0
0.0,0.0
0.0,35.02285714285714
0.0,35.02285714285714
0.0,35.02285714285714
0.0,35.02285714285714
0.0,35.02285714285714
0.0,35.02285714285714
0.0,35.02285714285714
0.0,35.02285714285714
0.0,35.02285714285714
0.0,35.02285714285714
0.0,35.02285714285714
0.0,35.02285714285714
0.0,35.02285714285714
0.0,35.02285714285714
0.0,0.0
0.0,0.0
0.0,0.0
0.0,0.0
0.0,0.0
0.0,0.0
0.0,0.0
0.0,0.0
0.0,0.0
0.0,0.0
0.0,0.0
0.0,0.0
0.0,0.0
0.0,0.0
0.0,0.0
0.0,0.0
0.0,0.0
0.0,35.02285714285714
0.0,35.02285714285714
0.0,35.02285714285714
0.0,35.02285714285714
0.0,35.02285714285714
0.0,35.02285714285714
0.0,35.02285714285714
0.0,35.02285714285714
0.0,35.02285714285714
0.0,35.02285714285714
0.0,35.02285714285714
0.0,35.02285714285714
0.0,35.02285714285714
0.0,35.02285714285714
0.0,0.0
0.0,0.0
1.7857142857142858,0.0
1.7857142857142858,0.0
64.21428571428571,0.0
64.21428571428571,0.0
64.21428571428571,0.0
64.21428571428571,0.0
64.21428571428571,0.0
64.21428571428571,0.0
64.21428571428571,0.0
64.21428571428571,0.0
64.21428571428571,0.0
64.21428571428571,0.0
64.21428571428571,25.505
64.21428571428571,25.505
62.42857142857143,25.505
62.42857142857143,25.505
0.0,25.505
0.0,25.505
0.0,25.505
0.0,25.505
0.0,25.505
0.0,25.505
0.0,25.505
0.0,25.505
0.0,25.505
0.0,25.505
0.0,0.0
0.0,0.0
0.0,0.0
0.0,3.5
0.0,3.5
0.0,3.5
0.0,3.5
0.0,3.5
0.0,3.5
0.0,3.5
0.0,3.5
0.0,3.5
0.0,3.5
0.0,3.5
0.0,3.5
0.0,3.5
0.0,3.5
0.0,25.504999999999995
0.0,25.504999999999995
0.0,25.504999999999995
0.0,25.504999999999995
0.0,25.504999999999995
0.0,25.504999999999995
0.0,25.504999999999995
4.285714285714286,25.504999999999995
4.285714285714286,25.504999999999995
4.285714285714286,25.504999999999995
4.285714285714286,25.504999999999995
4.285714285714286,25.504999999999995
4.285714285714286,25.504999999999995
4.285714285714286,25.504999999999995
4.285714285714286,0.0
4.285714285714286,0.0
4.285714285714286,0.0
4.285714285714286,0.0
4.285714285714286,0.0
4.285714285714286,0.0
4.285714285714286,0.0
0.0,0.0
0.0,0.0
0.0,0.0
0.0,0.0
0.0,0.0
0.0,0.0
0.0,0.0
0.0,0.0
0.0,0.0
0.0,25.505
0.0,25.505
0.0,25.505
0.0,25.505
0.0,25.505
0.0,25.505
0.0,25.505
0.0,25.505
0.0,25.505
0.0,25.505
0.0,25.505
0.0,25.505
0.0,25.505
0.0,25.505
0.0,0.0
0.0,0.0
0.0,0.0
0.0,0.0
0.0,0.0
0.0,0.0
0.0,0.0
0.0,0.0
0.0,0.0
0.0,0.0
0.0,0.0
0.0,0.0
0.0,0.0
0.0,0.0
0.0,0.0
0.0,0.0
0.0,0.0
0.0,25.505
0.0,25.505
0.0,25.505
0.0,25.505
0.0,25.505
0.0,25.505
0.0,25.505
