transact_c,transact_d
0.0,0.0
8.095,0.0
8.095,0.0
8.095,0.0
8.095,0.0
8.095,0.0
8.095,0.0
8.095,0.0
8.095,0.0
8.095,0.0
8.095,0.0
8.095,0.0
8.095,0.0
8.095,0.0
8.095,0.0
0.0,0.0
0.0,7.5
0.0,14.403571428571428
0.0,14.403571428571428
0.0,14.403571428571428
0.0,14.403571428571428
0.0,14.403571428571428
0.0,14.403571428571428
0.0,16.189285714285713
0.0,16.189285714285713
0.0,16.189285714285713
0.0,16.189285714285713
0.0,16.189285714285713
0.0,16.189285714285713
0.0,16.189285714285713
0.0,8.689285714285715
0.0,1.7857142857142858
0.0,1.7857142857142858
0.0,12.700000000000001
0.0,12.700000000000001
22.5,12.700000000000001
22.5,12.700000000000001
22.5,10.914285714285715
22.5,10.914285714285715
22.5,10.914285714285715
22.5,10.914285714285715
22.5,10.914285714285715
22.5,10.914285714285715
22.5,10.914285714285715
22.5,10.914285714285715
22.5,10.914285714285715
22.5,10.914285714285715
22.5,0.0
22.5,0.0
0.0,0.0
0.0,0.0
0.0,0.0
0.0,0.0
0.0,0.0
0.0,0.0
0.0,0.0
0.0,0.0
0.0,0.0
0.0,0.0
0.0,0.0
0.0,0.0
0.0,0.0
10.914285714285715,0.0
10.914285714285715,0.0
10.914285714285715,0.0
10.914285714285715,0.0
10.914285714285715,0.0
10.914285714285715,0.0
10.914285714285715,0.0
10.914285714285715,0.0
10.914285714285715,0.0
10.914285714285715,0.0
10.914285714285715,0.0
10.914285714285715,0.0
10.914285714285715,0.0
10.914285714285715,0.0
0.0,0.0
0.0,0.0
0.0,0.0
0.0,0.0
0.0,0.0
0.0,0.0
0.0,0.0
0.0,0.0
0.0,0.0
0.0,0.0
0.0,0.0
0.0,0.0
0.0,0.0
0.0,0.0
0.0,0.0
0.0,0.0
0.0,0.0
0.0,0.0
0.0,0.0
0.0,0.0
0.0,0.0
0.0,0.0
0.0,0.0
0.0,0.0
0.0,0.0
0.0,0.0
0.0,0.0
0.0,0.0
0.0,0.0
0.0,0.0
0.0,0.0
0.0,0.0
0.0,0.0
0.0,0.0
0.0,0.0
0.0,0.0
0.0,0.0
0.0,0.0
0.0,0.0
0.0,0.0
0.0,0.0
0.0,0.0
0.0,0.0
0.0,0.0
0.0,7.0
0.0,7.0
0.0,7.0
0.0,7.0
0.0,7.0
0.0,7.0
0.0,7.0
0.0,7.0
0.0,7.0
0.0,7.0
0.0,7.0
0.0,7.0
0.0,10.032142857142857
0.0,10.032142857142857
0.0,3.0321428571428575
0.0,3.0321428571428575
0.0,3.0321428571428575
0.0,3.0321428571428575
0.0,3.0321428571428575
0.0,3.0321428571428575
0.0,3.0321428571428575
0.0,3.0321428571428575
0.0,3.0321428571428575
0.0,3.0321428571428575
0.0,3.0321428571428575
0.0,3.0321428571428575
0.0,0.0
0.0,0.0
0.0,0.0
0.0,0.0
0.0,0.0
0.0,0.0
0.0,0.0
11.817857142857141,0.0
11.817857142857141,0.0
11.817857142857141,0.0
11.817857142857141,0.0
11.817857142857141,0.0
11.817857142857141,0.0
11.817857142857141,0.0
11.817857142857141,0.0
11.817857142857141,0.0
11.817857142857141,0.0
11.817857142857141,0.0
11.817857142857141,0.0
11.817857142857141,0.0
11.817857142857141,0.0
0.0,0.0
