transact_c,transact_d
0.0,0.0
0.0,0.0
0.0,0.0
0.0,0.0
0.0,0.0
0.0,0.0
0.0,0.0
0.0,0.0
0.0,0.0
0.0,0.0
0.0,0.0
0.0,0.0
0.0,0.0
0.0,0.0
0.0,0.0
0.0,0.0
0.0,0.0
0.0,0.0
0.0,0.0
0.0,0.0
0.0,0.0
0.0,0.0
0.0,0.0
0.0,0.0
0.0,0.0
0.0,0.0
0.0,0.0
0.0,0.0
0.0,0.0
0.0,0.0
0.0,0.0
0.0,0.0
0.0,0.0
0.0,0.0
0.0,0.0
0.0,0.0
0.0,0.0
0.0,0.0
0.0,0.0
0.0,0.0
0.0,0.0
0.0,0.0
0.0,0.0
0.0,0.0
0.0,0.0
0.0,0.0
0.0,0.0
0.0,0.0
0.0,0.0
0.0,0.0
0.0,0.0
0.0,0.0
0.0,0.0
0.0,0.0
0.0,0.0
0.0,0.0
0.0,0.0
0.0,0.0
0.0,0.0
0.0,0.0
0.0,22.767857142857142
0.0,22.767857142857142
0.0,22.767857142857142
0.0,22.767857142857142
0.0,22.767857142857142
0.0,22.767857142857142
0.0,22.767857142857142
0.0,22.767857142857142
0.0,22.767857142857142
25.0,22.767857142857142
25.0,22.767857142857142
25.0,22.767857142857142
25.0,22.767857142857142
25.0,22.767857142857142
25.0,0.0
25.0,0.0
25.0,0.0
25.0,0.0
25.0,0.0
25.0,0.0
25.0,0.0
25.0,0.0
25.0,0.0
0.0,0.0
0.0,0.0
0.0,0.0
0.0,0.0
0.0,0.0
0.0,0.0
0.0,0.0
0.0,0.0
0.0,22.767857142857142
0.0,22.767857142857142
0.0,22.767857142857142
0.0,22.767857142857142
0.0,22.767857142857142
0.0,22.767857142857142
0.0,22.767857142857142
25.0,22.767857142857142
25.0,22.767857142857142
25.0,22.767857142857142
25.0,22.767857142857142
25.0,22.767857142857142
25.0,22.767857142857142
25.0,22.767857142857142
25.0,0.0
25.0,0.0
25.0,0.0
25.0,0.0
25.0,0.0
25.0,0.0
25.0,0.0
0.0,0.0
0.0,0.0
0.0,0.0
0.0,0.0
0.0,0.0
0.0,0.0
0.0,0.0
0.0,0.0
0.0,0.0
0.0,22.767857142857142
0.0,22.767857142857142
0.0,22.767857142857142
0.0,22.767857142857142
25.0,22.767857142857142
25.0,22.767857142857142
25.0,22.767857142857142
25.0,22.767857142857142
25.0,22.767857142857142
25.0,22.767857142857142
25.0,22.767857142857142
25.0,22.767857142857142
25.0,22.767857142857142
25.0,22.767857142857142
25.0,0.0
25.0,0.0
25.0,0.0
25.0,0.0
0.0,0.0
0.0,0.0
0.0,0.0
0.0,0.0
0.0,0.0
0.0,0.0
0.0,0.0
0.0,0.0
0.0,0.0
0.0,0.0
0.0,0.0
0.0,0.0
0.0,0.0
0.0,22.767857142857142
0.0,22.767857142857142
0.0,22.767857142857142
22.857142857142858,22.767857142857142
22.857142857142858,22.767857142857142
22.857142857142858,22.767857142857142
22.857142857142858,22.767857142857142
22.857142857142858,22.767857142857142
22.857142857142858,22.767857142857142
22.857142857142858,22.767857142857142
22.857142857142858,22.767857142857142
22.857142857142858,22.767857142857142
22.857142857142858,22.767857142857142
22.857142857142858,22.767857142857142
22.857142857142858,0.0
22.857142857142858,0.0
