transact_c,transact_d
0.0,0.0
0.0,0.0
0.0,0.0
50.0,0.0
50.0,0.0
50.0,0.0
50.0,0.0
50.0,0.0
50.0,0.0
50.0,0.0
50.0,0.0
50.0,0.0
50.0,0.0
50.0,0.0
50.0,0.0
50.0,0.0
50.0,0.0
0.0,0.0
0.0,0.0
0.0,0.0
0.0,0.0
0.0,0.0
0.0,0.0
0.0,0.0
0.0,0.0
0.0,0.0
0.0,0.0
0.0,0.0
0.0,0.0
0.0,0.0
0.0,0.0
0.0,0.0
0.0,0.0
50.0,0.0
50.0,0.0
50.0,0.0
50.0,0.0
50.0,0.0
50.0,0.0
50.0,40.114285714285714
50.0,40.114285714285714
50.0,40.114285714285714
50.0,40.114285714285714
50.0,40.114285714285714
50.0,40.114285714285714
50.0,40.114285714285714
50.0,40.114285714285714
0.0,40.114285714285714
0.0,40.114285714285714
0.0,40.114285714285714
0.0,40.114285714285714
0.0,40.114285714285714
0.0,40.114285714285714
0.0,0.0
0.0,0.0
0.0,0.0
0.0,0.0
0.0,0.0
0.0,0.0
0.08,0.0
50.08,0.0
50.08,0.0
50.08,0.0
50.08,0.0
50.08,0.0
50.08,0.0
50.08,0.0
50.08,0.0
50.08,0.0
50.08,0.0
50.08,0.0
50.08,0.0
50.08,0.0
50.0,0.0
0.0,0.0
0.0,0.0
0.0,0.0
0.0,0.0
0.0,0.0
0.0,0.0
0.0,0.0
0.0,0.0
0.0,0.0
0.0,0.0
0.0,0.0
0.0,0.0
0.0,0.0
0.0,0.0
0.0,0.0
0.0,0.0
0.0,0.0
0.0,0.0
50.0,0.0
50.0,0.0
50.0,0.0
50.0,0.0
50.0,0.0
50.0,0.0
50.0,0.0
50.0,0.0
50.0,0.0
50.0,0.0
50.0,0.0
50.0,0.0
50.0,0.0
50.0,0.0
0.0,0.0
0.0,0.0
0.0,0.0
0.0,0.0
0.0,0.0
0.0,0.0
0.0,0.0
0.0,0.0
0.0,0.0
0.0,1.7857142857142858
0.0,1.7857142857142858
0.0,1.7857142857142858
0.0,1.7857142857142858
0.0,1.7857142857142858
0.0,1.7857142857142858
0.0,1.7857142857142858
0.0,1.7857142857142858
0.0,1.7857142857142858
0.0,1.7857142857142858
0.0,1.7857142857142858
0.0,1.7857142857142858
0.0,1.7857142857142858
0.0,1.7857142857142858
0.0,0.0
0.0,0.0
50.0,0.0
50.0,0.0
50.0,0.0
50.0,41.357142857142854
50.0,41.357142857142854
50.0,41.357142857142854
50.0,41.357142857142854
50.0,41.357142857142854
50.0,41.357142857142854
50.0,41.357142857142854
50.0,41.357142857142854
50.0,41.357142857142854
50.0,41.357142857142854
50.0,41.357142857142854
0.0,41.357142857142854
0.0,41.357142857142854
0.0,41.357142857142854
0.0,0.0
0.0,0.0
0.0,0.0
0.08214285714285714,0.0
0.08214285714285714,0.0
42.93928571428571,0.0
42.93928571428571,0.0
42.93928571428571,0.0
42.93928571428571,0.0
42.93928571428571,0.0
42.93928571428571,0.0
42.93928571428571,0.0
42.93928571428571,0.0
42.93928571428571,0.0
42.93928571428571,0.0
42.93928571428571,0.0
42.93928571428571,0.0
42.857142857142854,0.0
42.857142857142854,0.0
0.0,0.0
