transact_c,transact_d
97.62,0.0
97.62,0.0
97.62,0.0
97.62,0.0
97.62,0.0
97.62,0.0
97.62,0.0
73.215,0.0
48.81,0.0
48.81,0.0
24.405,0.0
0.0,0.0
0.0,0.0
10.833571428571428,0.0
10.833571428571428,0.0
10.833571428571428,0.0
10.833571428571428,0.0
10.833571428571428,0.0
10.833571428571428,0.0
10.833571428571428,0.0
35.23857142857143,0.0
35.23857142857143,0.0
35.23857142857143,0.0
35.23857142857143,0.0
35.23857142857143,0.0
35.23857142857143,0.0
35.23857142857143,0.0
24.405,0.0
24.405,0.0
24.405,0.0
24.405,0.0
24.405,0.0
24.405,0.0
24.405,0.0
0.0,0.0
0.0,0.0
0.0,0.0
0.0,0.0
0.0,0.0
0.0,0.0
0.0,0.0
0.0,0.0
0.0,0.0
0.0,0.0
0.0,0.0
0.0,0.0
0.0,0.0
0.0,0.0
0.0,0.0
0.0,0.0
0.0,0.0
0.0,0.0
0.0,0.0
0.0,0.0
0.0,0.0
0.0,0.0
0.0,0.0
0.0,0.0
0.0,0.0
0.0,0.0
0.0,0.0
0.0,0.0
0.0,0.0
0.0,0.0
0.0,0.0
0.0,0.0
0.0,0.0
0.0,0.0
0.0,0.0
0.0,0.0
0.0,0.0
0.0,0.0
0.0,0.0
0.0,0.0
0.0,0.0
0.0,0.0
24.405,0.0
24.405,0.0
24.405,0.0
24.405,0.0
24.405,0.0
24.405,0.0
24.405,0.0
24.405,0.0
24.405,0.0
24.405,0.0
24.405,0.0
24.405,0.0
24.405,0.0
24.405,0.0
0.0,0.0
0.0,0.0
0.0,0.0
0.0,0.0
0.0,0.0
0.0,0.0
0.0,0.0
0.0,0.0
0.0,0.0
0.0,0.0
0.0,0.0
0.0,0.0
0.0,0.0
0.0,0.0
0.0,0.0
0.0,0.0
0.0,0.0
0.0,0.7142857142857143
0.0,0.7142857142857143
0.0,0.7142857142857143
0.0,0.7142857142857143
0.0,0.7142857142857143
0.0,0.7142857142857143
0.0,0.7142857142857143
0.0,0.7142857142857143
0.0,0.7142857142857143
0.0,0.7142857142857143
0.0,0.7142857142857143
0.0,0.7142857142857143
0.0,0.7142857142857143
0.0,0.7142857142857143
0.0,0.0
0.0,29.428571428571427
0.0,29.428571428571427
0.0,29.428571428571427
0.0,29.428571428571427
0.0,29.428571428571427
0.0,29.428571428571427
0.0,29.428571428571427
0.0,29.428571428571427
0.0,29.428571428571427
0.0,29.428571428571427
0.0,29.428571428571427
0.0,29.428571428571427
0.0,29.428571428571427
0.0,29.428571428571427
0.0,0.0
53.833571428571425,0.0
78.23857142857142,0.0
78.23857142857142,0.0
78.23857142857142,0.0
78.23857142857142,0.0
78.23857142857142,0.7142857142857143
78.23857142857142,0.7142857142857143
78.23857142857142,0.7142857142857143
78.23857142857142,0.7142857142857143
78.23857142857142,0.7142857142857143
78.23857142857142,0.7142857142857143
78.23857142857142,0.7142857142857143
78.23857142857142,0.7142857142857143
78.23857142857142,0.7142857142857143
24.405,0.7142857142857143
0.0,0.7142857142857143
0.0,0.7142857142857143
0.0,0.7142857142857143
0.0,0.7142857142857143
0.0,0.0
0.0,0.0
0.0,0.0
0.0,0.0
0.0,0.0
0.0,0.0
0.0,0.0
0.0,0.0
0.0,0.0
0.0,0.0
0.0,0.0
0.0,0.0
