transact_c,transact_d
0.0,0.0
0.0,0.0
0.0,0.0
0.0,0.0
0.0,36.30714285714286
0.0,36.30714285714286
0.0,36.30714285714286
0.0,36.30714285714286
0.0,36.30714285714286
0.0,36.30714285714286
0.0,36.30714285714286
0.0,36.30714285714286
0.0,36.30714285714286
0.0,36.30714285714286
0.0,36.30714285714286
0.0,36.30714285714286
0.0,36.30714285714286
0.0,36.30714285714286
0.0,0.0
0.0,0.7385714285714285
0.0,0.7385714285714285
0.0,0.7385714285714285
0.0,0.7385714285714285
0.0,0.7385714285714285
0.0,0.7385714285714285
0.0,0.7385714285714285
0.0,0.7385714285714285
0.0,0.7385714285714285
0.0,0.7385714285714285
0.0,0.7385714285714285
0.0,0.7385714285714285
0.0,0.7385714285714285
0.0,0.7385714285714285
0.0,0.0
0.0,0.0
0.0,0.0
0.0,0.0
0.0,0.0
0.0,0.0
0.0,0.0
24.551428571428573,0.0
24.551428571428573,0.0
24.551428571428573,0.0
24.551428571428573,0.0
24.551428571428573,0.0
24.551428571428573,0.0
24.551428571428573,0.0
24.551428571428573,0.0
24.551428571428573,0.0
24.551428571428573,0.0
24.551428571428573,0.0
24.551428571428573,0.0
24.551428571428573,0.0
24.551428571428573,0.0
0.0,0.0
0.0,0.0
0.0,0.0
0.0,0.0
0.0,0.0
0.0,0.0
0.0,0.0
0.0,0.0
0.0,0.0
14.551428571428572,0.0
14.551428571428572,2.9457142857142857
14.551428571428572,2.9457142857142857
14.551428571428572,2.9457142857142857
14.551428571428572,3.5157142857142856
14.551428571428572,3.5157142857142856
14.551428571428572,3.5157142857142856
14.551428571428572,3.5157142857142856
14.551428571428572,3.5157142857142856
14.551428571428572,3.5157142857142856
14.551428571428572,3.5157142857142856
14.551428571428572,3.5157142857142856
14.551428571428572,3.5157142857142856
14.551428571428572,3.5157142857142856
0.0,3.5157142857142856
0.0,0.5700000000000001
0.0,0.5700000000000001
0.0,0.5700000000000001
0.0,0.0
0.0,0.0
0.0,0.0
0.0,0.0
0.0,0.0
0.0,0.0
0.0,0.0
0.0,0.0
0.0,2.0
0.0,2.0
0.0,2.0
0.0,2.0
0.0,2.0
0.0,2.0
0.0,2.0
0.0,2.0
0.0,2.0
0.0,2.0
0.0,2.0
0.0,2.0
0.0,2.0
0.0,2.0
0.0,0.0
0.0,0.0
0.0,0.0
0.0,0.0
0.0,0.0
0.0,0.0
0.0,0.0
0.0,0.0
0.0,0.0
0.0,0.0
0.0,0.0
0.0,0.0
0.0,0.0
0.0,0.0
0.0,0.0
0.0,0.0
0.0,0.0
0.0,0.0
0.0,0.0
0.0,0.0
2.0,0.0
2.0,0.0
2.0,0.0
2.0,0.0
2.0,0.0
2.0,0.0
2.0,0.0
2.0,0.0
2.0,0.0
2.0,0.0
2.0,0.0
2.0,0.0
2.0,0.0
2.0,0.0
0.0,0.0
0.0,0.0
0.0,0.0
0.0,0.0
0.0,0.0
0.0,0.0
0.0,0.0
0.0,0.0
0.0,0.0
0.0,0.0
0.0,0.0
0.0,0.0
0.0,0.0
0.0,0.0
0.0,0.0
0.0,0.0
0.0,0.0
0.0,0.0
0.0,0.0
0.0,0.0
0.0,0.0
0.0,0.0
0.0,0.0
0.0,0.0
0.0,0.0
0.0,0.0
0.0,0.0
0.0,0.0
0.0,0.0
0.0,0.0
0.0,0.0
