transact_c,transact_d
0.0,7.425
0.0,7.425
0.0,7.425
0.0,7.425
0.0,7.425
0.0,7.425
0.0,7.425
0.0,0.0
0.0,0.0
0.0,0.0
0.0,0.0
0.0,0.0
0.0,0.0
0.0,0.0
0.0,0.0
0.0,0.0
0.0,0.0
0.0,0.0
0.0,0.0
0.0,0.0
0.0,0.0
0.0,0.0
0.0,0.0
0.0,0.0
0.0,0.0
0.0,9.131428571428572
0.0,9.131428571428572
0.0,17.945
142.85714285714286,17.945
142.85714285714286,25.152142857142856
142.85714285714286,25.152142857142856
142.85714285714286,25.152142857142856
142.85714285714286,25.152142857142856
142.85714285714286,25.152142857142856
142.85714285714286,25.152142857142856
142.85714285714286,25.152142857142856
142.85714285714286,25.152142857142856
142.85714285714286,25.152142857142856
142.85714285714286,25.152142857142856
142.85714285714286,16.020714285714288
142.85714285714286,16.020714285714288
142.85714285714286,7.207142857142857
0.0,7.207142857142857
0.0,0.0
0.0,0.0
0.0,0.0
0.0,0.0
0.0,0.0
0.0,0.0
0.0,0.0
0.0,0.0
0.0,0.0
0.0,0.0
0.0,0.0
0.0,0.0
0.0,9.802142857142856
0.0,9.802142857142856
0.0,19.09
0.0,19.09
0.0,19.09
0.0,19.09
0.0,19.09
0.0,19.09
0.0,19.09
0.0,19.09
0.0,19.09
0.0,19.09
0.0,19.09
0.0,19.09
0.0,9.287857142857144
0.0,9.287857142857144
0.0,0.0
0.0,0.0
0.0,0.0
0.0,0.0
0.0,0.0
0.0,0.0
0.0,0.0
0.0,0.0
0.0,0.0
0.0,0.0
0.0,0.0
0.0,0.0
0.0,0.0
0.0,9.438571428571427
0.0,9.438571428571427
0.0,9.438571428571427
0.0,18.138571428571428
0.0,18.138571428571428
0.0,18.138571428571428
0.0,18.138571428571428
0.0,18.138571428571428
0.0,18.138571428571428
0.0,18.138571428571428
0.0,18.138571428571428
0.0,18.138571428571428
0.0,18.138571428571428
0.0,18.138571428571428
0.0,8.7
0.0,8.7
0.0,8.7
0.0,0.0
0.0,0.0
0.0,0.0
0.0,0.0
0.0,0.0
0.0,0.0
0.0,0.0
0.0,0.0
0.0,0.0
0.0,0.0
0.0,0.0
0.0,0.0
0.0,0.0
0.0,11.846428571428572
0.0,11.846428571428572
0.0,21.267857142857142
0.0,21.267857142857142
0.0,27.63
0.0,27.63
0.0,27.63
0.0,27.63
0.0,27.63
0.0,27.63
0.0,27.63
0.0,27.63
0.0,27.63
0.0,27.63
0.0,15.78357142857143
0.0,15.78357142857143
0.0,6.362142857142857
0.0,6.362142857142857
0.0,0.0
0.0,0.0
0.0,0.0
0.0,0.0
0.0,0.0
0.0,0.0
0.0,0.0
0.0,0.0
0.0,0.0
0.0,0.0
0.0,0.0
0.0,0.0
0.0,29.287142857142857
0.0,40.03285714285715
0.0,40.03285714285715
0.0,40.03285714285715
0.0,40.03285714285715
0.0,40.03285714285715
0.0,40.03285714285715
0.0,40.03285714285715
0.0,40.03285714285715
0.0,40.03285714285715
0.0,40.03285714285715
0.0,40.03285714285715
0.0,40.03285714285715
0.0,40.03285714285715
0.0,10.745714285714286
0.0,0.0
0.0,0.0
0.0,0.0
0.0,0.0
0.0,0.0
0.0,0.0
0.0,0.0
0.0,0.0
0.0,0.0
