transact_c,transact_d
39.285714285714285,0.0
28.571428571428573,0.0
14.285714285714286,0.0
0.0,0.0
0.0,0.0
0.0,0.0
0.0,0.0
0.0,0.0
0.0,0.0
0.0,0.0
0.0,0.0
0.0,0.0
0.0,0.0
0.0,0.0
0.0,0.0
0.0,0.0
0.0,0.0
0.0,0.0
0.0,0.0
0.0,0.0
0.0,0.0
0.0,0.0
0.0,0.0
0.0,0.0
0.0,0.0
0.0,0.0
21.428571428571427,0.0
21.428571428571427,0.0
42.857142857142854,0.0
64.28571428571429,0.0
64.28571428571429,0.0
64.28571428571429,0.0
64.28571428571429,0.0
64.28571428571429,0.0
64.28571428571429,0.0
64.28571428571429,0.0
64.28571428571429,0.0
64.28571428571429,0.0
64.28571428571429,0.0
64.28571428571429,0.0
42.857142857142854,0.0
42.857142857142854,0.0
21.428571428571427,0.0
0.0,0.0
0.0,0.0
0.0,0.0
0.0,0.0
0.0,0.0
0.0,0.0
0.0,0.0
21.428571428571427,0.0
21.428571428571427,0.0
42.857142857142854,0.0
64.28571428571429,0.0
64.28571428571429,0.0
85.71428571428571,0.0
85.71428571428571,0.0
85.71428571428571,22.5
85.71428571428571,22.5
85.71428571428571,22.5
85.71428571428571,22.5
85.71428571428571,22.5
85.71428571428571,22.5
85.71428571428571,22.5
64.28571428571429,22.5
64.28571428571429,22.5
42.857142857142854,22.5
21.428571428571427,22.5
21.428571428571427,22.5
0.0,22.5
0.0,22.5
0.0,0.0
0.0,0.0
0.0,0.0
0.0,0.0
0.0,0.0
0.0,0.0
0.0,0.0
0.0,0.0
0.0,0.0
14.285714285714286,0.0
14.285714285714286,0.0
35.714285714285715,0.0
35.714285714285715,0.0
35.714285714285715,0.0
35.714285714285715,0.0
35.714285714285715,0.0
35.714285714285715,0.0
35.714285714285715,0.0
35.714285714285715,0.0
35.714285714285715,0.0
35.714285714285715,5.0
35.714285714285715,5.0
35.714285714285715,5.0
21.428571428571427,5.0
21.428571428571427,5.0
0.0,5.0
0.0,27.5
0.0,27.5
0.0,27.5
0.0,27.5
0.0,27.5
0.0,27.5
0.0,27.5
0.0,27.5
0.0,22.5
0.0,22.5
0.0,22.5
0.0,22.5
0.0,22.5
0.0,22.5
0.0,0.0
0.0,0.0
0.0,0.0
0.0,0.0
0.0,34.15
0.0,34.15
0.0,34.15
0.0,34.15
0.0,34.15
0.0,34.15
0.0,34.15
0.0,34.15
0.0,34.15
0.0,34.15
0.0,34.15
0.0,34.15
0.0,34.15
0.0,34.15
0.0,0.0
0.0,0.0
0.0,0.0
0.0,0.0
0.0,0.0
0.0,0.0
0.0,0.0
0.0,0.0
0.0,0.0
0.0,0.0
0.0,0.0
0.0,0.0
0.0,0.0
0.0,0.0
0.0,0.0
0.0,0.0
0.0,0.0
0.0,0.0
0.0,0.0
0.0,0.0
0.0,0.0
0.0,0.0
0.0,0.0
0.0,0.0
0.0,0.0
0.0,0.0
0.0,0.0
0.0,0.0
0.0,0.0
0.0,0.0
0.0,0.0
0.0,0.0
0.0,0.0
0.0,0.0
0.0,0.0
0.0,0.0
0.0,0.0
0.0,0.0
0.0,0.0
