transact_c,transact_d
21.06,0.0
10.53,0.0
10.53,0.0
10.53,0.0
10.53,0.0
10.53,0.0
0.0,0.0
0.0,17.714285714285715
0.0,28.244285714285713
0.0,28.244285714285713
0.0,28.244285714285713
0.0,28.244285714285713
0.0,28.244285714285713
0.0,28.244285714285713
0.0,28.244285714285713
28.244285714285713,28.244285714285713
28.244285714285713,28.244285714285713
28.244285714285713,28.244285714285713
28.244285714285713,28.244285714285713
28.244285714285713,28.244285714285713
28.244285714285713,28.244285714285713
38.77428571428571,10.53
38.77428571428571,0.0
38.77428571428571,0.0
38.77428571428571,0.0
38.77428571428571,0.0
38.77428571428571,0.0
38.77428571428571,0.0
38.77428571428571,0.0
10.53,0.0
10.53,0.0
10.53,0.0
10.53,0.0
10.53,0.0
10.53,0.0
0.0,0.0
0.0,0.0
0.0,0.0
0.0,0.0
0.0,10.53
0.0,10.53
0.0,10.53
0.0,10.53
0.0,10.53
0.0,10.53
0.0,10.53
0.0,10.53
0.0,10.53
10.53,10.53
10.53,10.53
10.53,10.53
10.53,10.53
26.06,10.53
37.12285714285714,0.0
37.12285714285714,0.0
37.12285714285714,0.0
37.12285714285714,0.0
37.12285714285714,0.0
37.12285714285714,0.0
37.12285714285714,0.0
37.12285714285714,0.0
37.12285714285714,0.0
26.592857142857138,0.0
26.592857142857138,0.0
26.592857142857138,0.0
26.592857142857138,0.0
11.062857142857142,0.0
0.0,10.53
0.0,10.53
0.0,10.53
0.0,10.53
0.0,10.53
0.0,10.53
0.0,10.53
0.0,10.53
0.0,10.53
0.0,10.53
0.0,10.53
0.0,10.53
0.0,10.53
0.0,10.53
0.0,0.0
0.0,0.0
0.0,0.0
0.0,0.0
0.0,0.0
0.0,0.0
0.0,0.0
0.0,0.0
0.0,0.0
0.0,0.0
0.0,0.0
0.0,0.0
0.0,0.0
0.0,0.0
0.0,0.0
0.0,0.0
0.0,0.0
0.0,10.53
0.0,10.53
0.0,10.53
0.0,10.53
0.0,10.53
0.0,10.53
0.0,10.53
0.0,10.53
10.53,10.53
10.53,10.53
10.53,10.53
10.53,10.53
10.53,10.53
10.53,10.53
10.53,0.0
10.53,0.0
10.53,0.0
10.53,0.0
10.53,0.0
10.53,0.0
10.53,0.0
10.53,0.0
0.0,0.0
0.0,0.0
0.0,0.0
0.0,0.0
0.0,0.0
0.0,0.0
0.0,0.0
0.0,0.0
0.0,10.53
0.0,10.53
0.0,10.53
0.0,10.53
0.0,10.53
0.0,10.53
0.0,10.53
0.0,10.53
0.0,10.53
0.0,10.53
0.0,10.53
0.0,10.53
0.0,10.53
0.0,10.53
0.0,0.0
0.0,0.0
0.0,0.0
0.0,0.0
0.0,0.0
0.0,0.0
0.0,0.0
0.0,0.0
0.0,0.0
0.0,0.0
0.0,0.0
0.0,0.0
0.0,0.0
0.0,0.0
0.0,0.0
0.0,0.0
0.0,0.0
0.0,10.53
0.0,10.53
0.0,10.53
0.0,10.53
0.0,10.53
0.0,15.53
0.0,15.53
0.0,15.53
0.0,15.53
