transact_c,transact_d
14.467857142857143,0.0
14.467857142857143,0.0
14.467857142857143,0.0
14.467857142857143,0.0
14.467857142857143,0.0
14.467857142857143,20.467142857142857
14.467857142857143,20.467142857142857
0.0,20.467142857142857
0.0,20.467142857142857
0.0,20.467142857142857
0.0,20.467142857142857
0.0,20.467142857142857
0.0,20.467142857142857
0.0,20.467142857142857
0.0,20.467142857142857
0.0,20.467142857142857
0.0,20.467142857142857
0.0,20.467142857142857
0.0,20.467142857142857
0.0,0.0
0.0,0.0
0.0,0.0
0.0,0.0
0.0,0.0
0.0,0.0
0.0,0.0
0.0,0.0
0.0,0.0
0.0,0.0
0.0,0.0
0.0,0.0
0.0,0.0
0.0,0.0
35.714285714285715,0.0
35.714285714285715,0.0
35.714285714285715,0.0
35.714285714285715,0.0
35.714285714285715,0.0
35.714285714285715,0.0
35.714285714285715,0.0
35.714285714285715,0.0
35.714285714285715,0.0
35.714285714285715,0.0
35.714285714285715,0.0
35.714285714285715,0.0
35.714285714285715,0.0
35.714285714285715,0.0
0.0,0.0
0.0,0.0
0.0,0.0
0.0,0.0
0.0,0.0
0.0,0.0
0.0,0.0
0.0,0.0
0.0,0.0
0.0,0.0
0.0,0.0
0.0,0.0
0.0,0.0
0.0,1.7857142857142858
0.0,1.7857142857142858
0.0,1.7857142857142858
0.0,1.7857142857142858
5.0,6.785714285714286
5.0,6.785714285714286
5.0,6.785714285714286
5.0,6.785714285714286
5.0,6.785714285714286
5.0,6.785714285714286
5.0,6.785714285714286
5.0,6.785714285714286
5.0,6.785714285714286
5.0,6.785714285714286
5.0,5.0
5.0,5.0
5.0,5.0
5.0,5.0
0.0,0.0
0.0,0.0
0.0,0.0
0.0,0.0
0.0,0.0
0.0,0.0
0.0,0.0
0.0,0.0
0.0,0.0
0.0,0.0
0.0,0.0
0.0,0.0
0.0,0.0
0.0,0.0
0.0,0.0
0.0,0.0
0.0,0.0
0.0,0.0
0.0,0.0
0.0,0.0
0.0,0.0
0.0,0.0
0.0,0.0
0.0,0.0
0.0,0.0
0.0,0.0
0.0,0.0
0.0,0.0
0.0,0.0
0.0,0.0
0.0,0.0
0.0,0.0
0.0,0.0
0.0,0.0
0.0,0.0
0.0,0.0
0.0,0.0
0.0,0.0
0.0,0.0
0.0,0.0
0.0,0.0
0.0,0.7142857142857143
0.0,0.7142857142857143
0.0,0.7142857142857143
0.0,0.7142857142857143
35.714285714285715,0.7142857142857143
35.714285714285715,0.7142857142857143
35.714285714285715,15.0
35.714285714285715,15.0
35.714285714285715,15.0
35.714285714285715,15.0
35.714285714285715,15.0
35.714285714285715,15.0
35.714285714285715,15.0
35.714285714285715,15.0
35.714285714285715,14.285714285714286
35.714285714285715,14.285714285714286
35.714285714285715,14.285714285714286
35.714285714285715,14.285714285714286
0.0,14.285714285714286
0.0,14.285714285714286
0.0,0.0
0.0,0.0
0.0,0.0
0.0,0.0
0.0,0.0
0.0,0.0
0.0,0.0
0.0,0.0
0.0,0.0
0.0,0.0
0.0,0.0
0.0,0.0
0.0,0.0
0.0,0.0
0.0,0.0
0.0,0.0
0.0,0.0
0.0,0.0
0.0,0.0
0.0,0.0
0.0,0.0
0.0,0.0
0.0,0.0
0.0,0.0
0.0,0.0
0.0,0.0
0.0,0.0
0.0,0.0
0.0,0.0
