transact_c,transact_d
0.0,294.92857142857144
0.0,267.35714285714283
0.0,239.78571428571428
0.0,212.21428571428572
0.0,184.64285714285714
0.0,184.64285714285714
0.0,157.07142857142858
0.055,129.5
0.055,101.92857142857143
0.055,74.35714285714286
0.055,46.785714285714285
0.055,27.285714285714285
0.055,0.0
0.055,0.0
0.055,0.0
0.055,0.0
0.055,0.0
0.055,0.0
0.055,0.0
0.055,0.0
0.055,0.0
0.0,0.0
0.0,27.571428571428573
0.0,27.571428571428573
0.0,27.571428571428573
0.0,27.571428571428573
0.0,27.571428571428573
0.0,27.571428571428573
0.0,27.571428571428573
0.0,27.571428571428573
0.0,27.571428571428573
0.0,27.571428571428573
0.0,27.571428571428573
0.0,27.571428571428573
0.0,27.571428571428573
0.0,27.571428571428573
0.0,0.0
0.0,0.0
0.055,0.0
0.055,0.0
0.055,0.0
0.055,0.0
0.055,0.0
0.055,0.0
0.055,0.0
0.055,0.0
0.055,0.0
0.055,0.0
0.055,0.0
0.055,0.0
0.055,0.0
0.055,0.0
0.0,0.0
0.0,0.0
0.0,0.0
0.0,0.0
0.0,0.0
0.0,0.0
0.0,0.0
0.0,0.0
0.0,0.0
0.0,0.0
0.0,0.0
0.0,0.0
0.0,0.0
0.0,0.0
0.055,0.0
0.055,0.0
0.055,0.0
0.055,0.0
0.055,0.0
0.055,0.0
0.055,0.0
0.055,0.0
0.055,0.0
0.055,0.0
0.055,0.0
0.055,0.0
0.055,0.0
0.055,0.0
0.0,0.0
0.0,0.0
21.428571428571427,0.0
21.428571428571427,0.0
21.428571428571427,0.0
21.428571428571427,0.0
21.428571428571427,0.0
21.428571428571427,0.0
21.428571428571427,0.0
21.428571428571427,0.0
21.428571428571427,0.0
21.428571428571427,0.0
21.428571428571427,0.0
21.428571428571427,0.0
21.428571428571427,0.0
21.428571428571427,0.0
0.0,0.0
0.055,0.0
0.055,0.0
0.055,0.0
0.055,0.0
0.055,0.0
0.055,0.0
0.055,0.0
0.055,0.0
0.055,0.0
0.055,0.0
0.055,0.0
0.055,0.0
0.055,0.0
0.055,0.0
0.0,0.0
0.0,0.0
0.0,0.0
0.0,0.0
0.0,0.0
0.0,0.0
0.0,0.0
0.0,0.0
0.0,0.0
0.0,0.0
0.0,0.0
0.0,0.0
0.0,0.0
0.0,0.0
0.0,0.0
0.0,0.0
0.055,0.0
0.055,0.0
0.055,0.0
0.055,0.0
0.055,0.0
0.055,0.0
0.055,0.0
0.055,0.0
0.055,0.0
0.055,0.0
0.055,0.0
21.483571428571427,0.0
21.483571428571427,0.0
21.483571428571427,0.0
21.428571428571427,0.0
21.428571428571427,0.0
21.428571428571427,0.0
57.142857142857146,0.0
57.142857142857146,0.0
57.142857142857146,0.0
57.142857142857146,0.0
57.142857142857146,0.0
57.142857142857146,0.0
57.142857142857146,0.0
57.142857142857146,0.0
35.714285714285715,0.0
35.714285714285715,0.0
35.714285714285715,0.0
35.714285714285715,0.0
35.714285714285715,0.0
35.714285714285715,0.0
0.055,0.0
0.055,0.0
0.055,0.0
0.055,0.0
0.055,0.0
0.055,0.0
0.055,0.0
0.055,0.0
0.055,0.0
0.055,0.0
