transact_c,transact_d
0.0,0.0
0.0,0.0
0.0,0.0
0.0,0.0
0.0,0.0
0.0,0.0
0.0,0.0
0.0,0.0
0.0,0.0
0.0,0.0
0.0,0.0
0.0,0.0
0.0,0.0
0.0,0.0
0.0,0.0
0.0,0.0
0.0,0.0
0.0,0.0
0.0,0.0
0.0,0.0
0.0,0.0
0.0,0.0
0.0,0.0
0.0,0.0
0.0,0.0
0.0,0.0
0.0,0.0
0.0,0.0
0.0,0.0
0.0,0.0
50.0,0.0
50.0,0.0
50.0,0.0
50.0,0.0
50.0,0.0
50.0,0.0
50.0,0.0
50.0,0.0
50.0,0.0
50.0,0.0
50.0,0.0
50.0,0.0
50.0,0.0
50.0,0.0
0.0,0.0
0.0,0.0
0.0,0.0
0.0,0.0
0.0,0.0
0.0,0.0
0.0,0.0
0.0,0.0
0.0,0.0
0.0,0.0
0.0,0.0
0.0,0.0
0.0,0.0
0.0,0.0
0.0,0.0
0.0,0.0
75.0,0.0
75.0,0.0
75.0,0.0
75.0,0.0
75.0,0.0
75.0,0.0
75.0,0.0
75.0,0.0
75.0,0.0
75.0,0.0
75.0,0.0
75.0,0.0
75.0,0.0
75.0,0.0
0.0,0.0
0.0,0.0
0.0,0.0
0.0,0.0
0.0,73.44285714285715
0.0,73.44285714285715
0.0,73.44285714285715
0.0,73.44285714285715
0.0,73.44285714285715
0.0,73.44285714285715
0.0,109.15714285714286
0.0,109.15714285714286
0.0,109.15714285714286
0.0,232.0142857142857
0.0,232.0142857142857
0.0,232.0142857142857
0.0,232.0142857142857
0.0,232.0142857142857
0.0,158.57142857142858
0.0,158.57142857142858
0.0,158.57142857142858
0.0,158.57142857142858
0.0,158.57142857142858
0.0,158.57142857142858
0.0,122.85714285714286
0.0,122.85714285714286
0.0,122.85714285714286
0.0,0.0
0.0,0.0
0.0,0.0
0.0,0.0
0.0,0.0
0.0,0.0
0.0,23.885714285714283
0.0,23.885714285714283
0.0,23.885714285714283
0.0,46.31785714285714
0.0,46.31785714285714
0.0,46.31785714285714
0.0,46.31785714285714
0.0,46.31785714285714
0.0,46.31785714285714
0.0,46.31785714285714
0.0,46.31785714285714
0.0,46.31785714285714
45.0,46.31785714285714
45.0,46.31785714285714
45.0,22.432142857142857
45.0,22.432142857142857
45.0,22.432142857142857
45.0,0.0
45.0,0.0
45.0,0.0
45.0,0.0
45.0,0.0
45.0,0.0
45.0,0.0
45.0,0.0
45.0,0.0
0.0,0.0
0.0,0.0
0.0,0.0
0.0,0.0
0.0,0.0
0.0,0.0
0.0,0.0
0.0,0.0
0.0,0.0
0.0,0.0
0.0,0.0
0.0,0.0
0.0,0.0
0.0,0.0
0.0,0.0
0.0,0.0
0.0,42.48142857142857
0.0,42.48142857142857
17.857142857142858,42.48142857142857
17.857142857142858,42.48142857142857
17.857142857142858,42.48142857142857
17.857142857142858,42.48142857142857
17.857142857142858,42.48142857142857
17.857142857142858,42.48142857142857
17.857142857142858,42.48142857142857
17.857142857142858,42.48142857142857
17.857142857142858,42.48142857142857
17.857142857142858,42.48142857142857
17.857142857142858,42.48142857142857
17.857142857142858,42.48142857142857
17.857142857142858,0.0
17.857142857142858,0.0
0.0,0.0
0.0,0.0
0.0,0.0
