transact_c,transact_d
150.0,0.0
150.0,0.0
150.0,0.0
150.0,0.0
150.0,0.0
150.0,0.0
150.0,0.0
150.0,0.0
150.0,0.0
150.0,0.0
150.0,0.0
75.0,0.0
0.0,0.0
0.0,0.0
0.0,0.0
0.0,0.0
0.0,0.0
75.0,0.0
75.0,0.0
75.0,0.0
75.0,0.0
75.0,0.0
75.0,0.0
75.0,0.0
75.0,0.0
75.0,0.0
75.0,0.0
75.0,0.0
75.0,0.0
75.0,0.0
75.0,0.0
0.0,0.0
0.0,0.0
0.0,0.0
0.0,0.0
0.0,0.0
0.0,0.0
0.0,0.0
0.0,0.0
0.0,0.0
0.0,0.0
0.0,0.0
0.0,0.0
0.0,0.0
0.0,0.0
75.0,0.0
75.0,0.0
75.0,0.0
75.0,0.0
75.0,0.0
75.0,0.0
75.0,0.0
75.0,0.0
75.0,0.0
75.0,0.0
75.0,0.0
75.0,0.0
75.0,0.0
75.0,0.0
0.0,0.0
0.0,0.0
0.0,0.0
0.0,0.0
0.0,0.0
0.0,0.0
0.0,0.0
0.0,0.0
0.0,0.0
0.0,0.0
0.0,0.0
0.0,0.0
0.0,5.0
75.0,5.0
75.0,5.0
75.0,5.0
75.0,5.0
75.0,5.0
75.0,5.0
75.0,8.571428571428571
75.0,8.571428571428571
75.0,8.571428571428571
75.0,8.571428571428571
75.0,8.571428571428571
75.0,8.571428571428571
75.0,8.571428571428571
75.0,3.5714285714285716
0.0,3.5714285714285716
0.0,3.5714285714285716
0.0,3.5714285714285716
0.0,3.5714285714285716
0.0,3.5714285714285716
0.0,3.5714285714285716
0.0,0.0
0.0,0.0
0.0,0.0
0.0,0.0
0.0,0.0
0.0,0.0
0.0,0.0
0.0,0.0
0.0,0.0
0.0,0.0
0.0,0.0
0.0,0.0
0.0,0.0
0.0,0.0
78.57142857142857,0.0
78.57142857142857,0.0
78.57142857142857,0.0
78.57142857142857,0.0
78.57142857142857,0.0
78.57142857142857,0.0
78.57142857142857,0.0
78.57142857142857,0.0
78.57142857142857,0.0
78.57142857142857,0.0
78.57142857142857,0.0
78.57142857142857,0.0
78.57142857142857,0.0
78.57142857142857,0.0
0.0,0.0
0.0,0.0
0.0,0.0
0.0,0.0
0.0,0.0
0.0,0.0
0.0,0.0
0.0,0.0
0.0,0.0
78.57142857142857,0.0
78.57142857142857,0.0
78.57142857142857,0.0
78.57142857142857,0.0
78.57142857142857,0.0
78.57142857142857,0.0
78.57142857142857,0.0
78.57142857142857,0.0
78.57142857142857,0.0
78.57142857142857,0.0
78.57142857142857,0.0
78.57142857142857,0.0
78.57142857142857,0.0
78.57142857142857,0.0
0.0,0.0
0.0,0.0
0.0,0.0
0.0,0.0
0.0,0.0
0.0,0.0
0.0,0.0
0.0,0.0
0.0,0.0
0.0,0.0
0.0,0.0
0.0,0.0
0.0,0.0
0.0,0.0
0.0,0.0
0.0,0.0
0.0,0.0
0.0,0.0
0.0,0.0
0.0,0.0
0.0,0.0
75.0,0.0
75.0,0.0
75.0,0.0
75.0,0.0
