transact_c,transact_d
0.0,0.0
0.0,0.0
0.0,0.0
0.0,0.0
0.0,0.0
0.0,0.0
0.0,0.0
0.0,0.0
0.0,23.345
0.0,23.345
0.0,23.345
0.0,23.345
0.0,23.345
0.0,23.345
0.0,23.345
0.0,23.345
0.0,23.345
0.0,23.345
0.0,23.345
0.0,23.345
0.0,23.345
0.0,23.345
0.0,0.0
0.0,0.0
0.0,0.0
0.0,0.0
0.0,0.0
0.0,0.0
0.0,0.0
0.0,0.0
0.0,0.0
0.0,0.0
0.0,0.0
0.0,0.0
0.0,0.0
0.0,0.0
0.0,0.0
0.0,0.0
0.0,0.0
0.0,23.345
0.0,23.345
0.0,23.345
0.0,23.345
0.0,23.345
0.0,23.345
0.0,23.345
0.0,23.345
0.0,23.345
0.0,23.345
0.0,23.345
0.0,23.345
0.0,23.345
0.0,23.345
0.0,0.0
0.0,0.0
0.0,0.0
0.0,0.0
0.0,0.0
0.0,0.0
0.0,0.0
0.0,0.0
0.0,0.0
0.0,0.0
0.0,0.0
0.0,0.0
0.0,0.0
0.0,0.0
0.0,23.345
0.0,23.345
0.0,23.345
0.0,23.345
0.0,23.345
0.0,23.345
0.0,23.345
0.0,23.345
0.0,23.345
0.0,23.345
0.0,23.345
0.0,23.345
0.0,23.345
0.0,23.345
0.0,0.0
0.0,0.0
0.0,0.0
0.0,0.0
0.0,0.0
0.0,0.0
0.0,0.0
0.0,0.0
0.0,0.0
0.0,0.0
0.0,0.0
0.0,0.0
0.0,0.0
0.0,0.0
0.0,0.0
0.0,0.0
0.0,0.0
0.0,23.345
0.0,23.345
0.0,23.345
0.0,23.345
0.0,23.345
0.0,23.345
0.0,23.345
0.0,23.345
0.0,23.345
0.0,34.91642857142857
0.0,56.77357142857142
0.0,56.77357142857142
0.0,74.56785714285714
0.0,98.78214285714284
0.0,99.65142857142857
0.0,99.65142857142857
0.0,125.7942857142857
0.0,125.7942857142857
0.0,151.93714285714285
0.0,151.93714285714285
0.0,151.93714285714285
0.0,151.93714285714285
0.0,151.93714285714285
0.0,140.3657142857143
0.0,118.50857142857141
0.0,118.50857142857141
0.0,100.71428571428571
0.0,76.5
0.0,52.285714285714285
0.0,52.285714285714285
0.0,49.48785714285714
0.0,49.48785714285714
0.0,23.345
0.0,23.345
0.0,23.345
0.0,23.345
0.0,23.345
0.0,23.345
0.0,23.345
0.0,23.345
0.0,23.345
0.0,23.345
0.0,47.55928571428571
0.0,47.55928571428571
0.0,24.214285714285715
0.0,24.214285714285715
0.0,48.42857142857143
0.0,48.42857142857143
0.0,48.42857142857143
0.0,48.42857142857143
0.0,74.57142857142857
0.0,100.71428571428571
0.0,100.71428571428571
0.0,100.71428571428571
0.0,100.71428571428571
0.0,100.71428571428571
0.0,76.5
0.0,76.5
0.0,76.5
0.0,76.5
0.0,52.285714285714285
0.0,75.63071428571428
0.0,75.63071428571428
0.0,75.63071428571428
0.0,49.48785714285714
0.0,23.345
0.0,23.345
0.0,23.345
0.0,23.345
0.0,23.345
