transact_c,transact_d
0.0,0.0
0.0,0.0
0.0,0.0
0.0,0.0
0.0,0.0
0.0,0.0
0.0,0.0
0.0,0.0
0.0,0.0
0.0,0.0
0.0,0.0
0.0,0.0
0.0,0.0
0.0,0.0
0.0,0.0
0.0,0.0
0.0,0.0
0.0,0.0
0.0,0.0
0.0,0.0
0.0,0.0
0.0,0.0
24.285714285714285,0.0
24.285714285714285,0.0
24.285714285714285,0.0
24.285714285714285,0.0
24.285714285714285,0.0
24.285714285714285,0.0
24.285714285714285,0.0
24.285714285714285,0.0
24.285714285714285,0.0
24.285714285714285,0.0
24.285714285714285,0.0
24.285714285714285,0.0
24.285714285714285,0.0
24.285714285714285,0.0
0.0,0.0
0.0,0.0
0.0,0.0
0.0,0.0
0.0,0.0
0.0,0.0
0.0,0.0
21.857142857142858,0.0
21.857142857142858,0.0
21.857142857142858,0.0
21.857142857142858,0.0
21.857142857142858,0.0
21.857142857142858,0.0
44.857142857142854,0.0
44.857142857142854,0.0
44.857142857142854,0.0
44.857142857142854,0.0
44.857142857142854,0.0
44.857142857142854,0.0
44.857142857142854,0.0
44.857142857142854,0.0
23.0,0.0
23.0,0.0
23.0,35.714285714285715
23.0,37.5
23.0,37.5
23.0,37.5
0.0,37.5
0.0,37.5
0.0,37.5
0.0,37.5
0.0,37.5
0.0,37.5
0.0,37.5
0.0,37.5
0.0,37.5
0.0,37.5
0.0,1.7857142857142858
0.0,0.0
0.0,0.0
0.0,0.0
0.0,0.0
22.857142857142858,0.0
22.857142857142858,0.0
22.857142857142858,0.0
22.857142857142858,0.0
22.857142857142858,0.0
22.857142857142858,0.0
22.857142857142858,0.0
22.857142857142858,0.0
22.857142857142858,0.0
22.857142857142858,0.0
22.857142857142858,0.0
22.857142857142858,35.714285714285715
22.857142857142858,37.5
22.857142857142858,37.5
0.0,37.5
0.0,37.5
0.0,37.5
0.0,37.5
0.0,37.5
0.0,37.5
0.0,37.5
0.0,37.5
0.0,37.5
0.0,37.5
0.0,37.5
0.0,1.7857142857142858
0.0,0.0
0.0,0.0
0.0,0.0
0.0,0.0
0.0,0.0
0.0,0.0
0.0,0.0
0.0,0.0
0.0,0.0
23.571428571428573,0.0
23.571428571428573,0.0
23.571428571428573,0.0
23.571428571428573,0.0
23.571428571428573,0.0
23.571428571428573,0.0
23.571428571428573,0.0
23.571428571428573,0.0
23.571428571428573,0.0
23.571428571428573,0.0
23.571428571428573,0.0
23.571428571428573,0.0
23.571428571428573,0.0
23.571428571428573,0.0
0.0,0.0
0.0,0.0
0.0,0.0
0.0,0.0
0.0,0.0
0.0,0.0
0.0,0.0
0.0,0.0
0.0,0.0
0.0,0.0
0.0,0.0
0.0,0.0
0.0,0.0
0.0,0.0
0.0,0.0
0.0,0.0
0.0,0.0
0.0,0.0
0.0,0.0
0.0,0.0
0.0,0.0
0.0,0.0
0.0,0.0
0.0,0.0
0.0,0.0
0.0,0.0
0.0,0.0
0.0,0.0
0.0,0.0
0.0,0.0
0.0,0.0
0.0,0.0
0.0,14.285714285714286
0.0,14.285714285714286
0.0,14.285714285714286
0.0,14.285714285714286
0.0,14.285714285714286
0.0,14.285714285714286
0.0,14.285714285714286
0.0,14.285714285714286
0.0,14.285714285714286
