transact_c,transact_d
7.46,0.0
7.46,0.0
7.46,0.0
0.0,0.0
0.0,0.0
0.0,0.0
0.0,0.0
0.0,0.0
0.0,7.46
0.0,7.46
0.0,7.46
0.0,7.46
0.0,7.46
0.0,7.46
0.0,7.46
7.46,7.46
7.46,7.46
7.46,7.46
7.46,7.46
7.46,7.46
7.46,7.46
7.46,7.46
7.46,0.0
7.46,0.0
7.46,0.0
7.46,0.0
7.46,0.0
7.46,0.0
7.46,0.0
0.0,0.0
0.0,0.0
0.0,0.0
0.0,0.0
0.0,0.0
0.0,0.0
0.0,0.0
0.0,0.0
0.0,0.0
0.0,0.0
0.0,7.46
0.0,7.46
0.0,7.46
0.0,7.46
0.0,7.46
0.0,7.46
0.0,7.46
0.0,7.46
0.0,7.46
0.0,7.46
0.0,7.46
0.0,7.46
0.0,7.46
0.0,7.46
0.0,0.0
0.0,0.0
0.0,0.0
0.0,0.0
0.0,0.0
0.0,0.0
0.0,0.0
0.0,0.0
0.0,0.0
0.0,0.0
0.0,0.0
0.0,0.0
0.0,0.0
0.0,0.0
0.0,7.46
0.0,7.46
0.0,7.46
0.0,7.46
0.0,7.46
0.0,7.46
0.0,7.46
7.46,7.46
7.46,7.46
7.46,7.46
7.46,7.46
7.46,7.46
7.46,7.46
7.46,7.46
7.46,0.0
7.46,0.0
7.46,0.0
7.46,0.0
7.46,0.0
7.46,0.0
7.46,0.0
0.0,0.0
0.0,0.0
0.0,0.0
0.0,0.0
0.0,0.0
0.0,0.0
0.0,1.7857142857142858
0.0,1.7857142857142858
0.0,1.7857142857142858
0.0,1.7857142857142858
0.0,9.245714285714286
0.0,9.245714285714286
0.0,9.245714285714286
0.0,9.245714285714286
0.0,9.245714285714286
0.0,9.245714285714286
0.0,9.245714285714286
0.0,9.245714285714286
7.46,9.245714285714286
7.46,9.245714285714286
7.46,7.46
7.46,7.46
7.46,7.46
7.46,7.46
7.46,0.0
7.46,0.0
7.46,0.0
7.46,0.0
7.46,0.0
7.46,0.0
7.46,0.0
9.245714285714286,0.0
1.7857142857142858,0.0
1.7857142857142858,0.0
1.7857142857142858,0.0
1.7857142857142858,0.0
1.7857142857142858,0.0
1.7857142857142858,0.0
1.7857142857142858,0.0
1.7857142857142858,0.0
1.7857142857142858,7.46
1.7857142857142858,7.46
1.7857142857142858,7.46
1.7857142857142858,7.46
1.7857142857142858,7.46
0.0,7.46
0.0,7.46
0.0,7.46
0.0,7.46
7.46,7.46
7.46,7.46
7.46,7.46
7.46,7.46
7.46,7.46
7.46,0.0
7.46,0.0
7.46,0.0
7.46,0.0
7.46,0.0
7.46,0.0
7.46,0.0
7.46,0.0
7.46,0.0
0.0,0.0
0.0,0.0
0.0,0.0
0.0,0.0
0.0,0.0
0.0,0.0
0.0,0.0
0.0,0.0
0.0,21.745714285714286
0.0,21.745714285714286
0.0,21.745714285714286
0.0,21.745714285714286
0.0,21.745714285714286
0.0,21.745714285714286
0.0,21.745714285714286
7.46,21.745714285714286
7.46,21.745714285714286
