transact_c,transact_d
154.54999999999998,0.0
123.64,0.0
123.64,0.0
123.64,0.0
123.64,0.0
123.64,0.0
123.64,0.0
123.64,0.0
92.73,30.91
61.82,30.91
30.91,30.91
0.0,30.91
0.0,30.91
0.0,30.91
0.0,30.91
0.0,30.91
0.0,30.91
0.0,30.91
0.0,30.91
30.91,30.91
30.91,30.91
61.82,30.91
61.82,0.0
61.82,0.0
97.12285714285714,0.0
97.12285714285714,0.0
97.12285714285714,0.0
97.12285714285714,0.0
97.12285714285714,0.0
128.03285714285715,0.0
128.03285714285715,0.0
128.03285714285715,0.0
128.03285714285715,0.0
97.12285714285714,0.0
97.12285714285714,0.0
66.21285714285715,0.0
66.21285714285715,1.7857142857142858
66.21285714285715,1.7857142857142858
30.91,1.7857142857142858
30.91,32.69571428571429
30.91,32.69571428571429
30.91,32.69571428571429
30.91,32.69571428571429
0.0,32.69571428571429
0.0,32.69571428571429
0.0,32.69571428571429
0.0,32.69571428571429
0.0,32.69571428571429
30.91,32.69571428571429
30.91,32.69571428571429
61.82,30.91
105.50500000000001,30.91
105.50500000000001,30.91
105.50500000000001,0.0
105.50500000000001,0.0
105.50500000000001,0.0
105.50500000000001,0.0
105.50500000000001,0.0
105.50500000000001,0.0
105.50500000000001,0.0
105.50500000000001,0.0
105.50500000000001,0.0
74.595,0.0
74.595,0.0
43.685,0.0
0.0,0.0
0.0,0.0
0.0,30.91
0.0,30.91
0.0,30.91
0.0,30.91
0.0,30.91
0.0,30.91
0.0,30.91
0.0,30.91
0.0,30.91
0.0,30.91
0.0,30.91
0.0,30.91
0.0,30.91
0.0,30.91
0.0,0.0
0.0,0.0
0.0,0.0
0.0,0.0
0.0,0.0
0.0,0.0
0.0,0.0
0.0,0.0
0.0,0.0
0.0,0.0
0.0,0.0
0.0,0.0
0.0,0.0
0.0,0.0
0.0,0.0
0.0,0.0
0.0,0.0
0.0,30.91
0.0,30.91
0.0,30.91
0.0,30.91
0.0,30.91
0.0,30.91
0.0,30.91
0.0,30.91
0.0,30.91
0.0,30.91
0.0,30.91
0.0,30.91
0.0,30.91
0.0,30.91
0.0,0.0
0.0,0.0
0.0,0.0
0.0,0.0
0.0,0.0
0.0,0.0
0.0,0.0
0.0,0.0
0.0,0.0
0.0,10.589285714285714
0.0,10.589285714285714
0.0,10.589285714285714
0.0,10.589285714285714
0.0,10.589285714285714
0.0,10.589285714285714
0.0,10.589285714285714
0.0,41.49928571428571
0.0,41.49928571428571
0.0,41.49928571428571
0.0,41.49928571428571
0.0,41.49928571428571
0.0,41.49928571428571
0.0,41.49928571428571
0.0,30.91
0.0,30.91
0.0,30.91
0.0,30.91
0.0,30.91
0.0,30.91
0.0,30.91
0.0,0.0
0.0,0.0
0.0,0.0
0.0,0.0
0.0,0.0
0.0,0.0
0.0,0.0
0.0,0.0
0.0,0.0
0.0,0.0
0.0,0.0
0.0,0.0
0.0,0.0
0.0,0.0
0.0,0.0
0.0,0.0
0.0,0.0
0.0,30.91
0.0,30.91
0.0,30.91
0.0,30.91
0.0,30.91
0.0,30.91
0.0,30.91
0.0,30.91
0.0,30.91
