transact_c,transact_d
0.0,0.0
0.0,0.0
0.0,0.0
0.0,0.0
0.0,0.0
0.0,0.0
0.0,0.0
0.0,0.0
0.0,0.0
0.01,0.0
0.01,0.0
0.01,0.0
0.01,0.0
0.01,0.0
0.01,0.0
0.01,0.0
0.01,0.0
0.01,0.0
0.01,0.0
0.01,0.0
0.01,0.0
0.01,0.0
0.01,0.0
0.0,0.0
0.0,0.0
0.0,0.0
0.0,0.0
0.0,0.0
0.0,0.0
0.0,0.0
5.286428571428572,0.0
5.286428571428572,0.0
5.286428571428572,0.0
5.286428571428572,0.0
5.286428571428572,0.0
5.286428571428572,0.0
5.286428571428572,0.0
5.286428571428572,0.0
5.286428571428572,0.0
5.286428571428572,0.0
5.296428571428572,0.0
5.296428571428572,0.0
5.296428571428572,0.0
5.296428571428572,0.0
0.01,0.0
0.01,0.0
0.01,0.0
0.01,0.0
0.01,0.0
0.01,0.0
0.01,0.0
0.01,0.0
0.01,0.0
0.01,0.0
0.0,0.0
0.0,0.0
0.0,0.0
0.0,0.0
0.0,0.0
0.0,0.0
0.0,0.0
0.0,0.0
0.0,0.0
0.0,0.0
0.0,0.0
0.0,0.0
0.0,0.0
0.0,0.0
0.01,0.0
0.01,0.0
0.01,0.0
0.01,0.0
0.01,0.0
0.01,0.0
0.01,0.0
0.01,0.0
0.01,0.0
0.01,0.0
0.01,0.0
0.01,0.0
0.01,0.0
0.01,0.0
0.0,0.0
0.0,0.0
0.0,0.0
0.0,0.0
0.0,0.0
0.0,0.0
0.0,0.0
0.0,0.0
0.0,0.0
0.0,0.0
0.0,0.0
0.0,0.0
0.0,0.0
0.0,0.0
0.0,0.0
0.0,0.0
0.0,0.0
0.01,0.0
0.01,0.0
0.01,0.0
0.01,0.0
0.01,0.0
0.01,0.0
0.01,0.0
0.01,0.0
0.01,0.0
0.01,0.0
0.01,0.0
0.01,0.0
0.01,0.0
0.01,0.0
0.0,0.0
0.0,0.0
0.0,0.0
0.0,0.0
0.0,0.0
0.0,3.142857142857143
0.0,3.142857142857143
0.0,3.142857142857143
0.0,3.142857142857143
0.0,3.142857142857143
0.0,3.142857142857143
0.0,3.142857142857143
0.0,4.928571428571429
0.0,4.928571428571429
0.0,4.928571428571429
0.0,4.928571428571429
0.01,4.928571428571429
5.01,9.928571428571429
5.01,9.928571428571429
5.01,6.785714285714286
5.01,6.785714285714286
5.01,6.785714285714286
5.01,6.785714285714286
5.01,6.785714285714286
5.01,6.785714285714286
5.01,6.785714285714286
5.01,5.0
5.01,5.0
5.01,5.0
5.01,5.0
5.0,5.0
0.0,0.0
0.0,0.0
0.0,0.0
0.0,0.0
0.0,0.0
0.0,7.569285714285714
0.0,7.569285714285714
0.0,7.569285714285714
0.0,7.569285714285714
0.0,7.569285714285714
0.0,7.569285714285714
0.0,7.569285714285714
0.0,7.569285714285714
0.0,7.569285714285714
0.0,7.569285714285714
0.0,7.569285714285714
0.01,7.569285714285714
0.01,7.569285714285714
0.01,7.569285714285714
0.01,0.0
0.01,0.0
0.01,0.0
0.01,0.0
0.01,0.0
