transact_c,transact_d
0.0,87.44285714285715
0.0,87.44285714285715
0.0,87.44285714285715
0.0,33.94285714285714
0.0,33.94285714285714
0.0,33.94285714285714
0.0,33.94285714285714
0.0,33.94285714285714
0.0,33.94285714285714
0.0,33.94285714285714
0.0,0.0
0.0,0.0
0.0,0.0
0.0,0.0
0.0,0.0
0.0,0.0
0.0,0.0
0.0,0.0
0.0,0.0
0.0,0.0
0.0,0.0
0.0,0.0
0.0,0.0
0.0,0.0
0.0,0.0
0.0,0.0
0.0,0.0
0.0,0.0
0.0,0.0
0.0,0.0
0.0,0.0
0.0,0.0
0.0,0.0
0.0,0.0
0.0,0.0
0.0,0.0
0.0,0.0
0.0,0.0
0.0,0.0
0.0,0.0
0.0,0.0
0.0,0.0
0.0,0.0
0.0,12.31
0.0,12.31
0.0,12.31
0.0,12.31
0.0,12.31
0.0,12.31
0.0,12.31
0.0,12.31
0.0,12.31
0.0,12.31
0.0,12.31
0.0,12.31
0.0,12.31
0.0,12.31
0.0,11.617857142857144
0.0,11.617857142857144
78.65285714285714,11.617857142857144
78.65285714285714,11.617857142857144
78.65285714285714,11.617857142857144
78.65285714285714,11.617857142857144
78.65285714285714,11.617857142857144
78.65285714285714,11.617857142857144
78.65285714285714,11.617857142857144
78.83714285714287,40.61785714285714
78.83714285714287,40.61785714285714
78.83714285714287,40.61785714285714
80.62285714285714,40.61785714285714
80.62285714285714,40.61785714285714
80.62285714285714,29.0
80.62285714285714,29.0
1.97,29.0
1.97,29.0
1.97,29.0
1.97,29.0
1.97,29.0
1.97,29.0
1.97,29.0
1.7857142857142858,0.0
1.7857142857142858,0.0
1.7857142857142858,0.0
0.0,0.0
0.0,0.0
0.0,0.0
0.0,0.0
0.0,0.0
0.0,0.0
0.0,0.0
0.0,0.0
0.0,0.0
0.0,0.0
0.0,0.0
0.0,0.0
0.0,0.0
0.0,0.0
0.0,0.0
0.0,0.0
0.0,0.0
0.0,0.0
0.0,0.0
0.0,0.0
0.0,0.0
0.0,0.0
0.0,0.0
0.0,27.0
0.0,27.0
0.0,27.0
0.0,27.0
0.0,27.0
0.0,27.0
0.0,27.0
0.0,27.0
0.0,27.0
0.0,27.0
0.0,27.0
0.0,27.0
0.0,27.0
0.0,27.0
0.0,0.0
0.0,0.0
0.0,0.0
0.0,0.0
0.0,0.0
0.0,0.0
0.0,0.0
0.0,0.0
0.0,0.0
0.0,0.0
0.0,0.0
0.0,0.0
0.0,0.0
0.0,0.0
7.142857142857143,0.0
7.142857142857143,0.0
7.142857142857143,0.0
7.142857142857143,0.0
7.142857142857143,0.0
7.142857142857143,0.0
7.142857142857143,0.0
7.142857142857143,0.0
7.142857142857143,0.0
7.142857142857143,0.0
7.142857142857143,0.0
7.142857142857143,0.0
7.142857142857143,0.0
7.142857142857143,0.0
0.0,0.0
0.0,0.0
0.0,0.0
0.0,0.0
0.0,0.0
0.0,0.0
0.0,0.0
0.0,0.0
0.0,0.0
0.0,0.0
0.0,0.0
0.0,0.0
0.0,0.0
0.0,0.0
0.0,0.0
0.0,14.049999999999999
0.0,14.049999999999999
0.0,14.049999999999999
0.0,14.049999999999999
0.0,14.049999999999999
