transact_c,transact_d
19.919999999999998,0.0
19.919999999999998,0.0
19.919999999999998,0.0
19.919999999999998,0.0
19.919999999999998,1.7857142857142858
19.919999999999998,1.7857142857142858
19.919999999999998,1.7857142857142858
0.04,1.7857142857142858
5.04,6.785714285714286
5.04,6.785714285714286
5.04,6.785714285714286
5.04,6.785714285714286
5.04,6.785714285714286
5.04,6.785714285714286
5.04,6.785714285714286
5.04,6.785714285714286
5.04,6.785714285714286
5.04,6.785714285714286
5.04,5.0
5.04,5.0
5.04,5.0
5.0,5.0
0.0,0.0
0.0,0.0
0.0,0.0
0.0,0.0
0.0,0.0
0.0,0.0
0.0,0.0
0.0,0.0
0.0,0.0
0.0,0.0
0.0,0.0
0.0,0.0
0.0,0.0
0.0,0.0
0.0,0.0
0.0,0.0
0.04,0.0
0.04,0.0
0.04,0.0
0.04,0.0
0.04,0.0
0.04,0.0
0.04,0.0
0.04,0.0
0.04,0.0
0.04,0.0
0.04,0.0
0.04,0.0
0.04,0.0
0.04,0.0
0.0,0.0
0.0,0.0
0.0,0.0
19.96,0.0
19.96,0.0
19.96,0.0
19.96,0.0
19.96,0.0
19.96,0.0
19.96,0.0
19.96,0.0
19.96,0.0
19.96,0.0
91.38857142857144,0.0
91.42857142857143,0.0
91.42857142857143,0.0
91.42857142857143,0.0
71.46857142857142,0.0
71.46857142857142,0.0
71.46857142857142,0.0
71.46857142857142,0.0
71.46857142857142,0.0
71.46857142857142,0.0
71.46857142857142,0.0
71.46857142857142,0.0
71.46857142857142,0.0
71.46857142857142,0.0
0.04,0.0
0.0,0.0
0.0,0.0
0.0,0.0
0.0,0.0
0.0,0.0
0.0,0.0
0.0,0.0
0.0,0.0
0.0,0.0
0.0,0.0
0.0,0.0
0.0,0.0
0.0,0.0
0.0,0.0
0.0,0.0
0.0,0.0
0.0,0.0
0.04,0.0
0.04,0.0
0.04,0.0
0.04,0.0
0.04,0.0
0.04,0.0
0.04,0.0
0.04,0.0
0.04,0.0
0.04,0.0
0.04,0.0
0.04,0.0
0.04,0.0
0.04,0.0
0.0,0.0
0.0,0.0
0.0,0.0
0.0,0.0
0.0,0.0
0.0,0.0
0.0,0.0
0.0,0.0
0.0,0.0
19.96,0.0
19.96,0.0
19.96,0.0
19.96,0.0
19.96,0.0
19.96,0.0
19.96,0.0
20.0,0.0
20.0,0.0
20.0,0.0
20.0,0.0
20.0,0.0
20.0,0.0
20.0,0.0
0.04,0.0
0.04,0.0
0.04,0.0
0.04,0.0
0.04,20.0
0.04,40.0
28.611428571428572,60.0
28.571428571428573,80.0
28.571428571428573,100.0
28.571428571428573,120.0
28.571428571428573,140.0
28.571428571428573,160.0
28.571428571428573,180.0
28.571428571428573,200.0
28.571428571428573,220.0
28.571428571428573,240.0
28.571428571428573,240.0
28.571428571428573,240.0
28.571428571428573,220.0
28.571428571428573,200.0
0.0,180.0
0.0,160.0
0.0,140.0
0.0,120.0
0.04,100.0
0.04,80.0
0.04,60.0
0.04,40.0
0.04,20.0
0.04,0.0
0.04,0.0
0.04,0.0
0.04,0.0
0.04,0.0
