transact_c,transact_d
7.42,0.0
7.42,7.46
7.42,7.46
0.0,7.46
0.0,7.46
0.0,7.46
0.0,7.46
0.0,7.46
0.0,7.46
0.0,7.46
0.0,7.46
0.0,7.46
0.0,7.46
0.0,7.46
0.0,7.46
0.0,0.0
0.0,0.0
0.0,0.0
0.0,0.0
0.0,0.0
0.0,0.0
0.0,0.0
0.0,0.0
0.0,0.0
0.0,0.0
0.0,0.0
0.0,0.0
0.0,0.0
0.0,0.0
0.0,0.0
0.0,0.0
0.0,0.0
0.0,7.46
0.0,7.46
0.0,7.46
0.0,7.46
0.0,7.46
0.0,7.46
0.0,7.46
0.0,7.46
0.0,7.46
0.0,7.46
0.0,7.46
0.0,7.46
0.0,7.46
0.0,7.46
7.46,0.0
15.674285714285714,0.0
15.674285714285714,0.0
15.674285714285714,0.0
15.674285714285714,0.0
15.674285714285714,0.0
15.674285714285714,0.0
30.427857142857142,0.0
30.427857142857142,0.0
30.427857142857142,0.0
30.427857142857142,0.0
30.427857142857142,0.0
30.427857142857142,0.0
30.427857142857142,0.0
22.967857142857145,7.46
14.75357142857143,7.46
22.21357142857143,7.46
22.21357142857143,7.46
22.21357142857143,7.46
22.21357142857143,7.46
22.21357142857143,7.46
7.46,7.46
7.46,7.46
7.46,7.46
7.46,7.46
7.46,7.46
7.46,7.46
7.46,7.46
7.46,0.0
7.46,0.0
0.0,0.0
0.0,0.0
0.0,0.0
0.0,0.0
0.0,0.0
0.0,0.0
0.0,0.0
0.0,0.0
0.0,0.0
0.0,0.0
0.0,0.0
0.0,0.0
0.0,0.0
0.0,0.0
0.0,0.0
0.0,7.46
0.0,7.46
7.46,7.46
7.46,7.46
7.46,7.46
7.46,7.46
7.46,7.46
7.46,7.46
7.46,7.46
7.46,7.46
7.46,7.46
7.46,7.46
7.46,7.46
7.46,7.46
7.46,0.0
7.46,0.0
0.0,0.0
0.0,0.0
0.0,0.0
0.0,0.0
0.0,0.0
0.0,0.0
0.0,0.0
0.0,0.0
0.0,0.0
0.0,0.0
0.0,0.0
0.0,0.0
0.0,0.0
0.0,0.0
0.0,7.46
0.0,7.46
0.0,7.46
0.0,7.46
7.46,7.46
7.46,7.46
7.46,7.46
7.46,7.46
7.46,7.46
7.46,7.46
7.46,7.46
7.46,7.46
7.46,7.46
7.46,7.46
7.46,0.0
7.46,0.0
7.46,0.0
7.46,0.0
0.0,0.0
0.0,0.0
0.0,0.0
0.0,0.0
0.0,0.0
0.0,0.0
0.0,0.0
0.0,0.0
0.0,0.0
0.0,0.0
0.0,0.0
0.0,0.0
0.0,0.0
0.0,7.46
0.0,7.46
0.0,7.46
0.0,7.46
0.0,7.46
0.0,7.46
7.46,7.46
7.46,7.46
7.46,7.46
7.46,7.46
7.46,7.46
7.46,7.46
7.46,7.46
7.46,7.46
7.46,0.0
7.46,0.0
