transact_c,transact_d
0.0,0.0
0.0,0.0
0.0,0.0
0.0,0.0
0.0,0.0
0.0,0.0
0.0,0.0
0.0,0.0
0.0,46.61000000000001
0.0,46.61000000000001
0.0,46.61000000000001
0.0,46.61000000000001
0.0,46.61000000000001
0.0,46.61000000000001
0.0,46.61000000000001
0.0,46.61000000000001
0.0,46.61000000000001
0.0,46.61000000000001
0.0,46.61000000000001
0.0,46.61000000000001
0.0,46.61000000000001
0.0,46.61000000000001
0.0,0.0
0.0,0.0
0.0,0.0
46.61,0.0
46.61,0.0
46.61,0.0
46.61,0.0
46.61,0.0
46.61,0.0
46.61,0.0
46.61,0.0
46.61,0.0
46.61,0.0
46.61,0.0
46.61,0.0
46.61,0.0
46.61,0.0
0.0,46.61
0.0,46.61
0.0,46.61
0.0,46.61
0.0,46.61
0.0,46.61
46.61,46.61
46.61,46.61
46.61,46.61
46.61,46.61
46.61,46.61
46.61,46.61
46.61,46.61
46.61,46.61
46.61,0.0
93.22,0.0
93.22,0.0
93.22,0.0
93.22,0.0
93.22,0.0
46.61,0.0
46.61,0.0
46.61,0.0
46.61,0.0
46.61,0.0
46.61,0.0
46.61,0.0
46.61,0.0
46.61,46.61
0.0,46.61
0.0,46.61
0.0,46.61
0.0,46.61
0.0,46.61
0.0,46.61
0.0,46.61
46.61,46.61
46.61,46.61
46.61,46.61
95.00571428571428,46.61
95.00571428571428,46.61
95.00571428571428,46.61
95.00571428571428,0.0
95.00571428571428,0.0
141.6157142857143,0.0
141.6157142857143,0.0
141.6157142857143,0.0
141.6157142857143,0.0
141.6157142857143,0.0
141.6157142857143,0.0
95.00571428571428,0.0
95.00571428571428,0.0
95.00571428571428,0.0
46.61,0.0
46.61,0.0
46.61,0.0
46.61,0.0
46.61,0.0
0.0,0.0
0.0,46.61000000000001
0.0,46.61000000000001
0.0,46.61000000000001
0.0,46.61000000000001
0.0,46.61000000000001
0.0,46.61000000000001
0.0,46.61000000000001
0.0,46.61000000000001
46.61,46.61000000000001
46.61,46.61000000000001
46.61,46.61000000000001
46.61,46.61000000000001
46.61,46.61000000000001
46.61,46.61000000000001
46.61,0.0
46.61,0.0
46.61,0.0
46.61,0.0
93.22,0.0
93.22,0.0
93.22,0.0
93.22,0.0
46.61,0.0
46.61,0.0
46.61,0.0
46.61,0.0
46.61,0.0
46.61,0.0
46.61,0.0
46.61,0.0
46.61,46.61
46.61,46.61
0.0,46.61
0.0,46.61
0.0,46.61
0.0,46.61
0.0,46.61
0.0,46.61
0.0,46.61
46.61,46.61
46.61,46.61
46.61,46.61
46.61,46.61
46.61,46.61
46.61,0.0
46.61,0.0
46.61,0.0
46.61,0.0
46.61,0.0
46.61,0.0
46.61,0.0
93.22,0.0
93.22,0.0
46.61,0.0
46.61,0.0
46.61,0.0
46.61,0.0
46.61,0.0
46.61,0.0
46.61,0.0
46.61,0.0
46.61,46.61000000000001
46.61,46.61000000000001
46.61,46.61000000000001
46.61,46.61000000000001
0.0,46.61000000000001
0.0,46.61000000000001
0.0,46.61000000000001
0.0,46.61000000000001
0.0,46.61000000000001
