transact_c,transact_d
0.0,0.0
0.0,0.0
0.0,0.0
0.0,0.0
0.0,0.0
0.0,0.0
0.0,0.0
0.0,0.0
0.0,99.90285714285713
0.0,99.90285714285713
0.0,99.90285714285713
0.0,99.90285714285713
0.0,99.90285714285713
0.0,99.90285714285713
0.0,99.90285714285713
114.44857142857143,99.90285714285713
114.44857142857143,99.90285714285713
114.44857142857143,99.90285714285713
114.44857142857143,99.90285714285713
114.44857142857143,99.90285714285713
114.44857142857143,99.90285714285713
114.44857142857143,99.90285714285713
114.44857142857143,0.0
114.44857142857143,0.0
114.44857142857143,0.0
114.44857142857143,0.0
114.44857142857143,0.0
114.44857142857143,0.0
114.44857142857143,0.0
0.0,0.0
0.0,0.0
0.0,0.0
0.0,0.0
0.0,0.0
0.0,0.0
0.0,0.0
0.0,0.0
0.0,0.0
0.0,0.0
0.0,46.82
0.0,46.82
0.0,46.82
0.0,46.82
60.82928571428572,46.82
60.82928571428572,46.82
60.82928571428572,46.82
60.82928571428572,46.82
60.82928571428572,46.82
60.82928571428572,46.82
60.82928571428572,46.82
60.82928571428572,46.82
60.82928571428572,46.82
60.82928571428572,46.82
60.82928571428572,0.0
60.82928571428572,0.0
60.82928571428572,0.0
60.82928571428572,0.0
0.0,0.0
0.0,0.0
0.0,0.0
0.0,0.0
266.18,0.0
266.18,0.0
266.18,0.0
266.18,0.0
266.18,0.0
266.18,0.0
266.18,46.82
266.18,46.82
266.18,46.82
266.18,46.82
313.0,46.82
313.0,46.82
313.0,46.82
313.0,46.82
46.82,46.82
46.82,46.82
46.82,46.82
46.82,46.82
46.82,46.82
46.82,46.82
46.82,0.0
46.82,0.0
46.82,0.0
46.82,0.0
0.0,0.0
0.0,0.0
0.0,0.0
0.0,0.0
0.0,0.0
0.0,0.0
0.0,0.0
0.0,0.0
0.0,0.0
0.0,0.0
0.0,0.0
0.0,0.0
0.0,0.0
0.0,46.82
0.0,46.82
0.0,46.82
0.0,46.82
0.0,46.82
46.82,46.82
46.82,46.82
46.82,46.82
46.82,46.82
46.82,46.82
46.82,46.82
46.82,46.82
46.82,46.82
46.82,46.82
46.82,0.0
46.82,0.0
46.82,0.0
46.82,0.0
46.82,0.0
0.0,0.0
0.0,0.0
0.0,0.0
0.0,0.0
0.0,0.0
0.0,0.0
0.0,0.0
0.0,0.0
0.0,0.0
0.0,0.0
0.0,0.0
0.0,46.82
0.0,46.82
0.0,46.82
0.0,46.82
0.0,46.82
0.0,46.82
46.82,46.82
46.82,46.82
46.82,46.82
46.82,46.82
46.82,46.82
46.82,46.82
46.82,46.82
46.82,46.82
46.82,0.0
46.82,0.0
46.82,0.0
46.82,0.0
46.82,0.0
46.82,0.0
0.0,0.0
0.0,0.0
0.0,0.0
0.0,0.0
0.0,0.0
0.0,0.0
0.0,0.0
0.0,0.0
0.0,0.0
0.0,0.0
0.0,0.0
0.0,46.82
46.82,46.82
128.89142857142858,46.82
128.89142857142858,46.82
128.89142857142858,46.82
128.89142857142858,46.82
128.89142857142858,46.82
128.89142857142858,46.82
128.89142857142858,46.82
