transact_c,transact_d
0.0,0.0
0.0,0.0
0.0,0.0
0.0,0.0
0.0,0.0
0.0,0.0
0.0,0.0
0.0,0.0
0.0,68.895
0.0,68.895
0.0,68.895
0.0,68.895
0.0,68.895
0.0,68.895
0.0,68.895
0.0,68.895
0.0,68.895
0.0,68.895
0.0,68.895
0.0,68.895
0.0,68.895
0.0,68.895
0.0,0.0
0.0,0.0
0.0,0.0
0.0,0.0
0.0,0.0
0.0,0.0
0.0,0.0
0.0,0.0
0.0,0.0
0.0,0.0
0.0,0.0
0.0,0.0
0.0,0.0
0.0,0.0
0.0,0.0
0.0,0.0
0.0,0.0
0.0,68.895
0.0,68.895
0.0,68.895
0.0,68.895
0.0,68.895
0.0,68.895
0.0,68.895
0.0,68.895
0.0,68.895
0.0,68.895
0.0,68.895
0.0,68.895
0.0,68.895
0.0,68.895
75.0,0.0
75.0,0.0
75.0,0.0
415.30428571428575,0.0
415.30428571428575,0.0
415.30428571428575,0.0
415.30428571428575,0.0
415.30428571428575,0.0
415.30428571428575,0.0
415.30428571428575,0.0
415.30428571428575,0.0
415.30428571428575,0.0
415.30428571428575,0.0
415.30428571428575,0.0
340.30428571428575,68.895
340.30428571428575,68.895
340.30428571428575,68.895
0.0,68.895
0.0,68.895
0.0,68.895
0.0,68.895
0.0,68.895
0.0,68.895
0.0,68.895
0.0,68.895
0.0,68.895
0.0,68.895
0.0,68.895
0.0,0.0
0.0,0.0
0.0,0.0
0.0,0.0
0.0,0.0
0.0,0.0
0.0,321.2142857142857
0.0,321.2142857142857
0.0,321.2142857142857
0.0,321.2142857142857
0.0,321.2142857142857
0.0,321.2142857142857
0.0,321.2142857142857
0.0,329.2107142857143
0.0,329.2107142857143
0.0,329.2107142857143
0.0,329.2107142857143
0.0,398.10571428571427
0.0,398.10571428571427
0.0,398.10571428571427
0.0,76.89142857142858
0.0,76.89142857142858
0.0,76.89142857142858
0.0,76.89142857142858
0.0,76.89142857142858
0.0,76.89142857142858
0.0,76.89142857142858
0.0,68.895
0.0,68.895
0.0,68.895
0.0,68.895
0.0,0.0
0.0,0.0
0.0,0.0
0.0,0.0
0.0,0.0
0.0,0.0
0.0,0.0
0.0,0.0
0.0,0.0
0.0,0.0
0.0,0.0
0.0,0.0
0.0,0.0
0.0,0.0
0.0,0.0
0.0,0.0
0.0,68.89500000000001
0.0,68.89500000000001
0.0,68.89500000000001
0.0,68.89500000000001
0.0,68.89500000000001
0.0,68.89500000000001
0.0,68.89500000000001
0.0,68.89500000000001
0.0,68.89500000000001
0.0,68.89500000000001
0.0,68.89500000000001
0.0,68.89500000000001
0.0,68.89500000000001
0.0,68.89500000000001
0.0,0.0
0.0,0.0
0.0,0.0
0.0,0.0
0.0,0.0
0.0,0.0
321.2142857142857,0.0
321.2142857142857,0.0
321.2142857142857,0.0
321.2142857142857,0.0
321.2142857142857,0.0
321.2142857142857,0.0
321.2142857142857,0.0
321.2142857142857,0.0
321.2142857142857,0.0
321.2142857142857,0.0
321.2142857142857,0.0
321.2142857142857,68.895
321.2142857142857,68.895
321.2142857142857,68.895
0.0,68.895
0.0,68.895
0.0,68.895
0.0,68.895
0.0,68.895
0.0,68.895
