transact_c,transact_d
0.0,0.0
0.0,7.735
0.0,7.735
0.0,7.735
0.0,7.735
0.0,7.735
0.0,7.735
0.0,7.735
0.0,7.735
0.0,7.735
0.0,7.735
0.0,7.735
0.0,7.735
0.0,7.735
18.142857142857142,7.735
18.142857142857142,0.0
18.142857142857142,0.0
18.142857142857142,0.0
18.142857142857142,0.0
18.142857142857142,0.0
18.142857142857142,0.0
25.928571428571427,0.0
33.612857142857145,0.0
33.612857142857145,0.0
33.612857142857145,0.0
33.612857142857145,0.0
33.612857142857145,0.0
33.612857142857145,0.0
15.469999999999999,0.0
15.469999999999999,0.0
15.469999999999999,0.0
15.469999999999999,0.0
15.469999999999999,7.735
15.469999999999999,7.735
15.469999999999999,7.735
7.684285714285714,7.735
0.0,7.735
0.0,7.735
0.0,7.735
0.0,7.735
0.0,7.735
0.0,7.735
0.0,7.735
1.7857142857142858,7.735
9.469999999999999,7.735
9.469999999999999,7.735
9.469999999999999,0.0
9.469999999999999,0.0
9.469999999999999,0.0
9.469999999999999,0.0
9.469999999999999,0.0
9.469999999999999,0.0
9.469999999999999,0.0
9.469999999999999,0.0
9.469999999999999,0.0
9.469999999999999,0.0
9.469999999999999,0.0
7.684285714285714,0.0
0.0,0.0
0.0,0.0
0.0,7.735
0.0,7.735
0.0,7.735
0.0,7.735
0.0,7.735
0.0,7.735
0.0,7.735
0.0,7.735
0.0,7.735
0.0,7.735
0.0,7.735
0.0,7.735
0.0,7.735
0.0,7.735
0.0,0.0
0.0,0.0
0.0,0.0
0.0,0.0
0.0,0.0
0.0,0.0
0.0,0.0
0.0,0.0
0.0,0.0
0.0,0.0
0.0,0.0
0.0,0.0
0.0,0.0
0.0,0.0
0.0,0.0
0.0,0.0
0.0,0.0
0.0,7.735
0.0,7.735
0.0,7.735
0.0,7.735
0.0,7.735
0.0,7.735
0.0,7.735
0.0,7.735
0.0,7.735
0.0,7.735
0.0,7.735
0.0,7.735
0.0,7.735
0.0,7.735
0.0,0.0
0.0,0.0
0.0,0.0
0.0,0.0
0.0,0.0
0.0,0.0
0.0,0.0
0.0,0.0
0.0,0.0
0.0,0.0
0.0,0.0
0.0,0.0
0.0,0.0
0.0,0.0
0.0,0.0
0.0,0.0
0.0,7.735
0.0,7.735
0.0,7.735
0.0,7.735
0.0,7.735
0.0,7.735
0.0,7.735
0.0,7.735
0.0,7.735
0.0,7.735
0.0,7.735
0.0,7.735
0.0,7.735
0.0,7.735
7.785714285714286,0.0
7.785714285714286,0.0
7.785714285714286,0.0
7.785714285714286,0.0
7.785714285714286,0.0
7.785714285714286,0.0
7.785714285714286,0.0
7.785714285714286,0.0
7.785714285714286,0.0
7.785714285714286,0.0
7.785714285714286,0.0
7.785714285714286,0.0
7.785714285714286,0.0
7.785714285714286,0.0
0.0,0.0
0.0,0.0
0.0,0.0
0.0,7.735
0.0,7.735
0.0,7.735
0.0,7.735
0.0,7.735
0.0,7.735
0.0,7.735
0.0,7.735
0.0,7.735
0.0,7.735
0.0,7.735
0.0,7.735
0.0,7.735
7.714285714285714,7.735
7.714285714285714,0.0
7.714285714285714,0.0
