transact_c,transact_d
0.0,6.647142857142858
0.0,6.647142857142858
0.0,6.647142857142858
0.0,6.647142857142858
0.0,6.647142857142858
0.0,0.0
0.0,0.0
0.0,0.0
0.0,0.0
0.0,0.0
0.0,0.0
0.0,0.0
0.0,0.0
0.0,0.0
0.0,0.0
0.0,0.0
0.0,0.0
0.0,0.0
0.0,0.0
0.0,0.0
0.0,1.7
0.0,1.7
0.0,1.7
0.0,1.7
0.0,1.7
0.0,1.7
0.0,1.7
0.0,0.0
0.0,0.0
0.0,0.0
0.0,0.0
0.0,0.0
0.0,0.0
0.0,0.0
0.0,0.0
49.84285714285714,0.0
49.84285714285714,0.0
49.84285714285714,0.0
49.84285714285714,0.0
49.84285714285714,0.0
49.84285714285714,0.0
49.84285714285714,0.0
0.0,0.0
0.0,0.0
0.0,0.0
0.0,0.0
0.0,0.0
0.0,0.0
0.0,0.0
0.0,0.0
0.0,0.0
0.0,1.7
0.0,1.7
0.0,1.7
0.0,1.7
0.0,1.7
0.0,1.7
0.0,1.7
0.0,0.0
0.0,0.0
0.0,0.0
0.0,0.0
0.0,0.0
0.0,0.0
0.0,1428.5714285714287
0.0,1428.5714285714287
0.0,1428.5714285714287
0.0,1428.5714285714287
0.0,1428.5714285714287
0.0,1428.5714285714287
0.0,1428.5714285714287
0.0,0.0
0.0,0.0
0.0,0.0
0.0,19.392857142857142
0.0,19.392857142857142
0.0,93.31428571428572
0.0,93.31428571428572
0.0,93.31428571428572
0.0,95.01428571428572
0.0,95.01428571428572
0.0,75.62142857142858
0.0,75.62142857142858
0.0,1.7
0.0,1.7
0.0,1.7
0.0,36.785714285714285
0.0,52.5
0.0,52.5
0.0,52.5
0.0,52.5
0.0,52.5
0.0,52.5
0.0,15.714285714285714
0.0,0.0
0.0,0.0
0.0,208.85
0.0,275.95
0.0,275.95
0.0,275.95
0.0,275.95
0.0,358.9214285714285
0.0,358.9214285714285
0.0,176.91428571428574
0.9957142857142858,109.8142857142857
0.9957142857142858,109.8142857142857
0.9957142857142858,109.8142857142857
0.9957142857142858,109.8142857142857
0.9957142857142858,26.842857142857145
0.9957142857142858,26.842857142857145
0.9957142857142858,1.7
0.0,1.7
0.0,1.7
0.0,1.7
0.0,1.7
0.0,1.7
0.0,1.7
0.0,0.0
0.0,0.0
0.0,0.0
0.0,0.0
0.0,0.0
0.0,0.0
0.0,0.0
0.0,0.0
0.0,7.085714285714286
0.0,7.085714285714286
0.0,15.950000000000001
0.0,15.950000000000001
0.0,64.85000000000001
0.0,64.85000000000001
0.0,64.85000000000001
0.0,57.76428571428572
0.0,57.76428571428572
1.8742857142857143,48.9
1.8742857142857143,48.9
1.8742857142857143,0.0
1.8742857142857143,0.0
1.8742857142857143,0.0
1.8742857142857143,0.0
1.8742857142857143,0.0
0.0,1.7
0.0,1.7
0.0,1.7
0.0,1.7
0.0,1.7
0.0,1.7
0.0,1.7
0.0,0.0
495.4971428571429,0.0
495.4971428571429,0.0
495.4971428571429,0.0
495.4971428571429,0.0
495.4971428571429,0.0
495.4971428571429,0.0
495.4971428571429,0.0
1.7,0.0
1.7,0.0
1.7,0.0
1.7,0.0
1.7,0.0
1.7,0.0
1.7,0.0
0.0,0.0
0.0,0.0
0.0,0.0
0.0,0.0
0.0,0.0
0.0,0.0
0.0,0.0
0.0,0.0
0.0,1.7
0.0,1.7
0.0,1.7
0.0,1.7
