transact_c,transact_d
100.0,0.0
200.0,0.0
200.0,0.0
200.0,0.0
100.0,0.0
100.0,0.0
100.0,0.0
100.0,0.0
0.0,0.0
0.0,0.0
0.0,0.0
0.0,0.0
0.0,0.0
0.0,0.0
0.0,0.0
0.0,0.0
0.0,0.0
0.0,0.0
0.0,0.0
0.0,0.0
0.0,0.0
100.0,0.0
100.0,0.0
100.0,0.0
100.0,0.0
100.0,0.0
100.0,0.0
100.0,0.0
0.0,142.85714285714286
0.0,142.85714285714286
0.0,142.85714285714286
100.0,142.85714285714286
100.0,142.85714285714286
100.0,142.85714285714286
100.0,142.85714285714286
100.0,0.0
200.0,0.0
200.0,12.914285714285715
100.0,12.914285714285715
100.0,12.914285714285715
100.0,12.914285714285715
100.0,12.914285714285715
100.0,12.914285714285715
0.0,12.914285714285715
0.0,0.0
0.0,0.0
0.0,168.3657142857143
0.0,168.3657142857143
0.0,168.3657142857143
0.0,168.3657142857143
0.0,168.3657142857143
0.0,168.3657142857143
0.0,168.3657142857143
0.0,0.0
0.0,0.0
100.0,0.0
100.0,77.2
100.0,77.2
100.0,77.2
100.0,77.2
100.0,77.2
100.0,77.2
0.0,77.2
0.0,0.0
0.0,0.0
0.0,0.0
0.0,0.0
0.0,0.0
0.0,15.307142857142859
0.0,15.307142857142859
0.0,15.307142857142859
0.0,15.307142857142859
0.0,15.307142857142859
0.0,15.307142857142859
0.0,15.307142857142859
0.0,0.0
0.0,0.0
0.0,0.0
0.0,15.0
0.0,15.0
0.0,15.0
0.0,30.099999999999998
0.0,30.099999999999998
0.0,30.099999999999998
0.0,30.099999999999998
0.0,15.1
0.0,46.17142857142857
0.0,60.6
0.0,45.5
0.0,45.5
0.0,45.5
0.0,45.5
0.0,45.5
0.0,14.428571428571429
0.0,0.0
0.0,0.0
0.0,0.0
0.0,0.0
0.0,0.0
0.0,0.0
0.0,0.0
0.0,0.0
0.0,0.0
0.0,0.0
0.0,0.0
0.0,0.0
0.0,0.0
0.0,0.0
0.0,0.0
0.0,0.0
0.0,0.0
114.28571428571429,0.0
114.28571428571429,0.0
114.28571428571429,0.0
114.28571428571429,0.0
114.28571428571429,0.0
114.28571428571429,0.0
114.28571428571429,0.0
0.0,0.0
0.0,0.0
0.0,0.0
0.0,0.0
0.0,14.285714285714286
0.0,17.857142857142858
0.0,17.857142857142858
0.0,17.857142857142858
0.0,17.857142857142858
0.0,17.857142857142858
0.0,17.857142857142858
0.0,3.5714285714285716
0.0,0.0
0.0,0.0
0.0,0.0
0.0,0.0
0.0,0.0
0.0,0.0
0.0,0.0
0.0,0.0
0.0,0.0
0.0,0.0
0.0,0.0
0.0,0.0
0.0,0.0
0.0,0.0
100.0,0.0
100.0,0.0
100.0,0.0
100.0,28.571428571428573
100.0,28.571428571428573
100.0,28.571428571428573
100.0,28.571428571428573
0.0,28.571428571428573
0.0,28.571428571428573
0.0,28.571428571428573
0.0,0.0
0.0,0.0
0.0,15.142857142857142
0.0,15.142857142857142
0.0,15.142857142857142
0.0,15.142857142857142
0.0,15.142857142857142
0.0,15.142857142857142
0.0,15.142857142857142
0.0,0.0
0.0,0.0
0.0,0.0
0.0,0.0
0.0,0.0
0.0,0.0
0.0,0.0
0.0,0.0
0.0,0.0
0.0,0.0
0.0,0.0
0.0,0.0
