transact_c,transact_d
0.0,0.0
88.0,0.0
88.0,0.0
88.0,0.0
88.0,0.0
88.0,0.0
88.0,0.0
88.0,0.0
285.7142857142857,0.0
385.7142857142857,0.0
385.7142857142857,0.0
385.7142857142857,0.0
385.7142857142857,0.0
385.7142857142857,285.7142857142857
385.7142857142857,300.0
100.0,300.0
0.0,300.0
0.0,300.0
0.0,300.0
0.0,300.0
0.0,14.285714285714286
0.0,0.0
0.0,0.0
0.0,0.0
0.0,0.0
0.0,0.0
0.0,0.0
0.0,0.0
0.0,0.0
0.0,0.0
0.0,0.0
0.0,0.0
0.0,0.0
0.0,0.0
0.0,0.0
0.0,0.0
0.0,0.0
0.0,0.0
100.0,0.0
100.0,0.0
100.0,0.0
100.0,285.7142857142857
100.0,300.0
100.0,300.0
100.0,300.0
0.0,300.0
0.0,300.0
0.0,300.0
0.0,14.285714285714286
0.0,0.0
0.0,0.0
0.0,0.0
0.0,0.0
0.0,0.0
0.0,0.0
0.0,0.0
0.0,0.0
0.0,0.0
0.0,0.0
0.0,0.0
0.0,285.7142857142857
0.0,285.7142857142857
0.0,285.7142857142857
0.0,285.7142857142857
0.0,285.7142857142857
0.0,285.7142857142857
0.0,285.7142857142857
28.571428571428573,0.0
28.571428571428573,0.0
28.571428571428573,0.0
28.571428571428573,285.7142857142857
28.571428571428573,300.0
28.571428571428573,300.0
28.571428571428573,300.0
0.0,300.0
0.0,300.0
0.0,300.0
0.0,14.285714285714286
0.0,0.0
0.0,0.0
0.0,0.0
0.0,0.0
0.0,0.0
0.0,0.0
0.0,0.0
0.0,0.0
0.0,0.0
0.0,0.0
0.0,0.0
0.0,0.0
0.0,0.0
0.0,14.285714285714286
0.0,14.285714285714286
0.0,14.285714285714286
0.0,14.285714285714286
0.0,14.285714285714286
0.0,14.285714285714286
0.0,14.285714285714286
206.85714285714286,0.0
206.85714285714286,0.0
435.42857142857144,0.0
435.42857142857144,0.0
435.42857142857144,285.7142857142857
435.42857142857144,300.0
435.42857142857144,300.0
228.57142857142858,300.0
228.57142857142858,300.0
0.0,300.0
0.0,300.0
0.0,14.285714285714286
0.0,0.0
0.0,0.0
0.0,0.0
0.0,0.0
0.0,0.0
0.0,0.0
0.0,0.0
0.0,0.0
0.0,0.0
0.0,0.0
285.7142857142857,0.0
285.7142857142857,0.0
285.7142857142857,0.0
285.7142857142857,0.0
285.7142857142857,0.0
285.7142857142857,0.0
285.7142857142857,0.0
0.0,0.0
0.0,0.0
0.0,0.0
0.0,0.0
0.0,0.0
0.0,0.0
0.0,0.0
0.0,0.0
0.0,0.0
0.0,0.0
0.0,0.0
0.0,0.0
0.0,0.0
0.0,0.0
0.0,0.0
0.0,0.0
0.0,0.0
0.0,0.0
0.0,0.0
0.0,0.0
0.0,0.0
0.0,0.0
0.0,0.0
0.0,0.0
87.71428571428571,0.0
87.71428571428571,0.0
373.42857142857144,0.0
373.42857142857144,0.0
373.42857142857144,0.0
373.42857142857144,0.0
373.42857142857144,0.0
571.4285714285714,0.0
671.4285714285714,0.0
385.7142857142857,0.0
385.7142857142857,0.0
385.7142857142857,0.0
385.7142857142857,0.0
385.7142857142857,0.0
100.0,0.0
0.0,285.7142857142857
0.0,300.0
0.0,300.0
0.0,300.0
0.0,300.0
0.0,300.0
0.0,300.0
0.0,14.285714285714286
0.0,0.0
