transact_c,transact_d
44.83571428571429,89.67142857142858
44.83571428571429,0.0
44.83571428571429,0.0
44.83571428571429,0.0
44.83571428571429,0.0
44.83571428571429,0.0
44.83571428571429,0.0
0.0,0.0
0.17714285714285713,0.0
0.17714285714285713,53.33
0.17714285714285713,53.33
0.17714285714285713,53.33
0.17714285714285713,53.33
0.17714285714285713,53.33
0.17714285714285713,53.33
0.0,53.33
0.0,0.0
0.0,0.0
0.0,0.0
0.0,0.0
0.0,0.0
0.0,0.0
0.0,0.0
0.0,0.0
0.0,0.0
0.0,0.0
0.0,0.0
0.0,0.0
0.0,0.0
0.0,0.0
0.0,0.0
0.0,0.0
8.494285714285715,0.0
8.494285714285715,0.0
8.494285714285715,0.0
8.494285714285715,0.0
8.494285714285715,0.0
8.494285714285715,0.0
8.494285714285715,0.0
0.0,0.0
0.0,53.33
0.0,53.33
0.0,53.33
0.0,53.33
0.0,53.33
0.0,53.33
0.0,53.33
0.0,0.0
0.0,0.0
0.0,0.0
0.0,0.0
0.0,0.0
0.0,0.0
0.0,0.0
89.67142857142858,0.0
89.67142857142858,0.0
89.67142857142858,0.0
89.67142857142858,0.0
89.67142857142858,0.0
89.67142857142858,0.0
89.67142857142858,0.0
53.33,0.0
53.33,0.0
53.33,0.0
106.66,0.0
106.66,0.0
106.66,0.0
106.66,0.0
53.33,53.33
53.33,53.33
53.33,53.33
0.0,53.33
0.0,53.33
0.0,53.33
0.0,53.33
0.0,0.0
0.0,0.0
0.0,0.0
0.0,0.0
0.0,0.0
52.167142857142856,0.0
52.167142857142856,0.0
52.167142857142856,0.0
52.167142857142856,0.0
52.167142857142856,0.0
52.167142857142856,0.0
52.167142857142856,0.0
0.0,0.0
0.0,0.0
0.0,0.0
0.0,0.0
0.0,0.0
0.0,0.0
0.0,0.0
0.0,0.0
0.0,0.0
0.0,0.0
0.0,0.0
0.0,0.0
0.0,53.33
0.0,53.33
0.0,53.33
0.0,53.33
0.0,53.33
0.0,53.33
0.0,53.33
0.0,0.0
0.0,0.0
0.0,0.0
0.0,0.0
0.0,0.0
0.0,0.0
0.0,0.0
0.0,0.0
0.0,0.0
0.0,0.0
0.0,0.0
0.0,0.0
0.0,0.0
0.0,0.0
0.0,0.0
0.0,0.0
0.0,0.0
0.0,0.0
53.33,0.0
53.33,0.0
110.47285714285714,0.0
110.47285714285714,0.0
110.47285714285714,0.0
110.47285714285714,53.33
110.47285714285714,53.33
57.142857142857146,53.33
57.142857142857146,53.33
0.0,53.33
0.0,53.33
0.0,53.33
54.75857142857143,0.0
54.75857142857143,0.0
54.75857142857143,0.0
54.75857142857143,0.0
54.75857142857143,0.0
54.75857142857143,0.0
54.75857142857143,0.0
0.0,0.0
0.0,0.0
0.0,0.0
0.0,0.0
0.0,0.0
0.0,0.0
0.0,0.0
89.67142857142858,0.0
89.67142857142858,0.0
89.67142857142858,0.0
89.67142857142858,0.0
89.67142857142858,0.0
89.67142857142858,0.0
89.67142857142858,0.0
0.0,0.0
0.0,0.0
0.0,0.0
0.0,53.33
0.0,53.33
0.0,53.33
0.0,53.33
0.0,53.33
0.0,53.33
0.0,53.33
0.0,0.0
0.0,0.0
0.0,0.0
0.0,0.0
0.0,44.41428571428571
0.0,44.41428571428571
0.0,44.41428571428571
0.0,44.41428571428571
0.0,44.41428571428571
