transact_c,transact_d
0.0,0.0
0.0,0.0
0.0,0.0
0.0,0.0
0.0,0.0
0.0,0.0
0.0,0.0
0.0,0.0
0.0,57.142857142857146
0.0,57.142857142857146
0.0,57.142857142857146
0.0,57.142857142857146
0.0,57.142857142857146
57.142857142857146,57.142857142857146
57.142857142857146,57.142857142857146
57.142857142857146,44.5
57.142857142857146,44.5
57.142857142857146,44.5
101.64285714285714,44.5
101.64285714285714,44.5
44.5,44.5
44.5,44.5
44.5,0.0
44.5,0.0
44.5,0.0
0.0,0.0
0.0,0.0
0.0,57.142857142857146
0.0,57.142857142857146
0.0,57.142857142857146
0.0,57.142857142857146
0.0,57.142857142857146
0.0,57.142857142857146
0.0,57.142857142857146
0.0,0.0
0.0,0.0
0.0,0.0
0.0,0.0
0.0,0.0
0.0,0.0
0.0,0.0
0.0,0.0
57.142857142857146,0.0
57.142857142857146,0.0
57.142857142857146,0.0
57.142857142857146,0.0
57.142857142857146,44.5
57.142857142857146,44.5
57.142857142857146,44.5
0.0,44.5
0.0,44.5
0.0,44.5
0.0,44.5
0.0,0.0
0.0,0.0
0.0,0.0
0.0,0.0
0.0,0.0
0.0,0.0
0.0,0.0
0.0,0.0
0.0,0.0
0.0,0.0
0.0,0.0
0.0,0.0
0.0,0.0
0.0,0.0
0.0,0.0
0.0,0.0
0.0,0.0
0.0,0.0
0.0,0.0
0.0,0.0
0.0,0.0
0.0,44.5
0.0,44.5
0.0,44.5
0.0,44.5
0.0,44.5
0.0,44.5
0.0,44.5
0.0,0.0
0.0,0.0
0.0,0.0
0.0,0.0
0.0,0.0
0.0,0.0
0.0,0.0
0.0,0.0
0.0,0.0
0.0,0.0
0.0,0.0
0.0,0.0
0.0,0.0
0.0,0.0
0.0,0.0
0.0,0.0
0.0,0.0
0.0,0.0
0.0,0.0
0.0,0.0
0.0,0.0
0.0,0.0
0.0,0.0
0.0,0.0
0.0,44.5
0.0,44.5
0.0,44.5
0.0,44.5
0.0,44.5
0.0,44.5
0.0,44.5
0.0,0.0
0.0,0.0
0.0,0.0
0.0,0.0
0.0,0.0
0.0,0.0
0.0,0.0
0.0,0.0
0.0,0.0
0.0,0.0
0.0,0.0
0.0,0.0
0.0,0.0
0.0,0.0
101.64285714285714,57.142857142857146
101.64285714285714,57.142857142857146
101.64285714285714,57.142857142857146
101.64285714285714,57.142857142857146
101.64285714285714,57.142857142857146
101.64285714285714,57.142857142857146
101.64285714285714,57.142857142857146
0.0,0.0
0.0,0.0
0.0,44.5
0.0,44.5
0.0,44.5
0.0,44.5
0.0,44.5
0.0,44.5
0.0,44.5
0.0,0.0
0.0,57.142857142857146
0.0,57.142857142857146
0.0,57.142857142857146
0.0,57.142857142857146
0.0,57.142857142857146
101.64285714285714,114.28571428571429
101.64285714285714,114.28571428571429
101.64285714285714,57.142857142857146
101.64285714285714,57.142857142857146
101.64285714285714,57.142857142857146
101.64285714285714,57.142857142857146
101.64285714285714,57.142857142857146
0.0,0.0
0.0,0.0
0.0,0.0
0.0,0.0
0.0,0.0
0.0,0.0
0.0,0.0
0.0,0.0
0.0,0.0
0.0,0.0
0.0,0.0
0.0,44.5
0.0,44.5
0.0,44.5
0.0,44.5
0.0,44.5
0.0,44.5
0.0,44.5
0.0,0.0
0.0,0.0
