transact_c,transact_d
0.0,0.0
0.0,0.0
0.0,0.0
0.0,0.0
0.0,0.0
0.0,0.0
0.0,0.0
0.0,0.0
0.0,0.0
0.0,0.0
0.0,0.0
0.0,14.285714285714286
0.0,14.285714285714286
0.0,14.285714285714286
0.0,14.285714285714286
0.0,14.285714285714286
1.5485714285714285,14.285714285714286
1.5485714285714285,23.805714285714284
1.5485714285714285,9.52
1.5485714285714285,9.52
1.5485714285714285,9.52
1.5485714285714285,9.52
1.5485714285714285,9.52
0.0,9.52
0.0,0.0
0.0,27.985714285714288
0.0,27.985714285714288
0.0,27.985714285714288
0.0,27.985714285714288
0.0,27.985714285714288
0.0,27.985714285714288
0.0,27.985714285714288
0.0,0.0
0.0,0.0
0.0,0.0
0.0,0.0
0.0,0.0
0.0,0.0
0.0,0.0
0.0,0.0
0.0,0.0
0.0,0.0
0.0,0.0
0.0,0.0
0.0,0.0
0.0,0.0
0.0,0.0
0.0,0.0
0.0,9.52
0.0,9.52
0.0,9.52
0.0,9.52
0.0,9.52
0.0,9.52
0.0,9.52
0.0,0.0
9.52,0.0
9.52,0.0
9.52,0.0
9.52,0.0
9.52,0.0
9.52,0.0
9.52,14.285714285714286
0.0,14.285714285714286
0.0,14.285714285714286
0.0,14.285714285714286
0.0,14.285714285714286
0.0,14.285714285714286
0.0,14.285714285714286
0.0,0.0
0.0,0.0
0.0,0.0
0.0,0.0
0.0,0.0
0.0,0.0
0.0,0.0
0.0,9.52
0.0,9.52
0.0,9.52
0.0,9.52
0.0,9.52
0.0,9.52
0.0,9.52
0.0,0.0
9.52,0.0
9.52,0.0
9.52,0.0
9.52,0.0
9.52,0.0
9.52,0.0
9.52,0.0
0.0,0.0
0.0,0.0
0.0,0.0
4690.5199999999995,357.14285714285717
4690.5199999999995,357.14285714285717
4690.5199999999995,357.14285714285717
4690.5199999999995,357.14285714285717
4690.5199999999995,435.7142857142857
4690.5199999999995,435.7142857142857
4690.5199999999995,435.7142857142857
0.0,78.57142857142857
0.0,78.57142857142857
0.0,78.57142857142857
0.0,78.57142857142857
0.0,0.0
0.0,0.0
0.0,9.52
0.0,9.52
0.0,9.52
0.0,9.52
0.0,9.52
0.0,9.52
0.0,9.52
0.0,0.0
0.0,0.0
0.0,0.0
0.0,0.0
0.0,0.0
0.0,0.0
0.0,0.0
0.0,0.0
0.0,0.0
0.0,0.0
0.0,0.0
362.3771428571428,0.0
362.3771428571428,0.0
362.3771428571428,0.0
362.3771428571428,0.0
362.3771428571428,0.0
362.3771428571428,0.0
362.3771428571428,0.0
0.0,0.0
0.0,0.0
0.0,0.0
0.0,0.0
0.0,0.0
0.0,9.52
0.0,9.52
0.0,9.52
0.0,9.52
0.0,9.52
0.0,9.52
0.0,9.52
0.0,0.0
0.0,0.0
0.0,0.0
0.0,0.0
0.0,0.0
0.0,0.0
0.0,0.0
0.0,0.0
0.0,0.0
0.0,0.0
160.62714285714287,0.0
160.62714285714287,0.0
160.62714285714287,0.0
160.62714285714287,0.0
160.62714285714287,0.0
160.62714285714287,0.0
160.62714285714287,0.0
0.0,0.0
0.0,0.0
0.0,0.0
0.0,0.0
0.0,0.0
0.0,0.0
0.0,0.0
0.0,9.52
0.0,9.52
0.0,9.52
0.0,9.52
0.0,9.52
0.0,9.52
0.0,9.52
