transact_c,transact_d
0.0,0.0
0.0,0.0
0.0,0.0
0.0,0.0
0.0,0.0
0.0,0.0
0.0,0.0
0.0,0.0
0.0,0.0
0.0,0.0
0.0,0.0
0.0,0.0
0.0,0.0
0.0,0.0
0.0,0.0
0.0,93.22000000000001
0.0,93.22000000000001
0.0,93.22000000000001
0.0,93.22000000000001
0.0,93.22000000000001
0.0,93.22000000000001
0.0,93.22000000000001
0.0,0.0
0.0,0.0
0.0,0.0
0.0,0.0
0.0,0.0
0.0,0.0
0.0,0.0
0.0,0.0
0.0,0.0
0.0,0.0
93.22,0.0
93.22,0.0
93.22,0.0
93.22,0.0
93.22,0.0
93.22,0.0
93.22,0.0
0.0,0.0
0.0,0.0
0.0,0.0
0.0,0.0
0.0,0.0
0.0,0.0
0.0,0.0
0.0,93.22
0.0,93.22
0.0,93.22
0.0,93.22
0.0,93.22
0.0,93.22
93.22,93.22
93.22,0.0
93.22,0.0
93.22,0.0
93.22,0.0
93.22,0.0
93.22,0.0
0.0,0.0
0.0,0.0
93.22,0.0
93.22,0.0
93.22,0.0
93.22,0.0
93.22,0.0
93.22,0.0
93.22,0.0
0.0,0.0
0.0,0.0
0.0,0.0
0.0,0.0
0.0,0.0
0.0,0.0
0.0,93.22
0.0,93.22
0.0,93.22
0.0,93.22
0.0,93.22
0.0,93.22
0.0,93.22
0.0,0.0
93.22,0.0
93.22,0.0
93.22,0.0
190.01142857142855,0.0
190.01142857142855,0.0
190.01142857142855,0.0
190.01142857142855,0.0
96.79142857142857,0.0
190.01142857142855,0.0
190.01142857142855,0.0
93.22,0.0
93.22,0.0
93.22,0.0
93.22,0.0
93.22,0.0
0.0,0.0
0.0,0.0
0.0,0.0
0.0,0.0
0.0,0.0
0.0,0.0
0.0,0.0
0.0,0.0
0.0,93.22000000000001
0.0,93.22000000000001
0.0,93.22000000000001
0.0,93.22000000000001
0.0,93.22000000000001
0.0,93.22000000000001
0.0,93.22000000000001
0.0,0.0
93.22,0.0
93.22,0.0
93.22,0.0
93.22,0.0
93.22,0.0
93.22,0.0
93.22,0.0
0.0,0.0
0.0,0.0
0.0,0.0
93.22,0.0
93.22,0.0
93.22,0.0
93.22,0.0
93.22,0.0
93.22,0.0
93.22,0.0
0.0,0.0
0.0,0.0
0.0,0.0
0.0,0.0
0.0,0.0
0.0,93.22
0.0,93.22
0.0,93.22
0.0,93.22
0.0,93.22
0.0,93.22
0.0,93.22
0.0,0.0
0.0,0.0
93.22,0.0
93.22,0.0
93.22,0.0
93.22,0.0
93.22,0.0
93.22,0.0
93.22,0.0
0.0,0.0
0.0,0.0
0.0,0.0
0.0,0.0
0.0,0.0
93.22,0.0
93.22,0.0
93.22,0.0
93.22,0.0
93.22,0.0
93.22,0.0
93.22,0.0
0.0,0.0
0.0,0.0
0.0,0.0
0.0,93.22000000000001
0.0,93.22000000000001
0.0,93.22000000000001
0.0,93.22000000000001
0.0,93.22000000000001
0.0,93.22000000000001
0.0,93.22000000000001
0.0,0.0
0.0,0.0
