transact_c,transact_d
7.28,0.0
7.28,0.0
7.28,0.0
7.28,0.0
7.28,0.0
7.28,0.0
7.28,0.0
7.28,0.0
7.28,0.0
7.28,0.0
7.28,0.0
7.28,0.0
7.28,0.0
7.28,0.0
7.28,0.0
7.28,0.0
7.28,0.0
7.28,0.0
7.28,0.0
7.28,0.0
0.0,0.0
0.0,0.0
0.0,0.0
7.28,0.0
7.28,0.0
7.28,0.0
7.28,0.0
7.28,0.0
7.28,0.0
7.28,0.0
7.28,0.0
7.28,0.0
7.28,0.0
7.28,0.0
7.28,0.0
7.28,0.0
7.28,0.0
7.28,0.0
7.28,0.0
7.28,0.0
7.28,0.0
7.28,0.0
7.28,0.0
7.28,0.0
7.28,0.0
7.28,0.0
7.28,0.0
7.28,0.0
7.28,0.0
7.28,0.0
7.28,0.0
6.575714285714286,0.0
6.575714285714286,0.0
6.575714285714286,0.0
6.575714285714286,0.0
6.575714285714286,0.0
6.575714285714286,0.0
6.575714285714286,0.0
6.575714285714286,0.0
6.575714285714286,0.0
6.575714285714286,0.0
6.575714285714286,0.0
6.575714285714286,0.0
6.575714285714286,0.0
6.575714285714286,0.0
6.575714285714286,0.0
6.575714285714286,0.0
6.575714285714286,0.0
6.575714285714286,0.0
6.575714285714286,0.0
6.575714285714286,0.0
6.575714285714286,0.0
6.575714285714286,0.0
6.575714285714286,0.0
6.575714285714286,0.0
6.575714285714286,0.0
6.575714285714286,0.0
6.575714285714286,0.0
6.575714285714286,0.0
0.0,0.0
0.0,0.0
0.0,0.0
7.28,0.0
7.28,0.0
7.28,0.0
7.28,0.0
7.28,0.0
7.28,0.0
7.28,0.0
7.28,0.0
7.28,0.0
7.28,0.0
7.28,0.0
7.28,0.0
7.28,0.0
7.28,0.0
7.28,0.0
7.28,0.0
7.28,0.0
7.28,0.0
7.28,0.0
7.28,0.0
7.28,0.0
7.28,0.0
7.28,0.0
7.28,0.0
7.28,0.0
7.28,0.0
7.28,0.0
7.28,0.0
0.0,0.0
0.0,0.0
7.045714285714285,0.0
7.045714285714285,0.0
7.045714285714285,0.0
7.045714285714285,0.0
7.045714285714285,0.0
7.045714285714285,0.0
7.045714285714285,0.0
7.045714285714285,0.0
7.045714285714285,0.0
7.045714285714285,0.0
7.045714285714285,0.0
7.045714285714285,0.0
7.045714285714285,0.0
7.045714285714285,0.0
7.045714285714285,0.0
7.045714285714285,0.0
7.045714285714285,0.0
7.045714285714285,0.0
7.045714285714285,0.0
7.045714285714285,0.0
7.045714285714285,0.0
7.045714285714285,0.0
7.045714285714285,0.0
7.045714285714285,0.0
7.045714285714285,0.0
7.045714285714285,0.0
7.045714285714285,0.0
7.045714285714285,0.0
0.0,0.0
0.0,0.0
0.0,0.0
7.28,0.0
7.28,0.0
7.28,0.0
7.28,0.0
7.28,0.0
7.28,0.0
7.28,0.0
7.28,0.0
7.28,0.0
7.28,0.0
7.28,0.0
