transact_c,transact_d
0.0,35.714285714285715
0.0,35.714285714285715
0.0,35.714285714285715
0.0,35.714285714285715
0.0,35.714285714285715
0.0,35.714285714285715
0.0,0.0
0.0,0.0
0.0,0.0
0.0,0.0
0.0,0.0
0.0,0.0
0.0,0.0
0.0,0.0
0.0,0.0
0.0,0.0
0.0,0.0
0.0,0.0
0.0,0.0
0.0,0.0
0.0,12.0
0.0,12.0
0.0,12.0
0.0,12.0
0.0,12.0
0.0,12.0
0.0,12.0
0.0,12.0
0.0,12.0
0.0,12.0
0.0,12.0
17.857142857142858,12.0
17.857142857142858,12.0
35.714285714285715,12.0
35.714285714285715,12.0
35.714285714285715,12.0
35.714285714285715,12.0
35.714285714285715,12.0
35.714285714285715,12.0
35.714285714285715,12.0
35.714285714285715,12.0
35.714285714285715,12.0
35.714285714285715,12.0
35.714285714285715,12.0
35.714285714285715,12.0
35.714285714285715,12.0
35.714285714285715,12.0
35.714285714285715,12.0
35.714285714285715,0.0
35.714285714285715,0.0
35.714285714285715,0.0
35.714285714285715,0.0
35.714285714285715,0.0
35.714285714285715,0.0
35.714285714285715,0.0
35.714285714285715,0.0
35.714285714285715,0.0
35.714285714285715,0.0
35.714285714285715,0.0
17.857142857142858,0.0
17.857142857142858,0.0
0.0,0.0
0.0,0.0
0.0,0.0
0.0,0.0
0.0,0.0
0.0,0.0
0.0,0.0
0.0,0.0
0.0,0.0
0.0,0.0
0.0,0.0
0.0,0.0
0.0,0.0
0.0,0.0
0.0,0.0
0.0,0.0
0.0,0.0
0.0,0.0
0.0,0.0
0.0,0.0
0.0,0.0
0.0,0.0
0.0,0.0
0.0,0.0
0.0,0.0
0.0,0.0
0.0,0.0
0.0,0.0
0.0,0.0
0.0,0.0
0.0,0.0
0.0,0.0
0.0,0.0
0.0,0.0
0.0,0.0
0.0,0.0
9.563571428571427,0.0
9.563571428571427,0.0
9.563571428571427,0.0
9.563571428571427,0.0
9.563571428571427,0.0
9.563571428571427,0.0
19.285714285714285,0.0
19.285714285714285,0.0
19.285714285714285,0.0
19.285714285714285,0.0
19.285714285714285,0.0
19.285714285714285,0.0
19.285714285714285,0.0
19.285714285714285,0.0
19.285714285714285,0.0
19.285714285714285,0.0
19.285714285714285,0.0
19.285714285714285,0.0
19.285714285714285,0.0
19.285714285714285,0.0
19.285714285714285,0.0
19.285714285714285,0.0
19.285714285714285,0.0
19.285714285714285,0.0
19.285714285714285,0.0
19.285714285714285,0.0
19.285714285714285,0.0
19.285714285714285,0.0
9.722142857142858,0.0
9.722142857142858,0.0
9.722142857142858,0.0
9.722142857142858,0.0
9.722142857142858,0.0
9.722142857142858,0.0
0.0,0.0
0.0,0.0
0.0,0.0
0.0,0.0
0.0,0.0
0.0,0.0
0.0,0.0
0.0,0.0
0.0,0.0
0.0,0.0
0.0,0.0
0.0,0.0
0.0,0.0
0.0,0.0
0.0,0.0
0.0,0.0
0.0,0.0
0.0,0.0
0.0,0.0
0.0,0.0
0.0,0.0
0.0,0.0
0.0,0.0
