transact_c,transact_d
0.0,195.0
0.0,195.0
0.0,195.0
0.0,195.0
0.0,195.0
0.0,195.0
0.0,194.42857142857142
0.0,194.42857142857142
0.0,194.42857142857142
0.0,0.0
0.0,0.0
0.0,0.0
0.0,0.0
0.0,0.0
0.0,0.0
0.0,0.0
0.0,0.0
0.0,0.0
0.0,0.0
0.0,0.0
0.0,0.0
0.0,0.0
1428.5714285714287,0.0
1428.5714285714287,0.0
1428.5714285714287,0.0
1428.5714285714287,0.0
1428.5714285714287,0.0
1428.5714285714287,0.0
1428.5714285714287,0.0
1428.5714285714287,0.0
1428.5714285714287,0.0
1428.5714285714287,0.0
1428.5714285714287,0.0
1428.5714285714287,0.0
1428.5714285714287,0.0
1428.5714285714287,0.0
1428.5714285714287,0.0
1428.5714285714287,0.0
1428.5714285714287,0.0
1428.5714285714287,0.0
1928.5714285714287,0.0
1928.5714285714287,0.0
1928.5714285714287,0.0
1928.5714285714287,0.0
1928.5714285714287,0.0
1928.5714285714287,0.0
1928.5714285714287,0.0
1928.5714285714287,0.0
1928.5714285714287,0.0
1928.5714285714287,0.0
500.0,0.0
500.0,0.0
500.0,0.0
500.0,0.0
500.0,0.0
500.0,0.0
500.0,0.0
500.0,0.0
500.0,0.0
500.0,0.0
500.0,0.0
500.0,0.0
500.0,0.0
500.0,0.0
500.0,0.0
500.0,0.0
500.0,0.0
500.0,0.0
0.0,0.0
0.0,0.0
0.0,0.0
0.0,0.0
0.0,0.0
0.0,0.0
0.0,0.0
0.0,0.0
0.0,0.0
0.0,0.0
0.0,0.0
0.0,0.0
0.0,0.0
0.0,0.0
0.0,0.0
0.0,0.0
0.0,0.0
0.0,0.0
0.0,0.0
0.0,0.0
0.0,0.0
0.0,0.0
0.0,0.0
0.0,0.0
0.0,0.0
0.0,99.28571428571429
0.0,198.57142857142858
0.0,297.85714285714283
0.0,397.14285714285717
0.0,496.42857142857144
0.0,595.7142857142857
0.0,695.0
0.0,794.2857142857143
0.0,893.5714285714286
0.0,992.8571428571429
0.0,1092.142857142857
0.0,1191.4285714285713
0.0,1191.4285714285713
0.0,1191.4285714285713
0.0,1191.4285714285713
0.0,1191.4285714285713
0.0,1191.4285714285713
0.0,1191.4285714285713
0.0,1191.4285714285713
0.0,1191.4285714285713
0.0,1191.4285714285713
0.0,1191.4285714285713
0.0,1191.4285714285713
0.0,1191.4285714285713
0.0,1191.4285714285713
0.0,1191.4285714285713
0.0,1191.4285714285713
0.0,1191.4285714285713
0.0,1092.142857142857
0.0,992.8571428571429
0.0,893.5714285714286
0.0,794.2857142857143
0.0,695.0
0.0,595.7142857142857
0.0,496.42857142857144
0.0,397.14285714285717
0.0,297.85714285714283
0.0,198.57142857142858
0.0,99.28571428571429
0.0,0.0
0.0,0.0
0.0,0.0
0.0,0.0
0.0,0.0
0.0,0.0
0.0,0.0
0.0,0.0
0.0,0.0
0.0,0.0
0.0,0.0
0.0,0.0
0.0,0.0
0.0,0.0
0.0,0.0
0.0,0.0
0.0,0.0
0.0,0.0
0.0,0.0
0.0,0.0
0.0,0.0
0.0,0.0
