transact_c,transact_d
0.0,0.17500000000000002
0.0,0.17500000000000002
0.0,0.17500000000000002
0.0,0.17500000000000002
0.0,0.17500000000000002
0.0,0.17500000000000002
0.0,0.17500000000000002
0.0,0.17500000000000002
0.0,0.17500000000000002
46.03464285714286,43.03214285714286
46.03464285714286,43.03214285714286
46.03464285714286,43.03214285714286
46.03464285714286,42.857142857142854
46.03464285714286,42.857142857142854
46.03464285714286,42.857142857142854
81.48821428571429,42.857142857142854
81.48821428571429,42.857142857142854
81.48821428571429,42.857142857142854
81.48821428571429,42.857142857142854
81.48821428571429,42.857142857142854
81.48821428571429,42.857142857142854
81.48821428571429,42.857142857142854
81.48821428571429,42.857142857142854
81.48821428571429,42.857142857142854
81.48821428571429,42.857142857142854
81.48821428571429,42.857142857142854
81.48821428571429,42.857142857142854
81.48821428571429,42.857142857142854
81.48821428571429,42.857142857142854
81.48821428571429,42.857142857142854
81.48821428571429,42.857142857142854
81.48821428571429,42.857142857142854
81.48821428571429,42.857142857142854
81.48821428571429,42.857142857142854
81.48821428571429,42.857142857142854
81.48821428571429,42.857142857142854
81.48821428571429,42.857142857142854
35.45357142857143,0.0
35.45357142857143,0.0
35.45357142857143,0.0
35.45357142857143,0.0
35.45357142857143,0.0
35.45357142857143,0.0
0.0,50.0
0.0,50.0
0.0,50.0
0.0,50.0
0.0,50.0
0.0,50.0
0.0,50.0
0.0,50.0
0.0,50.0
0.0,50.0
0.0,50.0
0.0,50.0
0.0,50.0
0.0,50.0
0.0,50.0
0.0,50.0
0.0,50.0
0.0,50.0
0.0,50.0
0.0,50.0
0.0,50.0
0.0,50.0
0.0,50.0
0.0,50.0
0.0,50.0
0.0,50.0
0.0,50.0
0.0,50.0
0.0,0.0
0.0,0.0
0.0,0.0
0.0,0.0
0.0,0.0
0.0,0.0
0.0,0.0
0.0,0.0
0.0,0.0
0.0,0.0
0.0,0.0
0.0,0.0
0.0,0.0
0.0,0.0
0.0,0.0
0.0,0.0
0.0,0.0
0.0,0.0
0.0,0.0
0.0,0.0
0.0,0.0
0.0,0.0
0.0,0.0
0.0,0.0
0.0,0.0
0.0,0.0
0.0,0.0
0.0,0.0
0.0,0.0
0.0,0.0
0.0,0.0
0.0,0.0
0.0,0.0
0.0,0.0
0.0,0.0
0.0,0.0
0.0,0.0
0.0,0.0
0.0,0.0
0.0,0.0
0.0,0.0
0.0,0.0
0.0,0.0
0.0,0.0
0.0,0.0
0.0,0.0
0.0,0.0
0.0,0.0
0.0,0.0
0.0,0.0
0.0,0.0
0.0,0.0
0.0,0.0
0.0,0.0
0.0,0.0
0.0,0.0
0.0,0.0
0.0,0.0
0.0,0.0
0.0,0.0
0.0,0.0
0.0,0.0
0.0,0.0
0.0,0.0
0.0,0.0
0.0,0.0
0.0,0.0
0.0,0.0
0.0,0.0
0.0,0.0
0.0,0.0
0.0,0.0
0.0,0.0
0.0,0.0
0.0,0.0
0.0,0.0
0.0,0.0
0.0,0.0
0.0,0.0
0.0,0.0
0.0,0.0
0.0,0.0
0.0,0.0
