transact_c,transact_d
0.0,13.5
0.0,13.5
0.0,13.5
0.0,13.5
0.0,13.5
0.0,13.5
0.0,13.5
0.0,13.5
0.0,13.5
0.0,13.5
0.0,13.5
0.0,13.5
0.0,13.5
0.0,13.5
0.0,13.5
0.0,13.5
0.0,54.5
0.0,54.5
0.0,54.5
0.0,54.5
0.0,54.5
0.0,54.5
0.0,54.5
0.0,41.0
0.0,41.0
0.0,41.0
0.0,41.0
0.0,41.0
0.0,41.0
0.0,41.0
0.0,41.0
0.0,41.0
0.0,41.0
0.0,41.0
0.0,41.0
0.0,41.0
0.0,41.0
0.0,41.0
0.0,41.0
0.0,41.0
0.0,41.0
0.0,41.0
0.0,41.0
0.0,41.0
0.0,0.0
0.0,0.0
0.0,0.0
0.35714285714285715,41.00892857142857
0.35714285714285715,41.00892857142857
0.35714285714285715,41.00892857142857
0.35714285714285715,41.00892857142857
0.35714285714285715,41.00892857142857
0.35714285714285715,41.00892857142857
0.35714285714285715,41.00892857142857
0.35714285714285715,41.00892857142857
0.35714285714285715,41.00892857142857
0.35714285714285715,41.00892857142857
0.35714285714285715,41.00892857142857
0.35714285714285715,41.00892857142857
0.35714285714285715,41.00892857142857
0.35714285714285715,41.00892857142857
0.35714285714285715,41.00892857142857
0.35714285714285715,41.00892857142857
0.35714285714285715,41.00892857142857
0.35714285714285715,41.00892857142857
0.35714285714285715,41.00892857142857
0.35714285714285715,41.00892857142857
0.35714285714285715,41.00892857142857
0.35714285714285715,41.00892857142857
0.35714285714285715,41.00892857142857
0.35714285714285715,41.00892857142857
0.35714285714285715,41.00892857142857
0.35714285714285715,41.00892857142857
0.35714285714285715,41.00892857142857
0.35714285714285715,41.00892857142857
0.0,0.0
0.0,0.0
0.0,0.0
0.0,0.0
0.0,0.0
0.0,0.0
0.0,0.0
0.0,0.0
0.0,0.0
0.0,0.0
0.0,0.0
0.0,0.0
0.0,0.0
0.0,0.0
0.0,0.0
0.0,0.0
0.0,0.0
0.0,0.0
0.0,41.0
0.0,41.0
0.0,41.0
0.0,41.0
0.0,41.0
0.0,41.0
0.0,41.0
0.0,41.0
0.0,41.0
0.0,41.0
0.0,41.0
0.0,41.0
0.0,41.0
0.0,41.0
0.0,41.0
0.0,41.0
0.0,41.0
0.0,41.0
0.0,41.0
0.0,41.0
0.0,41.0
0.0,41.0
0.0,41.0
0.0,41.0
0.0,41.0
0.0,41.0
0.0,41.0
0.0,41.0
0.0,0.0
0.0,0.0
0.0,0.0
0.0,0.0
0.0,0.0
0.0,0.0
0.0,0.0
0.0,0.0
0.0,0.0
0.0,0.0
0.0,0.0
0.0,0.0
0.0,0.0
0.0,0.0
0.0,0.0
0.0,0.0
0.0,30.66857142857143
0.0,30.66857142857143
0.0,30.66857142857143
0.0,30.66857142857143
0.0,30.66857142857143
0.0,30.66857142857143
0.0,30.66857142857143
0.0,30.66857142857143
0.0,30.66857142857143
0.0,30.66857142857143
0.0,30.66857142857143
0.0,30.66857142857143
0.0,30.66857142857143
0.0,30.66857142857143
0.0,30.66857142857143
0.0,30.66857142857143
0.0,30.66857142857143
