transact_c,transact_d
0.0,0.0
0.0,0.0
0.0,0.0
0.0,0.0
0.0,0.0
0.0,0.0
64.28571428571429,0.0
64.28571428571429,0.0
64.28571428571429,0.0
64.28571428571429,0.0
64.28571428571429,0.0
64.28571428571429,0.0
64.28571428571429,0.0
64.28571428571429,0.0
64.28571428571429,0.0
64.28571428571429,0.0
64.28571428571429,0.0
64.28571428571429,0.0
64.28571428571429,0.0
64.28571428571429,0.0
64.28571428571429,0.0
64.28571428571429,0.0
64.28571428571429,0.0
64.28571428571429,0.0
64.28571428571429,0.0
64.28571428571429,0.0
64.28571428571429,0.0
64.28571428571429,0.0
64.28571428571429,0.0
64.28571428571429,0.0
64.28571428571429,0.0
64.28571428571429,0.0
64.28571428571429,0.0
64.28571428571429,0.0
0.0,0.0
0.0,0.0
0.0,0.0
0.0,0.0
0.0,0.0
28.571428571428573,0.0
28.571428571428573,0.0
28.571428571428573,0.0
28.571428571428573,0.0
28.571428571428573,0.0
28.571428571428573,0.0
28.571428571428573,0.0
28.571428571428573,0.0
28.571428571428573,0.0
28.571428571428573,0.0
28.571428571428573,0.0
57.142857142857146,0.0
57.142857142857146,0.0
57.142857142857146,0.0
57.142857142857146,0.0
57.142857142857146,0.0
57.142857142857146,0.0
57.142857142857146,0.0
57.142857142857146,0.0
57.142857142857146,0.0
57.142857142857146,0.0
57.142857142857146,0.0
57.142857142857146,0.0
57.142857142857146,0.0
57.142857142857146,0.0
71.42857142857143,0.0
71.42857142857143,0.0
107.14285714285714,0.0
78.57142857142857,0.0
78.57142857142857,0.0
78.57142857142857,0.0
78.57142857142857,0.0
78.57142857142857,0.0
78.57142857142857,0.0
78.57142857142857,0.0
78.57142857142857,0.0
78.57142857142857,0.0
78.57142857142857,0.0
78.57142857142857,0.0
50.0,0.0
50.0,0.0
50.0,0.0
50.0,0.0
50.0,0.0
50.0,0.0
50.0,0.0
50.0,0.0
50.0,0.0
50.0,0.0
50.0,0.0
50.0,0.0
50.0,0.0
50.0,0.0
35.714285714285715,0.0
35.714285714285715,0.0
0.0,0.0
0.0,0.0
0.0,0.0
0.0,0.0
0.0,0.0
0.0,0.0
0.0,0.0
0.0,0.0
0.0,0.0
0.0,0.0
0.0,0.0
0.0,0.0
0.0,0.0
0.0,0.0
0.0,0.0
0.0,0.0
0.0,0.0
0.0,0.0
0.0,0.0
0.0,0.0
0.0,0.0
0.0,0.0
0.0,0.0
0.0,0.0
0.0,0.0
0.0,0.0
0.0,0.0
0.0,0.0
0.0,0.0
0.0,0.0
0.0,0.0
0.0,0.0
0.0,0.0
0.0,0.0
0.0,0.0
0.0,0.0
0.0,0.0
0.0,0.0
0.0,0.0
0.0,0.0
0.0,0.0
0.0,0.0
0.0,0.0
0.0,0.0
0.0,0.0
0.0,3.5714285714285716
0.0,17.857142857142858
0.0,17.857142857142858
0.0,17.857142857142858
0.0,17.857142857142858
0.0,17.857142857142858
0.0,17.857142857142858
0.0,17.857142857142858
0.0,17.857142857142858
0.0,17.857142857142858
0.0,17.857142857142858
0.0,17.857142857142858
0.0,17.857142857142858
0.0,17.857142857142858
0.0,17.857142857142858
