transact_c,transact_d
0.0,0.0
0.0,0.0
0.0,0.0
0.0,0.0
0.0,0.0
0.0,0.0
0.0,0.0
0.0,0.0
0.0,0.0
0.0,0.0
0.0,0.0
0.0,0.0
0.0,0.0
0.0,0.0
0.0,0.0
0.0,0.0
0.0,0.0
0.0,0.0
0.0,0.0
0.0,0.0
0.0,0.0
0.0,0.0
0.0,0.0
0.0,0.0
0.0,0.0
0.0,0.0
0.0,0.0
0.0,0.0
0.0,0.0
0.0,0.0
0.0,0.0
0.0,0.0
0.0,0.0
0.0,0.0
0.0,0.0
0.0,0.0
0.0,0.0
0.0,0.0
0.0,0.0
0.0,0.0
0.0,0.0
0.0,0.0
0.0,0.0
0.0,0.0
0.0,0.0
0.0,0.0
0.0,0.0
0.0,0.0
0.0,0.0
0.0,0.0
0.0,0.0
0.0,0.0
0.0,0.0
0.0,0.0
0.0,0.0
0.0,0.0
0.0,0.0
0.0,0.0
0.0,0.0
0.0,0.0
0.0,0.0
0.0,0.0
0.0,0.0
0.0,0.0
0.0,0.0
0.0,0.0
0.0,0.0
0.0,0.0
0.0,0.0
0.0,0.0
0.0,0.0
0.0,0.0
0.0,0.0
0.0,0.0
0.0,0.0
0.0,0.0
0.0,0.0
0.0,0.0
0.0,0.0
0.0,0.0
0.0,0.0
0.0,0.0
0.0,0.0
0.0,0.0
0.0,0.0
0.0,0.0
0.0,0.0
0.0,0.0
0.0,0.0
0.0,0.0
0.0,0.0
0.0,0.0
0.0,0.0
0.0,0.0
0.0,0.0
0.0,0.0
0.0,0.0
0.0,0.0
0.0,525.0714285714286
0.0,525.0714285714286
0.0,525.0714285714286
0.0,525.0714285714286
0.0,525.0714285714286
0.0,525.0714285714286
0.0,525.0714285714286
0.0,525.0714285714286
0.0,525.0714285714286
0.0,525.0714285714286
0.0,525.0714285714286
1817.6128571428574,525.0714285714286
1817.6128571428574,526.5
1817.6128571428574,526.5
1817.6128571428574,526.5
1817.6128571428574,526.5
1817.6128571428574,526.5
1817.6128571428574,526.5
1817.6128571428574,526.5
1817.6128571428574,526.5
1817.6128571428574,526.5
1817.6128571428574,526.5
1817.6128571428574,526.5
1817.6128571428574,526.5
1817.6128571428574,526.5
1817.8735714285717,526.5
1817.8735714285717,526.5
1817.8735714285717,526.5
1817.8735714285717,1.4285714285714286
1817.8735714285717,1.4285714285714286
1817.8735714285717,1.4285714285714286
1817.8735714285717,1.4285714285714286
1817.8735714285717,1.4285714285714286
1817.8735714285717,1.4285714285714286
1817.8735714285717,1.4285714285714286
1817.8735714285717,1.4285714285714286
1817.8735714285717,1.4285714285714286
1817.8735714285717,1.4285714285714286
1817.8735714285717,1.4285714285714286
0.26071428571428573,1.4285714285714286
0.26071428571428573,0.0
0.26071428571428573,0.0
0.26071428571428573,165.415
0.26071428571428573,165.415
0.26071428571428573,165.415
0.26071428571428573,165.415
0.26071428571428573,165.415
0.26071428571428573,165.415
0.26071428571428573,165.415
0.26071428571428573,165.415
0.26071428571428573,165.415
0.26071428571428573,165.415
0.26071428571428573,165.415
0.0,165.415
0.0,165.415
0.0,165.415
