transact_c,transact_d
0.0,0.0
0.0,0.0
0.0,0.0
0.0,0.0
0.0,0.0
0.0,0.0
0.0,0.0
0.0,0.0
0.0,0.0
0.0,0.0
0.0,0.0
0.0,0.0
0.0,0.0
0.0,0.0
0.0,0.0
0.0,0.0
0.0,0.0
0.0,0.0
0.0,0.0
0.0,0.0
0.0,0.0
0.0,0.0
0.0,0.0
0.0,0.0
0.0,0.0
0.0,0.0
0.0,0.0
0.0,0.0
0.0,0.0
0.0,0.0
0.0,0.0
0.0,0.0
0.0,0.0
0.0,0.0
0.0,0.0
0.0,0.0
0.0,0.0
0.0,0.0
0.0,0.0
0.0,0.0
0.0,0.0
0.0,0.0
10.714285714285714,0.0
10.714285714285714,0.0
10.714285714285714,0.0
10.714285714285714,0.0
10.714285714285714,0.0
10.714285714285714,0.0
10.714285714285714,0.0
10.714285714285714,0.0
10.714285714285714,0.0
10.714285714285714,0.0
10.714285714285714,0.0
10.714285714285714,0.0
10.714285714285714,0.0
10.714285714285714,0.0
10.714285714285714,0.0
10.714285714285714,0.0
10.714285714285714,0.0
10.714285714285714,0.0
10.714285714285714,0.0
10.714285714285714,0.0
10.714285714285714,0.0
10.714285714285714,0.0
10.714285714285714,0.0
10.714285714285714,0.0
10.714285714285714,0.0
10.714285714285714,0.0
10.714285714285714,0.0
10.714285714285714,0.0
0.0,0.0
0.0,0.0
0.0,0.0
0.0,0.0
0.0,0.0
0.0,0.0
0.0,0.0
0.0,0.0
0.0,0.0
0.0,0.0
0.0,0.0
0.0,0.0
0.0,0.0
12.5,0.0
12.5,0.0
12.5,0.0
12.5,0.0
12.5,0.0
12.5,0.0
12.5,0.0
12.5,0.0
12.5,0.0
12.5,0.0
12.5,0.0
12.5,0.0
12.5,0.0
12.5,0.0
12.5,0.0
12.5,0.0
12.5,0.0
12.5,0.0
12.5,0.0
12.5,0.0
12.5,0.0
12.5,0.0
12.5,0.0
12.5,0.0
12.5,0.0
12.5,0.0
12.5,0.0
12.5,0.0
0.0,0.0
0.0,0.0
10.714285714285714,0.0
10.714285714285714,0.0
10.714285714285714,0.0
10.714285714285714,0.0
10.714285714285714,0.0
10.714285714285714,0.0
10.714285714285714,0.0
28.571428571428573,0.0
28.571428571428573,0.0
28.571428571428573,0.0
28.571428571428573,0.0
28.571428571428573,0.0
28.571428571428573,0.0
28.571428571428573,0.0
28.571428571428573,0.0
28.571428571428573,0.0
28.571428571428573,0.0
28.571428571428573,0.0
28.571428571428573,0.0
28.571428571428573,0.0
28.571428571428573,0.0
28.571428571428573,0.0
64.28571428571429,0.0
64.28571428571429,0.0
64.28571428571429,0.0
64.28571428571429,0.0
64.28571428571429,0.0
64.28571428571429,0.0
53.57142857142857,0.0
53.57142857142857,0.0
53.57142857142857,0.0
53.57142857142857,0.0
53.57142857142857,0.0
53.57142857142857,0.0
53.57142857142857,0.0
35.714285714285715,0.0
35.714285714285715,0.0
35.714285714285715,0.0
35.714285714285715,0.0
35.714285714285715,0.0
35.714285714285715,0.0
