transact_c,transact_d
0.0,0.0
0.0,0.0
0.0,0.0
0.0,0.0
0.0,0.0
0.0,0.0
0.0,0.0
0.0,0.0
0.0,0.0
0.0,0.0
0.0,0.0
0.0,0.0
0.0,0.0
0.0,0.0
0.0,0.0
0.0,0.0
0.0,0.0
0.0,0.0
0.0,0.0
0.0,0.0
0.0,0.0
0.0,0.0
0.0,0.0
0.0,0.0
0.0,0.0
0.0,0.0
0.0,0.0
0.0,0.0
0.0,0.0
0.0,0.0
0.0,0.0
0.0,0.0
0.0,0.0
178.57142857142858,0.0
178.57142857142858,0.0
178.57142857142858,0.0
178.57142857142858,0.0
178.57142857142858,0.0
178.57142857142858,0.0
178.57142857142858,0.0
178.57142857142858,0.0
178.57142857142858,0.0
178.57142857142858,0.0
178.57142857142858,0.0
178.57142857142858,0.0
178.57142857142858,0.0
178.57142857142858,0.0
178.57142857142858,0.0
357.14285714285717,50.0
357.14285714285717,50.0
357.14285714285717,50.0
357.14285714285717,50.0
357.14285714285717,50.0
357.14285714285717,50.0
418.4214285714285,50.0
418.4214285714285,50.0
418.4214285714285,50.0
418.4214285714285,50.0
418.4214285714285,50.0
418.4214285714285,50.0
418.4214285714285,50.0
239.85,50.0
239.85,50.0
239.85,50.0
239.85,50.0
239.85,50.0
239.85,50.0
239.85,50.0
239.85,50.0
239.85,50.0
239.85,50.0
239.85,50.0
239.85,50.0
239.85,50.0
239.85,50.0
239.85,50.0
61.278571428571425,0.0
61.278571428571425,0.0
61.278571428571425,0.0
61.278571428571425,0.0
61.278571428571425,0.0
61.278571428571425,0.0
0.0,0.0
0.0,0.0
0.0,0.0
0.0,0.0
0.0,0.0
0.0,0.0
0.0,0.0
0.0,0.0
0.0,0.0
0.0,0.0
0.0,0.0
0.0,35.714285714285715
0.0,35.714285714285715
0.0,35.714285714285715
0.0,35.714285714285715
0.0,35.714285714285715
0.0,35.714285714285715
0.0,35.714285714285715
0.0,35.714285714285715
0.0,35.714285714285715
0.0,35.714285714285715
0.0,35.714285714285715
0.0,35.714285714285715
0.0,35.714285714285715
0.0,35.714285714285715
0.0,35.714285714285715
0.0,35.714285714285715
0.0,35.714285714285715
0.0,35.714285714285715
0.0,85.71428571428571
0.0,85.71428571428571
0.0,85.71428571428571
0.0,85.71428571428571
0.0,85.71428571428571
0.0,85.71428571428571
0.0,85.71428571428571
0.0,85.71428571428571
0.0,85.71428571428571
0.0,85.71428571428571
0.0,50.0
0.0,50.0
0.0,50.0
0.0,50.0
0.0,50.0
0.0,50.0
0.0,100.0
0.0,100.0
0.0,100.0
0.0,100.0
0.0,100.0
0.0,100.0
0.0,100.0
0.0,100.0
0.0,100.0
0.0,100.0
0.0,100.0
0.0,100.0
0.0,50.0
0.0,50.0
0.0,100.0
0.0,100.0
0.0,100.0
0.0,100.0
0.0,100.0
0.0,100.0
0.0,100.0
0.0,100.0
0.0,100.0
0.0,100.0
0.0,100.0
0.0,100.0
0.0,100.0
