transact_c,transact_d
0.0,31.321428571428573
0.0,31.321428571428573
0.0,31.321428571428573
0.0,31.321428571428573
0.0,31.321428571428573
0.0,31.321428571428573
0.0,0.0
0.0,0.0
0.0,0.0
0.0,0.0
0.0,0.0
0.0,0.0
0.0,0.0
0.0,7.142857142857143
0.0,7.142857142857143
0.0,7.142857142857143
0.0,7.142857142857143
0.0,7.142857142857143
0.0,7.142857142857143
0.0,7.142857142857143
0.0,7.142857142857143
0.0,7.142857142857143
0.0,7.142857142857143
0.0,7.142857142857143
0.0,7.142857142857143
0.0,7.142857142857143
0.0,7.142857142857143
0.0,7.142857142857143
0.0,7.142857142857143
0.0,7.142857142857143
0.0,7.142857142857143
0.0,7.142857142857143
0.0,7.142857142857143
0.0,7.142857142857143
0.0,7.142857142857143
0.0,7.142857142857143
0.0,7.142857142857143
0.0,7.142857142857143
0.0,7.142857142857143
0.0,7.142857142857143
0.0,7.142857142857143
0.0,0.0
0.0,0.0
0.0,0.0
0.0,0.0
0.0,0.0
0.0,0.0
0.0,0.0
0.0,0.0
0.0,0.0
0.0,0.0
0.0,0.0
0.0,0.0
0.0,0.0
0.0,0.0
0.0,0.0
0.0,0.0
0.0,0.0
0.0,0.0
0.0,0.0
0.0,0.0
0.0,0.0
0.0,0.0
0.0,0.0
0.0,0.0
0.0,0.0
0.0,0.0
0.0,0.0
0.0,75.0
0.0,75.0
0.0,75.0
0.0,75.0
0.0,89.28571428571429
0.0,89.28571428571429
0.0,89.28571428571429
0.0,89.28571428571429
0.0,89.28571428571429
0.0,89.28571428571429
0.0,89.28571428571429
0.0,89.28571428571429
0.0,89.28571428571429
0.0,89.28571428571429
0.0,89.28571428571429
0.0,89.28571428571429
0.0,89.28571428571429
0.0,89.28571428571429
0.0,89.28571428571429
0.0,89.28571428571429
0.0,89.28571428571429
0.0,89.28571428571429
0.0,89.28571428571429
0.0,89.28571428571429
0.0,89.28571428571429
0.0,89.28571428571429
0.0,89.28571428571429
0.0,89.28571428571429
0.0,14.285714285714286
0.0,14.285714285714286
0.0,14.285714285714286
0.0,14.285714285714286
0.0,0.0
0.0,0.0
0.0,0.0
0.0,0.0
0.0,0.0
0.0,0.0
0.0,0.0
0.0,0.0
0.0,0.0
0.0,0.0
0.0,0.0
0.0,0.0
0.0,0.0
0.0,0.0
0.0,0.0
0.0,0.0
0.0,59.75
0.0,59.75
0.0,59.75
0.0,59.75
0.0,59.75
0.0,59.75
0.0,59.75
0.0,59.75
0.0,59.75
0.0,59.75
0.0,59.75
0.0,59.75
0.0,59.75
0.0,59.75
0.0,59.75
0.0,59.75
0.0,59.75
0.0,59.75
0.0,59.75
0.0,59.75
0.0,59.75
0.0,59.75
0.0,59.75
0.0,59.75
0.0,59.75
0.0,59.75
0.0,59.75
0.0,59.75
0.0,0.0
0.0,0.0
0.0,0.0
0.0,0.0
0.0,0.0
0.0,0.0
0.0,0.0
0.0,0.0
0.0,0.0
0.0,0.0
