transact_c,transact_d
125.0,0.0
125.0,0.0
125.0,0.0
125.0,0.0
125.0,0.0
125.0,0.0
125.0,0.0
125.0,0.0
125.0,0.0
125.0,0.0
125.0,0.0
125.0,0.0
125.0,0.0
125.0,0.0
125.0,0.0
125.0,0.0
125.0,0.0
125.0,0.0
125.0,0.0
125.0,0.0
125.0,0.0
125.0,0.0
125.0,0.0
125.0,0.0
125.0,0.0
125.0,0.0
125.0,0.0
125.0,0.0
0.0,0.0
0.0,0.0
0.0,0.0
125.0,0.0
125.0,0.0
125.0,0.0
125.0,0.0
125.0,0.0
125.0,0.0
125.0,0.0
125.0,0.0
125.0,0.0
125.0,0.0
125.0,0.0
125.0,0.0
125.0,0.0
125.0,0.0
125.0,0.0
125.0,0.0
125.0,0.0
125.0,0.0
125.0,0.0
125.0,0.0
125.0,0.0
125.0,0.0
125.0,0.0
125.0,0.0
125.0,0.0
125.0,0.0
250.0,0.0
250.0,0.0
125.0,0.0
125.0,0.0
125.0,0.0
125.0,0.0
125.0,0.0
125.0,0.0
125.0,0.0
125.0,0.0
125.0,0.0
125.0,0.0
125.0,0.0
125.0,0.0
125.0,0.0
125.0,0.0
125.0,0.0
125.0,0.0
125.0,0.0
125.0,0.0
125.0,0.0
125.0,0.0
125.0,0.0
125.0,0.0
125.0,0.0
125.0,0.0
125.0,0.0
125.0,0.0
0.0,0.0
0.0,0.0
0.0,0.0
0.0,0.0
0.0,0.0
125.0,0.0
125.0,0.0
125.0,0.0
125.0,99.53571428571429
125.0,249.24821428571428
125.0,348.7839285714286
125.0,448.31964285714287
125.0,547.8553571428572
125.0,647.3910714285714
125.0,746.9267857142858
125.0,846.4625
125.0,945.9982142857143
125.0,1045.5339285714285
125.0,1145.069642857143
125.0,1244.605357142857
125.0,1244.605357142857
125.0,1244.605357142857
125.0,1244.605357142857
125.0,1244.605357142857
125.0,1244.605357142857
125.0,1244.605357142857
125.0,1244.605357142857
125.0,1244.605357142857
125.0,1244.605357142857
125.0,1244.605357142857
125.0,1244.605357142857
125.0,1244.605357142857
125.0,1244.605357142857
0.0,1244.605357142857
125.0,1244.605357142857
125.0,1244.605357142857
125.0,1145.069642857143
125.0,995.3571428571429
125.0,895.8214285714286
125.0,796.2857142857143
125.0,696.75
125.0,597.2142857142857
125.0,497.67857142857144
125.0,398.14285714285717
125.0,298.60714285714283
125.0,199.07142857142858
125.0,99.53571428571429
125.0,0.0
125.0,0.0
125.0,0.0
125.0,0.0
125.0,0.0
125.0,0.0
125.0,0.0
125.0,0.0
125.0,0.0
125.0,0.0
125.0,0.0
125.0,0.0
125.0,0.0
125.0,0.0
125.0,0.0
0.0,0.0
0.0,0.0
0.0,0.0
0.0,0.0
0.0,0.0
125.0,0.0
125.0,0.0
