transact_c,transact_d
0.0,0.0
0.0,0.0
0.0,0.0
0.0,0.0
0.0,0.0
0.0,0.0
0.0,0.0
0.0,0.0
0.0,0.0
0.0,0.0
0.0,0.0
0.0,0.0
0.0,178.57142857142858
0.0,214.28571428571428
0.0,214.28571428571428
0.0,214.28571428571428
0.0,214.28571428571428
0.0,214.28571428571428
0.0,214.28571428571428
0.0,214.28571428571428
0.0,214.28571428571428
0.0,214.28571428571428
0.0,214.28571428571428
0.0,214.28571428571428
0.0,214.28571428571428
0.0,214.28571428571428
0.0,214.28571428571428
0.0,214.28571428571428
0.0,214.28571428571428
0.0,214.28571428571428
0.0,214.28571428571428
0.0,214.28571428571428
0.0,214.28571428571428
0.0,214.28571428571428
0.0,214.28571428571428
0.0,214.28571428571428
0.0,214.28571428571428
0.0,214.28571428571428
0.0,214.28571428571428
0.0,214.28571428571428
0.0,73.21428571428571
0.0,37.5
0.0,37.5
0.0,37.5
0.0,37.5
0.0,37.5
0.0,37.5
0.0,37.5
0.0,37.5
0.0,37.5
0.0,37.5
0.0,37.5
0.0,37.5
0.0,37.5
0.0,37.5
0.0,37.5
0.0,37.5
0.0,37.5
0.0,37.5
0.0,37.5
0.0,37.5
0.0,37.5
0.0,37.5
0.0,37.5
0.0,37.5
0.0,37.5
0.0,37.5
0.0,37.5
0.0,0.0
0.0,0.0
0.0,0.0
0.0,0.0
0.0,0.0
0.0,0.0
0.0,0.0
0.0,0.0
0.0,0.0
0.0,0.0
0.0,0.0
0.0,0.0
0.0,0.0
0.0,0.0
0.0,0.0
0.0,0.0
0.0,0.0
0.0,0.0
0.0,0.0
0.0,0.0
0.0,0.0
0.0,0.0
0.0,0.0
0.0,0.0
0.0,0.0
0.0,0.0
0.0,0.0
0.0,0.0
0.0,0.0
0.0,0.0
0.0,0.0
0.0,0.0
0.0,0.0
0.0,0.0
0.0,142.7825
0.0,142.7825
0.0,142.7825
0.0,142.7825
0.0,142.7825
0.0,142.7825
0.0,142.7825
0.0,142.7825
0.0,142.7825
0.0,142.7825
0.0,142.7825
0.0,142.7825
0.0,142.7825
0.0,142.7825
0.0,142.7825
0.0,142.7825
0.0,142.7825
0.0,142.7825
0.0,142.7825
0.0,142.7825
0.0,142.7825
0.0,142.7825
0.0,142.7825
0.0,142.7825
0.0,142.7825
0.0,142.7825
0.0,142.7825
0.0,142.7825
0.0,0.0
0.0,0.0
0.0,32.142857142857146
0.0,32.142857142857146
0.0,32.142857142857146
0.0,32.142857142857146
0.0,32.142857142857146
0.0,32.142857142857146
0.0,32.142857142857146
0.0,32.142857142857146
0.0,32.142857142857146
0.0,32.142857142857146
0.0,32.142857142857146
0.0,32.142857142857146
0.0,32.142857142857146
0.0,32.142857142857146
0.0,32.142857142857146
0.0,32.142857142857146
0.0,32.142857142857146
0.0,32.142857142857146
0.0,32.142857142857146
0.0,32.142857142857146
0.0,32.142857142857146
0.0,32.142857142857146
