transact_c,transact_d
192.39214285714283,50.0
192.39214285714283,50.0
192.39214285714283,50.0
192.39214285714283,50.0
192.39214285714283,50.0
202.285,50.0
202.285,50.0
202.285,50.0
202.285,50.0
202.285,50.0
202.285,50.0
199.14285714285714,50.0
127.71428571428571,0.0
127.71428571428571,0.0
127.71428571428571,0.0
127.71428571428571,0.0
127.71428571428571,0.0
127.71428571428571,0.0
127.71428571428571,0.0
86.64285714285714,0.0
86.64285714285714,0.0
86.64285714285714,0.0
86.64285714285714,0.0
86.64285714285714,0.0
86.64285714285714,0.0
86.64285714285714,0.0
9.892857142857142,0.0
9.892857142857142,0.0
9.892857142857142,0.0
9.892857142857142,0.0
9.892857142857142,0.0
9.892857142857142,0.0
9.892857142857142,0.0
0.0,0.0
0.0,0.0
0.0,0.0
0.0,0.0
0.0,0.0
0.0,0.0
0.0,0.0
0.0,0.0
0.0,0.0
0.0,0.0
0.0,0.0
0.0,0.0
0.0,0.0
0.0,0.0
0.0,0.0
0.0,0.0
0.0,0.0
0.0,0.0
0.0,0.0
0.0,0.0
0.0,0.0
0.0,0.0
0.0,0.0
0.0,0.0
0.0,0.0
0.0,0.0
0.0,0.0
0.0,0.0
0.0,0.0
0.0,0.0
0.0,0.0
0.0,0.0
0.0,0.0
0.0,0.0
0.0,0.0
0.0,0.0
0.0,0.0
0.0,0.0
0.0,0.0
0.0,0.0
0.0,0.0
0.0,2.75
0.0,2.75
0.0,2.75
0.0,2.75
0.0,2.75
0.0,2.75
0.0,2.75
0.0,2.75
0.0,2.75
0.0,2.75
0.0,2.75
0.0,2.75
0.0,2.75
0.0,2.75
0.0,2.75
0.0,2.75
0.0,2.75
0.0,2.75
0.0,2.75
0.0,2.75
0.0,2.75
0.0,2.75
17.857142857142858,2.75
17.857142857142858,2.75
17.857142857142858,2.75
17.857142857142858,2.75
17.857142857142858,2.75
17.857142857142858,2.75
17.857142857142858,0.0
17.857142857142858,0.0
17.857142857142858,0.0
17.857142857142858,0.0
17.857142857142858,0.0
17.857142857142858,0.0
17.857142857142858,0.0
17.857142857142858,0.0
17.857142857142858,0.0
17.857142857142858,0.0
17.857142857142858,0.0
17.857142857142858,0.0
17.857142857142858,0.0
17.857142857142858,0.0
17.857142857142858,0.0
17.857142857142858,0.0
17.857142857142858,0.0
17.857142857142858,0.0
17.857142857142858,0.0
17.857142857142858,0.0
17.857142857142858,0.0
17.857142857142858,0.0
0.0,0.0
0.0,0.0
0.0,0.0
0.0,0.0
0.0,0.0
0.0,0.0
0.0,0.0
0.0,0.0
0.0,0.0
0.0,0.0
0.0,0.0
0.0,17.857142857142858
0.0,17.857142857142858
0.0,17.857142857142858
0.0,17.857142857142858
0.0,17.857142857142858
0.0,17.857142857142858
0.0,17.857142857142858
0.0,17.857142857142858
0.0,17.857142857142858
0.0,17.857142857142858
0.0,17.857142857142858
0.0,17.857142857142858
0.0,17.857142857142858
0.0,17.857142857142858
0.0,17.857142857142858
0.0,17.857142857142858
0.0,17.857142857142858
0.0,17.857142857142858
0.0,17.857142857142858
