transact_c,transact_d
16.428571428571427,9.178571428571429
16.428571428571427,9.178571428571429
16.428571428571427,9.178571428571429
16.428571428571427,9.178571428571429
16.428571428571427,9.178571428571429
16.474285714285713,9.178571428571429
16.50785714285714,9.178571428571429
16.50785714285714,9.178571428571429
16.50785714285714,9.178571428571429
16.50785714285714,9.178571428571429
16.50785714285714,9.178571428571429
16.50785714285714,9.178571428571429
16.50785714285714,9.178571428571429
16.50785714285714,9.178571428571429
16.50785714285714,9.178571428571429
16.50785714285714,9.178571428571429
16.50785714285714,15.924999999999999
16.50785714285714,15.924999999999999
16.50785714285714,15.924999999999999
16.50785714285714,15.924999999999999
16.50785714285714,15.924999999999999
16.50785714285714,15.924999999999999
16.50785714285714,15.924999999999999
16.50785714285714,16.353571428571428
16.50785714285714,16.353571428571428
16.50785714285714,7.175
16.50785714285714,7.175
0.07928571428571428,7.175
0.07928571428571428,7.175
0.07928571428571428,7.175
0.07928571428571428,7.175
0.07928571428571428,7.175
0.07928571428571428,7.175
0.03357142857142857,7.175
0.0,7.175
0.0,7.175
0.0,7.175
0.0,7.175
0.0,7.175
0.0,7.175
0.0,7.175
0.0,7.175
0.0,7.175
0.0,7.175
0.0,0.42857142857142855
0.0,0.42857142857142855
0.0,0.42857142857142855
0.0,0.42857142857142855
0.0,0.42857142857142855
0.0,0.42857142857142855
0.0,0.42857142857142855
0.0,0.0
0.0,0.0
0.0,0.0
0.0,0.0
0.0,0.0
0.0,0.0
0.0,0.0
0.0,0.0
0.0,0.0
0.0,0.0
0.0,0.0
0.0,0.0
0.0,0.0
0.0,0.0
0.0,0.0
0.0,0.0
0.0,0.0
0.0,0.0
0.0,0.0
0.0,0.0
0.0,0.0
0.0,0.0
0.0,0.0
0.0,0.0
0.0,0.0
0.0,0.0
0.0,0.0
0.0,0.0
0.0,0.0
0.0,0.0
0.0,0.0
0.0,0.0
0.0,0.0
0.0,0.0
0.0,0.0
0.0,0.0
0.0,0.0
0.0,0.0
0.0,0.0
0.0,0.0
0.0,0.0
0.0,0.0
0.0,0.0
0.0,0.0
0.0,0.0
0.0,0.0
0.0,0.0
0.0,0.0
0.0,0.0
0.0,0.0
0.0,0.0
0.0,0.0
0.0,0.0
0.0,0.0
0.0,0.0
0.0,0.0
0.0,0.0
0.0,0.0
0.0,0.0
0.0,0.0
0.0,0.0
0.0,0.0
0.0,0.0
0.0,7.25
0.0,7.7
0.0,7.7
0.0,7.7
0.0,7.7
0.0,7.7
0.0,7.7
0.0,7.7
0.0,7.7
0.0,7.7
0.0,7.7
0.0,7.7
0.0,7.7
0.0,7.7
0.0,7.7
0.0,7.7
0.0,7.7
0.0,7.7
0.0,7.7
0.0,7.7
0.0,7.7
0.0,7.7
0.0,7.7
0.0,7.7
0.0,7.7
0.0,7.7
0.0,7.7
0.0,7.7
0.0,0.45
0.0,0.0
0.0,0.0
0.0,0.0
0.0,0.0
0.0,0.0
0.0,0.0
0.0,0.0
0.0,0.0
0.0,0.0
0.0,0.0
0.0,0.0
