transact_c,transact_d
38.75,38.57142857142857
38.75,38.57142857142857
38.75,38.57142857142857
38.75,38.57142857142857
38.75,38.57142857142857
38.75,38.57142857142857
38.75,38.57142857142857
38.75,38.57142857142857
38.75,38.57142857142857
38.75,38.57142857142857
38.75,38.57142857142857
38.75,38.57142857142857
38.75,38.57142857142857
38.75,38.57142857142857
38.75,38.57142857142857
38.75,38.57142857142857
38.75,38.57142857142857
38.75,38.57142857142857
38.75,38.57142857142857
0.0,38.57142857142857
0.0,2.857142857142857
0.0,2.857142857142857
0.0,0.0
0.0,0.0
0.0,0.0
0.0,0.0
0.0,0.2857142857142857
0.0,0.2857142857142857
0.0,0.2857142857142857
0.0,0.2857142857142857
0.0,0.2857142857142857
0.0,0.2857142857142857
0.0,0.2857142857142857
0.0,0.2857142857142857
0.0,0.2857142857142857
0.0,0.2857142857142857
0.0,0.2857142857142857
0.0,0.2857142857142857
0.0,0.2857142857142857
0.0,0.2857142857142857
0.0,0.2857142857142857
0.0,0.2857142857142857
0.0,0.2857142857142857
0.0,0.2857142857142857
0.0,0.2857142857142857
0.0,0.2857142857142857
0.0,0.2857142857142857
0.0,0.2857142857142857
0.0,0.2857142857142857
0.0,0.2857142857142857
38.75,0.2857142857142857
38.75,36.0
38.75,38.5
38.75,38.5
38.75,38.214285714285715
38.75,38.214285714285715
38.75,38.214285714285715
38.75,38.214285714285715
38.75,38.214285714285715
38.75,38.214285714285715
38.75,38.214285714285715
38.75,38.214285714285715
38.75,38.214285714285715
38.75,38.214285714285715
38.75,38.214285714285715
38.75,38.214285714285715
38.75,38.214285714285715
38.75,38.214285714285715
38.75,38.214285714285715
38.75,38.214285714285715
38.75,38.214285714285715
38.75,38.214285714285715
38.75,38.214285714285715
38.75,38.214285714285715
38.75,38.214285714285715
38.75,38.214285714285715
38.75,38.214285714285715
38.75,38.214285714285715
0.0,38.214285714285715
0.0,2.5
0.0,0.0
0.0,0.0
0.0,0.0
0.0,0.0
0.0,0.0
0.0,0.0
0.0,0.0
0.0,0.0
0.0,0.0
0.0,0.0
0.0,0.0
0.0,0.0
0.0,0.0
0.0,0.0
0.0,0.0
0.0,0.0
0.0,0.0
0.0,0.0
0.0,0.0
0.0,0.0
0.0,0.0
0.0,0.0
0.0,0.0
0.0,0.0
0.0,0.0
0.0,0.0
0.0,0.0
0.0,0.0
0.0,0.0
0.0,0.0
0.0,0.0
0.0,0.0
0.0,0.0
0.0,0.0
0.0,0.0
0.0,0.0
0.0,0.0
0.0,0.0
0.0,0.0
0.0,0.0
0.0,0.0
0.0,0.0
0.0,0.0
0.0,0.0
0.0,0.0
0.0,0.0
0.0,0.0
0.0,0.0
0.0,0.0
0.0,0.0
0.0,0.0
0.0,0.0
0.0,0.0
0.0,0.0
0.0,0.0
0.0,0.0
0.0,0.0
0.0,0.0
0.0,0.0
0.0,0.0
0.0,0.0
0.0,0.0
0.0,0.0
0.0,0.0
0.0,0.0
0.0,0.0
0.0,0.0
0.0,0.0
0.0,0.0
0.0,0.0
0.0,0.0
0.0,0.0
0.0,0.0
0.0,0.0
