transact_c,transact_d
3.5714285714285716,5.258928571428571
3.5714285714285716,4.901785714285714
3.5714285714285716,4.544642857142857
3.5714285714285716,4.1875
3.5714285714285716,3.830357142857143
3.5714285714285716,3.4732142857142856
3.5714285714285716,2.142857142857143
3.5714285714285716,1.7857142857142858
3.5714285714285716,1.4285714285714286
3.5714285714285716,1.0714285714285714
3.5714285714285716,0.7142857142857143
1.7857142857142858,0.35714285714285715
0.0,0.0
0.0,0.0
0.0,0.0
0.0,0.0
0.0,0.0
0.0,0.0
0.0,0.0
0.0,0.0
0.0,0.0
0.0,0.0
0.0,0.0
0.0,0.0
0.0,0.0
0.0,0.0
0.0,0.0
0.0,0.0
0.0,0.0
0.0,0.0
0.0,0.0
0.0,0.0
0.0,0.0
0.0,0.0
0.0,0.0
0.0,0.0
0.0,0.0
0.0,0.0
0.0,0.0
0.0,0.0
0.0,0.0
0.0,0.0
0.0,0.0
0.0,0.0
0.0,0.0
0.0,0.0
0.0,0.0
0.0,0.0
0.0,0.0
0.0,0.0
0.0,0.0
0.0,0.0
0.0,0.0
0.0,0.0
0.0,0.0
0.0,0.0
0.0,0.0
0.0,0.0
0.0,0.0
0.0,0.0
0.0,0.0
0.0,0.0
0.0,0.0
0.0,0.0
0.0,0.0
0.0,0.0
0.0,0.0
0.0,0.0
0.0,0.0
0.0,0.0
0.0,0.0
0.0,0.0
0.0,0.0
0.0,0.0
0.0,0.0
0.0,0.0
0.0,0.0
0.0,0.5035714285714286
0.0,0.5035714285714286
0.0,0.5035714285714286
0.0,0.5035714285714286
0.0,0.5035714285714286
0.0,0.5035714285714286
0.0,0.5035714285714286
0.0,0.5035714285714286
0.0,0.5035714285714286
0.0,0.5035714285714286
0.0,0.5035714285714286
0.0,0.5035714285714286
0.0,0.5035714285714286
0.0,0.5035714285714286
0.0,0.5035714285714286
0.0,0.5035714285714286
0.0,2.5035714285714286
0.0,2.5035714285714286
0.0,2.5035714285714286
0.0,2.5035714285714286
0.0,2.5035714285714286
0.0,2.5035714285714286
0.0,2.5035714285714286
0.0,2.5035714285714286
0.0,2.5035714285714286
0.0,2.5035714285714286
0.0,2.5035714285714286
0.0,2.5035714285714286
0.0,2.0
0.0,2.0
0.0,2.0
0.0,2.0
0.0,2.0
0.0,2.0
0.0,2.0
0.0,2.0
0.0,2.0
0.0,2.0
0.0,2.0
0.0,2.0
0.0,2.0
0.0,2.0
0.0,3.2624999999999997
0.0,3.2624999999999997
0.0,1.2625
0.0,1.2625
0.0,1.2625
0.0,1.2625
0.0,1.2625
0.0,1.2625
0.0,1.2625
0.0,1.2625
0.0,1.2625
0.0,1.2625
0.0,1.2625
0.0,1.2625
0.0,1.2625
0.0,1.2625
0.0,1.2625
0.0,1.2625
0.0,1.2625
0.0,1.2625
0.0,1.2625
0.0,1.2625
0.0,1.2625
0.0,1.2625
0.0,1.2625
0.0,1.2625
0.0,1.2625
0.0,1.2625
0.0,0.0
0.0,0.0
0.0,0.0
0.0,0.0
0.0,0.0
0.0,0.0
0.0,0.0
