transact_c,transact_d
0.0,0.0
0.0,0.0
0.0,0.0
0.0,0.0
0.0,0.0
0.0,0.0
0.0,0.0
0.0,0.0
0.0,0.0
0.0,0.0
0.0,0.0
0.0,0.0
0.0,0.0
0.0,0.0
0.0,0.0
0.0,0.0
0.0,0.0
0.0,0.0
0.0,0.0
0.0,0.0
0.0,0.0
0.0,0.0
0.0,0.0
0.0,0.0
0.0,0.0
0.0,0.0
0.0,0.0
0.0,0.0
0.0,0.0
0.0,0.0
0.0,0.0
0.0,0.0
0.0,0.0
0.0,0.0
0.0,0.0
0.0,0.0
0.0,0.0
0.0,0.0
0.0,0.0
0.0,0.0
0.0,0.0
0.0,0.0
0.0,0.0
0.0,0.0
0.0,0.0
0.0,0.0
0.0,0.0
0.0,0.0
0.0,0.0
0.0,0.0
0.0,0.0
0.0,0.0
0.0,0.0
0.0,0.0
0.0,0.0
0.0,0.0
0.0,0.0
0.0,0.0
0.0,0.0
0.0,0.0
0.0,0.0
0.0,0.0
0.0,0.0
0.0,0.0
0.0,6.999285714285714
0.0,17.474642857142857
0.0,17.474642857142857
0.0,36.74142857142857
0.0,36.74142857142857
0.0,36.74142857142857
0.0,36.74142857142857
0.0,36.74142857142857
0.0,36.74142857142857
0.0,36.74142857142857
0.0,36.74142857142857
0.0,36.74142857142857
0.0,36.74142857142857
0.0,36.74142857142857
0.0,36.74142857142857
0.0,36.74142857142857
0.0,36.74142857142857
0.0,36.74142857142857
0.0,36.74142857142857
0.0,36.74142857142857
0.0,36.74142857142857
0.0,36.74142857142857
0.0,36.74142857142857
0.0,36.74142857142857
0.0,36.74142857142857
0.0,36.74142857142857
0.0,36.74142857142857
0.0,36.74142857142857
0.0,29.742142857142856
0.0,22.12392857142857
0.0,22.12392857142857
0.0,2.857142857142857
0.0,2.857142857142857
0.0,2.857142857142857
0.0,2.857142857142857
0.0,2.857142857142857
0.0,2.857142857142857
0.0,2.857142857142857
0.0,2.857142857142857
0.0,2.857142857142857
0.0,2.857142857142857
0.0,2.857142857142857
0.0,2.857142857142857
0.0,2.857142857142857
0.0,2.857142857142857
0.0,2.857142857142857
0.0,2.857142857142857
0.0,2.857142857142857
0.0,2.857142857142857
0.0,2.857142857142857
0.0,2.857142857142857
0.0,2.857142857142857
0.0,2.857142857142857
0.0,2.857142857142857
0.0,2.857142857142857
0.0,2.857142857142857
0.0,2.857142857142857
0.0,0.0
0.0,0.0
0.0,0.0
0.0,0.0
0.0,0.0
0.0,0.0
0.0,0.0
0.0,0.0
0.0,1.25
0.0,4.598214285714286
0.0,4.598214285714286
0.0,4.598214285714286
35.75,55.5625
35.75,59.35821428571428
35.75,62.92964285714286
35.75,63.215357142857144
35.75,63.215357142857144
35.75,63.215357142857144
35.75,63.215357142857144
35.75,63.215357142857144
35.75,63.215357142857144
35.75,63.215357142857144
35.75,63.215357142857144
35.75,63.215357142857144
35.75,63.215357142857144
35.75,63.215357142857144
35.75,63.215357142857144
35.75,63.215357142857144
35.75,63.215357142857144
35.75,63.215357142857144
35.75,63.215357142857144
35.75,63.215357142857144
35.75,63.215357142857144
