transact_c,transact_d
87.25,0.0
87.25,0.0
87.25,0.0
0.0,0.0
0.0,0.0
87.25,0.0
87.25,0.0
174.5,0.0
174.5,0.0
261.75,0.0
349.0,0.0
349.0,0.0
349.0,0.0
349.0,0.0
349.0,0.0
349.0,0.0
349.0,0.0
349.0,0.0
349.0,0.0
349.0,0.0
349.0,0.0
349.0,0.0
349.0,0.0
349.0,0.0
349.0,0.0
349.0,0.0
349.0,0.0
349.0,0.0
349.0,0.0
349.0,0.0
349.0,0.0
349.0,0.0
349.0,0.0
261.75,0.0
261.75,0.0
174.5,0.0
261.75,0.0
174.5,0.0
87.25,0.0
87.25,0.0
87.25,0.0
87.25,0.0
87.25,0.0
87.25,0.0
87.25,0.0
87.25,0.0
87.25,0.0
87.25,0.0
87.25,0.0
87.25,0.0
87.25,0.0
87.25,0.0
87.25,0.0
87.25,0.0
87.25,0.0
87.25,0.0
87.25,0.0
87.25,0.0
87.25,0.0
87.25,0.0
87.25,0.0
87.25,0.0
87.25,0.0
87.25,0.0
0.0,0.0
0.0,0.0
0.0,0.0
0.0,0.0
0.0,0.0
0.0,0.0
0.0,0.0
0.0,0.0
0.0,0.0
0.0,0.0
0.0,0.0
0.0,0.0
0.0,0.0
0.0,0.0
0.0,0.0
0.0,0.0
0.0,0.0
0.0,0.0
0.0,0.0
0.0,0.0
0.0,0.0
0.0,0.0
0.0,0.0
0.0,0.0
0.0,0.0
0.0,0.0
0.0,0.0
0.0,0.0
0.0,0.0
87.25,72.21428571428571
87.25,144.42857142857142
87.25,216.64285714285714
87.25,288.85714285714283
87.25,361.07142857142856
87.25,433.2857142857143
87.25,505.5
87.25,505.5
87.25,505.5
87.25,505.5
87.25,505.5
87.25,505.5
87.25,505.5
87.25,505.5
87.25,505.5
87.25,505.5
87.25,505.5
87.25,505.5
87.25,505.5
87.25,505.5
87.25,505.5
87.25,505.5
87.25,505.5
87.25,505.5
87.25,505.5
87.25,505.5
87.25,505.5
87.25,505.5
0.0,433.2857142857143
0.0,361.07142857142856
0.0,288.85714285714283
0.0,216.64285714285714
0.0,144.42857142857142
0.0,72.21428571428571
0.0,0.0
0.0,0.0
0.0,0.0
0.0,0.0
0.0,0.0
0.0,0.0
0.0,0.0
0.0,0.0
0.0,0.0
0.0,0.0
0.0,0.0
0.0,0.0
0.0,0.0
0.0,0.0
0.0,0.0
0.0,0.0
0.0,0.0
0.0,0.0
0.0,0.0
0.0,0.0
0.0,0.0
0.0,0.0
0.0,0.0
0.0,0.0
0.0,0.0
0.0,0.0
0.0,0.0
