transact_c,transact_d
6.428571428571429,0.0
6.428571428571429,0.0
6.428571428571429,0.0
6.428571428571429,0.0
5.357142857142857,0.0
5.357142857142857,0.0
5.357142857142857,0.0
5.357142857142857,0.0
5.357142857142857,0.0
8.928571428571429,0.0
8.928571428571429,0.0
8.928571428571429,0.0
3.5714285714285716,0.0
3.5714285714285716,0.0
3.5714285714285716,0.0
3.5714285714285716,0.0
3.5714285714285716,0.0
3.5714285714285716,0.0
3.5714285714285716,0.0
3.5714285714285716,0.0
3.5714285714285716,0.0
3.5714285714285716,0.0
3.5714285714285716,0.0
3.5714285714285716,0.0
3.5714285714285716,0.0
3.5714285714285716,0.0
3.5714285714285716,0.0
3.5714285714285716,0.0
3.5714285714285716,0.0
3.5714285714285716,0.0
3.5714285714285716,0.0
3.5714285714285716,0.0
3.5714285714285716,0.0
3.5714285714285716,0.0
3.5714285714285716,0.0
3.5714285714285716,0.0
3.5714285714285716,0.0
0.0,0.0
0.0,0.0
0.0,0.0
0.0,0.0
0.0,0.0
0.0,0.0
0.0,0.0
0.0,0.0
0.0,0.0
0.0,0.0
0.0,0.0
0.0,0.0
0.0,0.0
0.0,0.0
0.0,0.0
0.0,0.0
0.0,0.0
1.0714285714285714,0.0
1.0714285714285714,0.0
1.0714285714285714,0.0
1.0714285714285714,0.0
1.0714285714285714,0.0
1.0714285714285714,0.0
1.0714285714285714,0.0
1.0714285714285714,0.0
1.0714285714285714,0.0
1.0714285714285714,0.0
1.0714285714285714,0.0
1.0714285714285714,0.0
1.0714285714285714,0.0
1.0714285714285714,0.0
1.0714285714285714,0.0
1.0714285714285714,0.0
1.0714285714285714,0.0
1.0714285714285714,0.0
1.0714285714285714,0.0
1.0714285714285714,0.0
1.0714285714285714,0.0
1.0714285714285714,0.0
1.0714285714285714,0.0
1.0714285714285714,0.0
1.0714285714285714,0.0
1.0714285714285714,0.0
1.0714285714285714,0.0
1.0714285714285714,0.0
0.0,0.0
0.0,0.0
0.0,0.0
0.0,0.0
0.0,0.0
0.0,0.0
0.0,0.0
0.0,0.0
0.0,0.0
0.0,0.0
0.0,0.0
0.0,0.0
0.0,0.0
0.0,0.0
0.0,0.0
0.0,0.0
0.0,0.0
0.0,0.0
0.0,0.0
0.0,0.0
0.0,0.0
0.0,0.0
0.0,5.4775
0.0,5.4775
0.0,5.4775
0.0,5.4775
0.0,5.4775
0.0,5.4775
0.0,5.4775
0.0,5.4775
0.0,5.4775
0.0,5.4775
0.0,5.4775
0.0,5.4775
0.0,5.4775
0.0,5.4775
0.0,5.4775
0.0,5.4775
0.0,5.4775
0.0,5.4775
0.0,5.4775
0.0,5.4775
0.0,5.4775
0.0,5.4775
0.0,5.4775
0.0,5.4775
0.0,5.4775
0.0,5.4775
0.0,5.4775
0.0,5.4775
0.0,0.0
0.0,0.0
0.0,0.0
0.0,0.0
0.0,0.0
0.0,0.0
0.0,0.0
0.0,0.0
0.0,0.0
0.0,0.0
0.0,0.0
0.0,0.0
0.0,0.0
0.0,0.0
0.0,0.0
0.0,0.0
0.0,0.0
0.0,0.0
0.0,0.0
0.0,0.0
3.5714285714285716,0.0
3.5714285714285716,0.0
