transact_c,transact_d
0.0,0.0
0.0,0.0
0.0,0.0
0.0,0.0
0.0,0.0
0.0,0.0
0.0,0.0
0.0,0.0
0.0,0.0
0.0,0.0
0.0,0.0
0.0,0.0
0.0,0.0
0.0,0.0
0.0,0.0
0.0,0.0
0.0,0.0
0.0,0.0
0.0,0.0
0.0,0.0
0.0,0.0
0.0,0.0
0.0,0.0
0.0,0.0
0.0,0.0
0.0,0.0
0.0,0.0
0.0,0.0
0.0,0.0
0.0,0.0
0.0,0.0
0.0,0.0
0.0,0.0
0.0,0.0
0.0,0.0
0.0,0.0
0.0,0.0
0.0,0.0
0.0,0.0
0.0,0.0
0.0,0.0
0.0,0.0
0.0,0.0
0.0,0.0
0.0,0.0
0.0,0.0
0.0,0.0
0.0,0.0
0.0,0.0
0.0,0.0
0.0,0.0
0.0,0.0
0.0,0.0
0.0,0.0
0.0,0.0
0.0,0.0
0.0,0.0
0.0,0.0
0.0,0.0
0.0,0.0
0.0,0.0
0.0,0.0
0.0,0.0
0.0,0.0
0.0,0.0
0.0,0.0
0.0,0.0
0.0,0.0
0.0,0.0
0.0,0.0
0.0,0.0
0.0,0.0
0.0,0.0
0.0,0.0
0.0,0.0
0.0,0.0
0.0,0.0
0.0,0.0
0.0,0.0
0.0,0.0
0.0,0.0
0.0,0.0
0.0,0.0
0.0,0.0
0.0,0.0
0.0,0.0
0.0,0.0
0.0,0.0
0.0,0.0
25.0,0.0
25.0,0.0
25.0,0.0
25.0,0.0
25.0,0.0
25.0,0.0
25.0,0.0
25.0,0.0
25.0,24.567857142857143
25.0,49.135714285714286
25.0,73.70357142857142
25.0,73.70357142857142
25.0,73.70357142857142
25.0,73.70357142857142
25.0,73.70357142857142
25.0,73.70357142857142
25.0,73.70357142857142
25.0,73.70357142857142
25.0,73.70357142857142
25.0,73.70357142857142
25.0,73.70357142857142
25.0,73.70357142857142
25.0,73.70357142857142
25.0,73.70357142857142
25.0,73.70357142857142
25.0,73.70357142857142
25.0,73.70357142857142
25.0,73.70357142857142
24.642857142857142,73.70357142857142
24.642857142857142,73.70357142857142
24.642857142857142,73.70357142857142
24.642857142857142,73.70357142857142
24.642857142857142,73.70357142857142
24.642857142857142,73.70357142857142
24.642857142857142,73.70357142857142
24.642857142857142,73.70357142857142
31.73428571428571,49.135714285714286
31.73428571428571,24.567857142857143
38.826428571428565,0.0
38.826428571428565,0.0
38.826428571428565,0.0
38.826428571428565,0.0
38.826428571428565,0.0
38.826428571428565,0.0
38.826428571428565,0.0
38.826428571428565,0.0
38.826428571428565,0.0
38.826428571428565,0.0
38.826428571428565,0.0
38.826428571428565,0.0
38.826428571428565,0.0
38.826428571428565,0.0
38.826428571428565,0.0
38.826428571428565,0.0
38.826428571428565,0.0
38.826428571428565,0.0
14.183571428571428,0.0
14.183571428571428,0.0
14.183571428571428,0.0
14.183571428571428,0.0
39.183571428571426,0.0
39.183571428571426,0.0
39.183571428571426,0.0
39.183571428571426,0.0
32.09214285714286,0.0
