transact_c,transact_d
25.0,0.0
25.0,0.0
25.0,0.0
12.5,0.0
12.5,0.0
12.5,0.0
12.5,0.0
12.5,0.0
12.5,0.0
12.5,0.0
12.5,0.0
12.5,0.0
12.5,0.0
12.5,0.0
12.5,0.0
12.5,0.0
12.5,0.0
12.5,0.0
12.5,0.0
12.5,0.0
25.0,0.0
25.0,0.0
25.0,0.0
12.5,0.0
12.5,0.0
12.5,0.0
12.5,0.0
12.5,0.0
12.5,0.0
12.5,0.0
12.5,0.0
12.5,0.0
12.5,0.0
12.5,0.0
12.5,0.0
12.5,0.0
12.5,0.0
12.5,0.0
12.5,0.0
12.5,0.0
12.5,0.0
12.5,0.0
12.5,0.0
12.5,0.0
12.5,0.0
12.5,0.0
12.5,0.0
12.5,0.0
0.0,0.0
0.0,0.0
0.0,0.0
0.0,0.0
0.0,0.0
0.0,0.0
0.0,0.0
0.0,0.0
12.5,0.0
12.5,0.0
12.5,0.0
12.5,0.0
12.5,0.0
12.5,0.0
12.5,0.0
12.5,0.0
25.0,0.0
25.0,0.0
25.0,0.0
25.0,0.0
25.0,0.0
25.0,0.0
25.0,0.0
25.0,0.0
25.0,0.0
25.0,0.0
25.0,0.0
25.0,0.0
25.0,0.0
25.0,0.0
50.0,0.0
50.0,0.0
50.0,0.0
50.0,0.0
50.0,0.0
50.0,0.0
37.5,0.0
37.5,0.0
37.5,0.0
50.0,0.0
50.0,0.0
50.0,0.0
50.0,0.0
50.0,0.0
37.5,0.0
37.5,0.0
37.5,0.0
37.5,0.0
37.5,0.0
37.5,0.0
37.5,0.0
50.0,0.0
50.0,0.0
50.0,22.88214285714286
50.0,44.333928571428565
50.0,66.50107142857142
50.0,95.7167857142857
62.5,95.7167857142857
37.5,95.7167857142857
37.5,95.7167857142857
37.5,95.7167857142857
37.5,95.7167857142857
37.5,95.7167857142857
37.5,95.7167857142857
37.5,95.7167857142857
37.5,95.7167857142857
37.5,95.7167857142857
25.0,95.7167857142857
25.0,95.7167857142857
25.0,95.7167857142857
25.0,95.7167857142857
25.0,95.7167857142857
25.0,95.7167857142857
25.0,95.7167857142857
25.0,95.7167857142857
25.0,95.7167857142857
25.0,95.7167857142857
25.0,95.7167857142857
25.0,95.7167857142857
12.5,95.7167857142857
12.5,95.7167857142857
12.5,72.83464285714285
12.5,51.382857142857134
12.5,29.215714285714284
12.5,0.0
0.0,0.0
0.0,0.0
0.0,0.0
0.0,0.0
0.0,0.0
0.0,0.0
0.0,0.0
0.0,0.0
0.0,0.0
0.0,0.0
12.5,0.0
12.5,0.0
12.5,0.0
12.5,0.0
12.5,0.0
12.5,0.0
12.5,0.0
12.5,0.0
12.5,0.0
12.5,0.0
12.5,0.0
