transact_c,transact_d
128.5992857142857,107.14285714285714
128.5992857142857,107.14285714285714
110.74214285714287,107.14285714285714
110.74214285714287,107.14285714285714
110.74214285714287,107.14285714285714
110.74214285714287,107.14285714285714
0.0,0.0
0.0,0.0
0.0,0.0
0.0,0.0
0.0,0.0
0.0,0.0
3.5714285714285716,0.0
3.5714285714285716,0.0
3.5714285714285716,0.0
3.5714285714285716,0.0
3.5714285714285716,0.0
3.5714285714285716,0.0
3.5714285714285716,0.0
3.5714285714285716,0.0
3.5714285714285716,0.0
3.5714285714285716,0.0
3.5714285714285716,0.0
3.5714285714285716,0.0
3.5714285714285716,0.0
3.5714285714285716,0.0
3.5714285714285716,0.0
3.5714285714285716,0.0
3.5714285714285716,0.0
3.5714285714285716,0.0
3.5714285714285716,0.0
3.5714285714285716,0.0
3.5714285714285716,0.0
3.5714285714285716,0.0
3.5714285714285716,0.0
3.5714285714285716,0.0
3.5714285714285716,0.0
3.5714285714285716,0.0
3.5714285714285716,0.0
3.5714285714285716,1785.7142857142858
0.0,1785.7142857142858
0.0,1785.7142857142858
0.0,1785.7142857142858
0.0,1785.7142857142858
0.0,1785.7142857142858
0.0,1785.7142857142858
0.0,3750.0
0.0,3750.0
0.0,3750.0
0.0,3753.5
0.0,3753.5
0.0,3753.5
0.0,3753.5
0.0,3753.5
0.0,3753.5
0.0,3753.5
0.0,3753.5
0.0,3753.5
0.0,3753.5
0.0,3753.5
0.0,3753.5
0.0,3753.5
0.0,3753.5
0.0,3753.5
0.0,3753.5
0.0,3753.5
0.0,3753.5
0.0,1967.7857142857142
0.0,1967.7857142857142
0.0,1967.7857142857142
0.0,1967.7857142857142
0.0,1967.7857142857142
0.0,1967.7857142857142
0.0,1967.7857142857142
0.0,3.5
0.0,3.5
0.0,3.5
0.0,0.0
0.0,0.0
0.0,0.0
0.0,0.0
0.0,0.0
0.0,0.0
0.0,0.0
0.0,0.0
0.0,0.0
0.0,0.0
0.0,0.0
0.0,0.0
0.0,0.0
0.0,0.0
0.0,0.0
0.0,0.0
0.0,0.0
0.0,0.0
0.0,0.0
0.0,0.0
0.0,0.0
0.0,0.0
0.0,0.0
0.0,0.0
0.0,0.0
0.0,0.0
0.0,0.0
0.0,0.0
0.0,0.0
0.0,0.0
0.0,0.0
0.0,0.0
0.0,0.0
0.0,0.0
0.0,0.0
0.0,0.0
0.0,0.0
0.0,0.0
0.0,0.0
0.0,0.0
0.0,0.0
0.0,0.0
0.0,0.0
0.0,0.0
0.0,0.0
0.0,0.0
0.0,0.0
0.0,0.0
0.0,0.0
0.0,0.0
0.0,0.0
0.0,0.0
0.0,0.0
0.0,0.0
0.0,0.0
1.0714285714285714,0.0
1.0714285714285714,0.0
1.0714285714285714,0.0
1.0714285714285714,0.0
1.0714285714285714,0.0
1.0714285714285714,0.0
1.0714285714285714,0.0
1.0714285714285714,0.0
1.0714285714285714,0.0
1.0714285714285714,0.0
1.0714285714285714,0.0
1.0714285714285714,0.0
1.0714285714285714,0.0
1.0714285714285714,0.0
1.0714285714285714,0.0
1.0714285714285714,0.0
1.0714285714285714,0.0
1.7578571428571428,0.0
1.7578571428571428,0.0
1.7578571428571428,0.0
1.7578571428571428,0.0
1.7578571428571428,0.0
