transact_c,transact_d
25.0,0.0
25.0,0.0
25.0,0.0
25.0,0.0
25.0,0.0
25.0,0.0
25.0,0.0
25.0,0.0
25.0,0.0
25.0,0.0
25.0,0.0
25.0,0.0
25.0,0.0
25.0,0.0
25.0,0.0
25.0,0.0
25.0,0.0
25.0,0.0
25.0,0.0
25.0,0.0
25.0,0.0
25.0,0.0
25.0,0.0
25.0,0.0
25.0,0.0
25.0,0.0
25.0,0.0
0.0,0.0
0.0,0.0
0.0,0.0
0.0,0.0
0.0,0.0
0.0,0.0
0.0,0.0
25.0,0.0
25.0,0.0
50.0,0.0
50.0,0.0
50.0,0.0
50.0,0.0
50.0,0.0
50.0,0.0
50.0,0.0
50.0,0.0
50.0,0.0
50.0,0.0
50.0,0.0
50.0,0.0
50.0,0.0
50.0,0.0
50.0,0.0
50.0,0.0
50.0,0.0
50.0,0.0
50.0,0.0
50.0,0.0
50.0,0.0
50.0,0.0
50.0,0.0
50.0,0.0
50.0,0.0
75.0,0.0
50.0,0.0
50.0,0.0
25.0,0.0
25.0,0.0
25.0,0.0
25.0,0.0
25.0,0.0
25.0,0.0
25.0,0.0
25.0,0.0
25.0,0.0
25.0,0.0
25.0,0.0
25.0,0.0
25.0,0.0
25.0,0.0
25.0,0.0
25.0,0.0
25.0,0.0
25.0,0.0
25.0,0.0
25.0,0.0
25.0,0.0
25.0,0.0
25.0,0.0
25.0,0.0
25.0,0.0
0.0,0.0
0.0,0.0
0.0,0.0
0.0,0.0
0.0,21.321428571428573
0.0,42.642857142857146
0.0,63.964285714285715
0.0,85.28571428571429
0.0,106.60714285714286
0.0,127.92857142857143
0.0,149.25
0.0,181.02892857142857
0.0,202.35035714285712
0.0,223.6717857142857
0.0,244.99321428571426
0.0,266.3146428571428
0.0,266.3146428571428
0.0,266.3146428571428
0.0,266.3146428571428
0.0,266.3146428571428
0.0,266.3146428571428
0.0,266.3146428571428
0.0,266.3146428571428
0.0,266.3146428571428
0.0,266.3146428571428
0.0,266.3146428571428
0.0,266.3146428571428
25.0,266.3146428571428
25.0,266.3146428571428
25.0,266.3146428571428
25.0,266.3146428571428
25.0,266.3146428571428
25.0,244.99321428571426
25.0,223.6717857142857
25.0,202.35035714285712
25.0,181.02892857142857
25.0,159.70749999999998
25.0,138.38607142857143
25.0,117.06464285714286
25.0,85.28571428571429
25.0,63.964285714285715
25.0,42.642857142857146
25.0,21.321428571428573
25.0,0.0
25.0,0.0
25.0,0.0
25.0,0.0
25.0,0.0
25.0,0.0
25.0,0.0
25.0,0.0
25.0,0.0
25.0,0.0
25.0,0.0
25.0,0.0
0.0,0.0
0.0,0.0
0.0,0.0
0.0,0.0
0.0,0.0
21.428571428571427,0.0
21.428571428571427,0.0
21.428571428571427,0.0
21.428571428571427,0.0
21.428571428571427,0.0
