transact_c,transact_d
0.0,4.4539285714285715
0.0,4.4539285714285715
0.0,4.4539285714285715
0.0,4.4539285714285715
0.0,4.4539285714285715
0.0,4.4539285714285715
0.0,4.4539285714285715
158.6367857142857,163.09071428571428
158.6367857142857,163.09071428571428
158.6367857142857,163.09071428571428
158.6367857142857,163.09071428571428
158.6367857142857,163.09071428571428
158.6367857142857,163.09071428571428
158.6367857142857,163.09071428571428
158.6367857142857,163.09071428571428
158.6367857142857,163.09071428571428
158.6367857142857,163.09071428571428
158.6367857142857,163.09071428571428
158.6367857142857,163.09071428571428
158.6367857142857,163.09071428571428
158.6367857142857,163.09071428571428
158.6367857142857,158.6367857142857
158.6367857142857,158.6367857142857
158.6367857142857,158.6367857142857
158.6367857142857,158.6367857142857
171.1367857142857,176.49392857142857
171.1367857142857,176.49392857142857
171.1367857142857,176.49392857142857
171.1367857142857,176.49392857142857
171.1367857142857,176.49392857142857
171.1367857142857,176.49392857142857
171.1367857142857,176.49392857142857
171.1367857142857,176.49392857142857
171.1367857142857,176.49392857142857
171.1367857142857,176.49392857142857
12.5,17.857142857142858
12.5,17.857142857142858
12.5,17.857142857142858
12.5,17.857142857142858
12.5,17.857142857142858
12.5,17.857142857142858
12.5,17.857142857142858
12.5,17.857142857142858
12.5,17.857142857142858
12.5,17.857142857142858
12.5,17.857142857142858
12.5,17.857142857142858
12.5,17.857142857142858
12.5,17.857142857142858
12.5,17.857142857142858
12.5,17.857142857142858
12.5,17.857142857142858
12.5,17.857142857142858
0.0,0.0
0.0,0.0
0.0,0.0
0.0,0.0
0.0,0.0
0.0,0.0
0.0,0.0
0.0,0.0
0.0,0.0
0.0,0.0
0.0,0.0
0.0,0.0
0.0,0.0
0.0,0.0
0.0,0.0
0.0,0.0
0.0,0.0
0.0,0.0
0.0,0.0
0.0,0.0
0.0,0.0
0.0,0.0
0.0,0.0
0.0,0.0
0.0,0.0
0.0,0.0
0.0,0.0
0.0,0.0
0.0,0.0
0.0,0.0
0.0,0.0
0.0,0.0
0.0,0.0
0.0,0.0
0.0,0.0
0.0,0.0
0.0,0.0
0.0,0.0
0.0,0.0
0.0,0.0
0.0,0.0
0.0,0.0
0.0,0.0
0.0,0.0
0.0,0.0
0.0,0.0
0.0,0.0
0.0,0.0
0.0,0.0
0.0,0.0
0.0,0.0
0.0,0.0
0.0,0.0
0.0,0.0
0.0,0.0
0.0,0.0
0.0,0.0
0.0,0.0
0.0,0.0
0.0,0.0
0.0,0.0
0.0,0.0
0.0,0.0
0.0,0.0
0.0,0.0
0.0,0.0
0.0,0.0
0.0,0.0
0.0,0.0
0.0,0.0
0.0,0.0
0.0,0.0
0.0,0.0
0.0,0.0
0.0,0.0
0.0,0.0
0.0,0.0
0.0,0.0
0.0,0.0
0.0,0.0
0.0,0.0
0.0,0.0
0.0,0.0
0.0,0.0
0.0,0.0
0.0,0.0
0.0,0.0
0.0,0.0
0.0,0.0
0.0,0.0
0.0,0.0
0.0,0.0
0.0,0.0
0.0,0.0
0.0,0.0
0.0,0.0
0.0,0.0
0.0,0.0
0.0,0.0
0.0,0.0
0.0,0.0
