transact_c,transact_d
0.0,123.60714285714286
23.928571428571427,147.25428571428571
23.928571428571427,147.25428571428571
23.928571428571427,147.25428571428571
23.928571428571427,147.25428571428571
23.928571428571427,147.25428571428571
23.928571428571427,147.25428571428571
23.928571428571427,23.647142857142857
23.928571428571427,23.647142857142857
23.928571428571427,23.647142857142857
23.928571428571427,23.647142857142857
23.928571428571427,23.647142857142857
23.928571428571427,23.647142857142857
23.928571428571427,23.647142857142857
23.928571428571427,23.647142857142857
23.928571428571427,23.647142857142857
23.928571428571427,23.647142857142857
23.928571428571427,26.575714285714287
23.928571428571427,26.575714285714287
23.928571428571427,26.575714285714287
23.928571428571427,26.575714285714287
23.928571428571427,26.575714285714287
23.928571428571427,26.575714285714287
23.928571428571427,26.575714285714287
23.928571428571427,26.575714285714287
23.928571428571427,26.575714285714287
23.928571428571427,26.575714285714287
23.928571428571427,26.575714285714287
23.928571428571427,26.575714285714287
0.0,2.9285714285714284
0.0,2.9285714285714284
0.0,2.9285714285714284
0.0,2.9285714285714284
0.0,2.9285714285714284
0.0,2.9285714285714284
0.0,2.9285714285714284
0.0,2.9285714285714284
0.0,2.9285714285714284
0.0,2.9285714285714284
0.0,2.9285714285714284
0.0,2.9285714285714284
0.0,2.9285714285714284
0.0,2.9285714285714284
0.0,2.9285714285714284
0.0,2.9285714285714284
0.0,0.0
0.0,0.0
0.0,0.0
0.0,0.0
0.0,0.0
0.0,0.0
0.0,0.0
0.0,0.0
0.0,0.0
0.0,0.0
0.0,0.0
0.0,0.0
0.0,0.0
0.0,0.0
0.0,0.0
0.0,0.0
0.0,0.0
0.0,0.0
0.0,0.0
0.0,0.0
0.0,0.21
0.0,0.21
0.0,0.21
0.0,0.21
0.0,0.21
0.0,0.21
0.0,0.21
0.0,0.21
0.0,0.21
0.0,0.21
0.0,0.21
0.0,0.21
0.0,0.21
0.0,0.21
0.0,0.21
0.0,0.21
0.0,0.21
0.0,0.21
0.0,0.21
0.0,0.21
0.0,0.21
0.0,0.21
0.0,0.21
0.0,0.21
0.0,0.21
0.0,0.21
0.0,0.21
0.0,0.21
0.0,0.0
0.0,0.0
0.0,0.0
0.0,0.0
0.0,0.0
0.0,0.0
0.0,0.0
0.0,0.0
0.0,0.0
0.0,0.0
0.0,0.0
0.0,0.0
0.0,0.0
0.0,0.0
0.0,0.0
0.0,0.0
0.0,0.0
0.0,0.0
0.0,0.0
0.0,0.0
0.0,0.0
0.0,0.0
0.0,0.0
0.0,0.0
0.0,0.0
0.0,0.0
0.0,0.0
0.0,0.0
0.0,0.0
0.0,0.0
0.0,0.0
0.0,0.0
0.0,0.0
0.0,0.0
0.0,0.0
0.0,0.0
0.0,0.0
0.0,0.0
0.0,0.0
0.0,0.0
0.0,0.0
0.0,0.0
0.0,0.0
0.0,0.0
0.0,0.0
0.0,0.0
0.0,0.0
0.0,0.0
0.0,0.0
0.0,0.0
0.0,0.0
0.0,0.0
0.0,0.0
0.0,0.0
0.0,0.0
0.0,0.0
0.0,0.0
0.0,0.0
0.0,0.0
0.0,0.0
0.0,0.0
