transact_c,transact_d
75.0,0.0
75.0,0.0
75.0,0.0
75.0,0.0
75.0,0.0
75.0,0.0
75.0,0.0
75.0,0.0
75.0,0.0
75.0,0.0
75.0,0.0
75.0,0.0
75.0,0.0
75.0,0.0
75.0,0.0
75.0,0.0
75.0,0.0
75.0,0.0
75.0,0.0
75.0,0.0
75.0,0.0
75.0,0.0
75.0,0.0
75.0,0.0
0.0,0.0
0.0,0.0
0.0,0.0
0.0,0.0
0.0,0.0
0.0,0.0
75.0,0.0
75.0,0.0
75.0,0.0
75.0,0.0
75.0,0.0
75.0,0.0
75.0,0.0
75.0,0.0
75.0,0.0
75.0,0.0
75.0,0.0
75.0,0.0
75.0,0.0
150.0,0.0
150.0,0.0
150.0,0.0
150.0,0.0
150.0,0.0
150.0,0.0
150.0,0.0
150.0,0.0
150.0,0.0
150.0,0.0
150.0,0.0
225.0,0.0
225.0,0.0
225.0,0.0
225.0,0.0
150.0,0.0
150.0,0.0
150.0,0.0
150.0,0.0
150.0,0.0
150.0,0.0
150.0,0.0
150.0,0.0
150.0,0.0
150.0,0.0
150.0,0.0
150.0,0.0
150.0,0.0
75.0,0.0
75.0,0.0
75.0,0.0
75.0,0.0
75.0,0.0
75.0,0.0
75.0,0.0
75.0,0.0
75.0,0.0
75.0,0.0
75.0,0.0
0.0,0.0
0.0,0.0
0.0,0.0
75.0,0.0
75.0,0.0
75.0,0.0
75.0,0.0
75.0,0.0
75.0,0.0
75.0,0.0
75.0,0.0
75.0,61.964285714285715
75.0,123.03571428571429
75.0,184.10714285714286
75.0,245.17857142857142
75.0,306.25
75.0,367.32142857142856
75.0,428.39285714285717
75.0,511.5128571428572
75.0,572.5842857142858
75.0,633.6557142857143
75.0,694.7271428571429
75.0,755.7985714285714
75.0,755.7985714285714
75.0,755.7985714285714
75.0,755.7985714285714
75.0,755.7985714285714
75.0,755.7985714285714
75.0,755.7985714285714
75.0,755.7985714285714
75.0,755.7985714285714
0.0,755.7985714285714
0.0,755.7985714285714
0.0,755.7985714285714
75.0,755.7985714285714
75.0,755.7985714285714
75.0,755.7985714285714
75.0,755.7985714285714
75.0,755.7985714285714
75.0,693.8342857142858
75.0,632.7628571428571
75.0,571.6914285714286
75.0,510.62
75.0,449.54857142857145
75.0,388.4771428571429
75.0,327.4057142857143
75.0,244.28571428571428
75.0,183.21428571428572
75.0,122.14285714285714
75.0,61.07142857142857
75.0,0.0
75.0,0.0
75.0,0.0
75.0,0.0
75.0,0.0
75.0,0.0
75.0,0.0
75.0,0.0
75.0,0.0
75.0,0.0
75.0,0.0
75.0,0.0
0.0,0.0
0.0,0.0
75.0,0.0
75.0,0.0
75.0,0.0
75.0,0.0
75.0,0.0
75.0,0.0
75.0,0.0
75.0,0.0
