transact_c,transact_d
0.0,0.0
0.0,0.0
0.0,0.0
0.0,0.0
0.0,0.0
0.0,0.0
0.0,0.0
0.0,0.0
0.0,0.0
0.0,0.0
0.0,0.0
0.0,0.0
0.0,0.0
0.0,0.0
0.0,0.0
0.0,0.0
0.0,0.0
0.0,0.0
0.0,0.0
0.0,0.0
0.0,0.0
0.0,0.0
0.0,0.0
0.0,0.0
0.0,0.0
0.0,0.0
0.0,0.0
0.0,0.0
0.0,0.0
0.0,0.0
0.0,0.0
0.0,0.0
0.0,0.0
0.0,0.0
0.0,0.0
0.0,0.0
0.0,0.0
0.0,0.0
0.0,0.0
0.0,0.0
0.0,0.0
0.0,0.0
0.0,0.0
0.0,0.0
0.0,0.0
0.0,0.0
0.0,0.0
0.0,0.0
0.0,0.0
0.0,0.0
0.0,0.0
0.0,0.0
0.0,0.0
0.0,0.0
0.0,0.0
0.0,0.0
0.0,0.0
0.0,0.0
0.0,0.0
0.0,0.0
0.0,0.0
0.0,0.0
0.0,0.0
0.0,0.0
0.0,0.0
0.0,0.0
0.0,0.0
0.0,0.0
0.0,0.0
0.0,0.0
0.0,4.214285714285714
0.0,4.214285714285714
0.0,4.214285714285714
0.0,4.214285714285714
0.0,4.214285714285714
0.0,4.214285714285714
0.0,4.214285714285714
0.0,4.214285714285714
0.0,4.214285714285714
0.0,4.214285714285714
0.0,4.214285714285714
0.0,4.214285714285714
0.0,4.214285714285714
0.0,4.214285714285714
0.0,4.214285714285714
0.0,4.214285714285714
0.0,4.214285714285714
0.0,4.214285714285714
0.0,4.214285714285714
0.0,4.214285714285714
0.0,4.214285714285714
0.0,4.214285714285714
0.0,4.214285714285714
0.0,4.214285714285714
0.0,4.214285714285714
0.0,4.214285714285714
0.0,4.214285714285714
0.0,4.214285714285714
0.0,0.0
0.0,0.0
0.0,46.42857142857143
0.0,46.42857142857143
0.0,46.42857142857143
0.0,46.42857142857143
0.0,46.42857142857143
0.0,46.42857142857143
0.0,46.42857142857143
0.0,46.42857142857143
0.0,46.42857142857143
0.0,46.42857142857143
0.0,46.42857142857143
0.0,46.42857142857143
12.4025,46.42857142857143
12.4025,46.964285714285715
12.4025,46.964285714285715
12.4025,46.964285714285715
12.4025,46.964285714285715
12.4025,46.964285714285715
12.4025,46.964285714285715
12.4025,46.964285714285715
12.4025,46.964285714285715
12.4025,46.964285714285715
12.4025,46.964285714285715
12.4025,46.964285714285715
12.4025,46.964285714285715
12.4025,46.964285714285715
12.4025,46.964285714285715
12.4025,46.964285714285715
12.4025,0.5357142857142857
12.4025,0.5357142857142857
12.4025,0.5357142857142857
12.4025,0.5357142857142857
12.4025,0.5357142857142857
12.4025,0.5357142857142857
12.4025,0.5357142857142857
12.4025,0.5357142857142857
12.4025,0.5357142857142857
12.4025,0.5357142857142857
12.4025,0.5357142857142857
12.4025,0.5357142857142857
0.0,0.5357142857142857
0.0,0.0
0.0,0.0
0.0,0.0
0.0,0.0
0.0,0.0
0.0,0.0
0.0,0.0
0.0,0.0
0.0,0.0
0.0,0.0
0.0,0.0
0.0,0.0
0.0,0.0
