transact_c,transact_d
35.714285714285715,0.0
35.714285714285715,0.0
35.714285714285715,0.0
35.714285714285715,0.0
35.714285714285715,0.0
125.0,0.0
125.0,0.0
125.0,0.0
125.0,0.0
217.85714285714286,0.0
217.85714285714286,0.0
182.14285714285714,0.0
182.14285714285714,0.0
182.14285714285714,0.0
182.14285714285714,0.0
182.14285714285714,0.0
182.14285714285714,0.0
182.14285714285714,0.0
182.14285714285714,0.0
182.14285714285714,0.0
182.14285714285714,0.0
182.14285714285714,0.0
182.14285714285714,0.0
182.14285714285714,0.0
182.14285714285714,0.0
182.14285714285714,0.0
182.14285714285714,0.0
182.14285714285714,0.0
182.14285714285714,0.0
182.14285714285714,0.0
182.14285714285714,0.0
182.14285714285714,0.0
182.14285714285714,0.0
92.85714285714286,0.0
92.85714285714286,0.0
92.85714285714286,0.0
92.85714285714286,0.0
0.0,0.0
0.0,0.0
0.0,0.0
0.0,0.0
0.0,0.0
0.0,0.0
0.0,0.0
0.0,0.0
0.0,0.0
0.0,0.0
0.0,0.0
0.0,0.0
0.0,0.0
0.0,0.0
0.0,0.0
0.0,0.0
0.0,0.0
0.0,0.0
0.0,0.0
0.0,0.0
0.0,0.0
0.0,0.0
0.0,0.0
0.0,0.0
0.0,0.0
89.28571428571429,0.0
89.28571428571429,0.0
89.28571428571429,0.0
89.28571428571429,0.0
89.28571428571429,0.0
89.28571428571429,0.0
89.28571428571429,0.0
89.28571428571429,0.0
89.28571428571429,0.0
89.28571428571429,0.0
89.28571428571429,0.0
89.28571428571429,0.0
89.28571428571429,0.0
89.28571428571429,0.0
89.28571428571429,0.0
89.28571428571429,0.0
89.28571428571429,0.0
89.28571428571429,0.0
89.28571428571429,0.0
89.28571428571429,0.0
89.28571428571429,0.0
89.28571428571429,0.0
89.28571428571429,0.0
89.28571428571429,0.0
89.28571428571429,0.0
89.28571428571429,0.0
89.28571428571429,0.0
89.28571428571429,0.0
0.0,0.0
0.0,0.0
0.0,0.0
0.0,45.75
0.0,91.5
0.0,137.25
0.0,183.0
0.0,228.75
0.0,274.5
0.0,274.5
0.0,274.5
0.0,274.5
0.0,274.5
0.0,274.5
0.0,274.5
0.0,274.5
0.0,274.5
0.0,274.5
0.0,274.5
0.0,274.5
0.0,274.5
0.0,274.5
0.0,274.5
0.0,274.5
0.0,274.5
0.0,274.5
0.0,274.5
0.0,274.5
0.0,274.5
0.0,274.5
0.0,274.5
0.0,228.75
0.0,183.0
0.0,137.25
0.0,91.5
0.0,45.75
0.0,0.0
0.0,0.0
0.0,0.0
0.0,0.0
0.0,0.0
0.0,0.0
0.0,0.0
0.0,0.0
0.0,0.0
0.0,0.0
0.0,0.0
0.0,0.0
0.0,0.0
0.0,0.0
0.0,0.0
0.0,0.0
0.0,0.0
0.0,0.0
0.0,0.0
0.0,0.0
0.0,0.0
0.0,0.0
0.0,0.0
0.0,0.0
0.0,0.0
0.0,0.0
0.0,0.0
0.0,0.0
