transact_c,transact_d
112.5,0.0
112.5,0.0
100.0,0.0
87.5,0.0
75.0,0.0
62.5,0.0
50.0,12.5
37.5,12.5
37.5,12.5
37.5,12.5
25.0,12.5
25.0,12.5
25.0,12.5
25.0,12.5
25.0,12.5
25.0,12.5
25.0,12.5
25.0,12.5
25.0,12.5
25.0,37.142857142857146
25.0,37.142857142857146
25.0,37.142857142857146
25.0,37.142857142857146
25.0,37.142857142857146
25.0,37.142857142857146
25.0,37.142857142857146
25.0,37.142857142857146
25.0,37.142857142857146
25.0,37.142857142857146
25.0,37.142857142857146
25.0,37.142857142857146
25.0,37.142857142857146
25.0,37.142857142857146
25.0,37.42857142857143
25.0,24.928571428571427
25.0,24.928571428571427
25.0,24.928571428571427
25.0,24.928571428571427
25.0,24.928571428571427
12.5,24.928571428571427
0.0,24.928571428571427
0.0,24.928571428571427
0.0,24.928571428571427
0.0,24.928571428571427
0.0,24.928571428571427
0.0,24.928571428571427
0.0,24.928571428571427
0.0,0.2857142857142857
0.0,0.2857142857142857
0.0,0.2857142857142857
0.0,0.2857142857142857
0.0,0.2857142857142857
0.0,0.2857142857142857
0.0,0.2857142857142857
0.0,0.2857142857142857
0.0,0.2857142857142857
0.0,0.2857142857142857
0.0,0.2857142857142857
0.0,0.2857142857142857
0.0,0.2857142857142857
0.0,0.2857142857142857
0.0,0.0
0.0,0.0
0.0,0.0
0.0,0.0
0.0,0.0
0.0,0.0
0.0,0.0
0.0,0.0
0.0,0.0
0.0,0.0
0.0,0.0
0.0,0.0
0.0,0.0
0.0,0.0
0.0,0.0
0.0,0.0
0.0,0.0
0.0,0.0
0.0,0.0
0.0,0.0
0.0,0.0
0.0,0.0
0.0,0.0
0.0,0.0
0.0,0.0
0.0,0.0
0.0,0.0
0.0,0.0
0.0,0.0
0.0,12.5
0.0,12.5
0.0,12.5
0.0,12.5
0.0,12.5
0.0,12.5
0.0,12.5
0.0,12.5
0.0,12.5
0.0,12.5
0.0,12.5
0.0,12.5
0.0,12.5
0.0,12.5
0.0,12.5
0.0,12.5
0.0,12.5
0.0,12.5
0.0,12.5
0.0,12.5
0.0,12.5
0.0,12.5
0.0,12.5
0.0,12.5
0.0,12.5
0.0,12.5
0.0,12.5
0.0,12.5
0.0,0.0
0.0,0.0
0.0,0.0
0.0,0.0
0.0,0.0
0.0,0.0
0.0,0.0
0.0,0.0
0.0,0.0
0.0,0.0
0.0,0.0
0.0,0.0
0.0,0.0
0.0,0.0
0.0,0.0
0.0,0.0
0.0,0.0
0.0,12.5
0.0,12.5
0.0,12.5
0.0,12.5
0.0,12.5
0.0,12.5
0.0,12.5
0.0,12.5
0.0,12.5
0.0,12.5
0.0,12.5
0.0,12.5
0.0,12.5
0.0,12.5
0.0,12.5
0.0,12.5
0.0,12.5
0.0,12.5
0.0,12.5
