transact_c,transact_d
0.455,0.0
0.455,0.0
0.455,0.0
0.455,0.0
0.455,0.0
0.455,0.0
0.455,0.0
0.455,0.0
0.455,0.0
0.455,0.0
0.455,0.0
0.455,0.0
0.455,0.0
0.455,0.0
0.455,0.0
0.455,0.0
0.455,0.0
0.455,0.0
0.455,0.0
0.455,0.0
0.455,0.0
0.455,0.0
0.0,0.0
0.0,0.0
0.0,0.0
0.455,0.0
0.455,0.0
0.455,0.0
0.455,0.0
0.455,0.0
0.455,0.0
0.455,0.0
0.455,0.0
0.455,0.0
0.455,0.0
0.455,0.0
0.455,0.0
0.455,0.0
0.455,0.0
0.455,0.0
0.455,0.0
0.455,0.0
0.455,0.0
0.455,0.0
0.455,0.0
0.455,0.0
0.455,0.0
0.455,0.0
0.455,0.0
0.455,0.0
0.455,0.0
0.455,0.0
0.455,0.0
0.4110714285714286,0.0
0.4110714285714286,0.0
0.4110714285714286,0.0
0.4110714285714286,0.0
0.4110714285714286,0.0
0.4110714285714286,0.0
0.4110714285714286,0.0
0.4110714285714286,0.0
0.4110714285714286,0.0
0.4110714285714286,0.0
0.4110714285714286,0.0
0.4110714285714286,0.0
0.4110714285714286,0.0
0.4110714285714286,0.0
0.4110714285714286,0.0
0.4110714285714286,0.0
0.4110714285714286,0.0
0.4110714285714286,0.0
0.4110714285714286,0.0
0.4110714285714286,0.0
0.4110714285714286,0.0
0.4110714285714286,0.0
0.4110714285714286,0.0
0.4110714285714286,0.0
0.4110714285714286,0.0
0.4110714285714286,0.0
0.4110714285714286,0.0
0.4110714285714286,0.0
0.0,0.0
0.0,0.0
0.0,0.0
0.455,0.0
0.455,0.0
0.455,0.0
0.455,0.0
0.455,0.0
0.455,0.0
0.455,0.0
0.455,0.0
0.455,0.0
0.455,0.0
0.455,0.0
0.455,0.0
0.455,0.0
0.455,0.0
0.455,0.0
0.455,0.0
0.455,0.0
0.455,0.0
0.455,0.0
0.455,0.0
0.455,0.0
0.455,0.0
0.455,0.0
0.455,0.0
0.455,0.0
0.455,0.0
0.455,0.0
0.455,0.0
0.0,0.0
0.0,0.0
0.44035714285714284,0.0
0.44035714285714284,0.0
0.44035714285714284,0.0
0.44035714285714284,0.0
0.44035714285714284,0.0
0.44035714285714284,0.0
0.44035714285714284,0.0
0.44035714285714284,0.0
0.44035714285714284,0.0
0.44035714285714284,0.0
0.44035714285714284,0.0
0.44035714285714284,0.0
0.44035714285714284,0.0
0.44035714285714284,0.0
0.44035714285714284,0.0
0.44035714285714284,0.0
0.44035714285714284,0.0
0.44035714285714284,0.0
0.44035714285714284,0.0
0.44035714285714284,0.0
0.44035714285714284,0.0
0.44035714285714284,0.0
0.44035714285714284,0.0
0.44035714285714284,0.0
0.44035714285714284,0.0
0.44035714285714284,0.0
0.44035714285714284,0.0
0.44035714285714284,0.0
0.0,0.0
0.0,0.0
0.0,0.0
0.455,0.0
0.455,0.0
0.455,0.0
0.455,0.0
0.455,0.0
0.455,0.0
0.455,0.0
0.455,0.0
0.455,0.0
