transact_c,transact_d
385.7142857142857,46.857142857142854
385.7142857142857,46.57142857142857
385.7142857142857,46.57142857142857
385.7142857142857,46.57142857142857
385.7142857142857,46.57142857142857
385.7142857142857,46.57142857142857
385.7142857142857,46.57142857142857
385.7142857142857,46.57142857142857
385.7142857142857,35.857142857142854
385.7142857142857,35.857142857142854
385.7142857142857,35.857142857142854
385.7142857142857,35.857142857142854
385.7142857142857,35.857142857142854
385.7142857142857,35.857142857142854
385.7142857142857,35.857142857142854
385.7142857142857,35.857142857142854
385.7142857142857,35.857142857142854
385.7142857142857,35.857142857142854
385.7142857142857,35.857142857142854
385.7142857142857,35.857142857142854
385.7142857142857,35.857142857142854
385.7142857142857,35.857142857142854
0.0,35.857142857142854
0.0,293.0
0.0,293.0
0.0,285.7142857142857
0.0,285.7142857142857
0.0,285.7142857142857
0.0,285.7142857142857
0.0,285.7142857142857
0.0,285.7142857142857
0.0,285.7142857142857
0.0,285.7142857142857
0.0,285.7142857142857
0.0,285.7142857142857
0.0,285.7142857142857
0.0,285.7142857142857
0.0,285.7142857142857
0.0,285.7142857142857
0.0,285.7142857142857
0.0,285.7142857142857
0.0,285.7142857142857
0.0,285.7142857142857
0.0,285.7142857142857
0.0,285.7142857142857
0.0,285.7142857142857
0.0,285.7142857142857
0.0,285.7142857142857
0.0,285.7142857142857
0.0,285.7142857142857
0.0,285.7142857142857
0.0,0.0
0.0,0.0
0.0,0.0
0.0,0.0
0.0,0.0
0.0,0.0
0.0,0.0
0.0,0.0
0.0,0.0
0.0,0.0
0.0,0.0
0.0,0.0
0.0,0.0
0.0,0.0
0.0,0.0
0.0,0.0
0.0,0.0
0.0,0.0
0.0,0.0
0.0,0.0
0.0,0.0
0.0,10.0
0.0,10.0
0.0,10.0
0.0,10.0
0.0,10.0
0.0,10.0
0.0,10.0
0.0,10.0
0.0,10.0
0.0,10.0
0.0,10.0
0.0,10.0
0.0,10.0
0.0,10.0
0.0,10.0
0.0,10.0
0.0,10.0
0.0,10.0
0.0,10.0
0.0,10.0
0.0,10.0
0.0,10.0
0.0,10.0
0.0,10.0
0.0,10.0
0.0,10.0
0.0,10.0
0.0,10.0
0.0,0.0
0.0,0.0
0.0,0.0
0.0,0.0
0.0,0.0
0.0,0.0
0.0,0.0
0.0,0.0
0.0,0.0
0.0,0.0
0.0,0.0
0.0,0.0
0.0,0.0
0.0,0.0
0.0,0.0
0.0,0.0
0.0,0.0
0.0,0.0
0.0,0.0
0.0,0.0
0.0,0.0
0.0,0.0
0.0,0.0
0.0,0.0
0.0,0.0
0.0,0.0
0.0,0.0
0.0,0.0
0.0,0.0
0.0,0.0
0.0,0.0
0.0,0.0
0.0,0.0
0.0,0.0
0.0,0.0
0.0,0.0
0.0,0.0
0.0,0.0
0.0,0.0
0.0,0.0
0.0,0.0
0.0,0.0
0.0,0.0
0.0,0.0
0.0,0.0
0.0,0.0
0.0,0.0
0.0,0.0
0.0,0.0
0.0,0.0
0.0,0.0
0.0,0.0
0.0,0.0
0.0,0.0
