transact_c,transact_d
0.0,252.0
0.0,252.0
0.0,267.7639285714286
0.0,141.76392857142858
0.0,141.76392857142858
0.0,267.76392857142855
0.0,267.76392857142855
0.0,267.76392857142855
0.0,267.76392857142855
0.0,267.76392857142855
0.0,267.76392857142855
0.0,141.76392857142858
0.0,141.76392857142858
0.0,141.76392857142858
0.0,141.76392857142858
0.0,141.76392857142858
0.0,141.76392857142858
0.0,141.76392857142858
0.0,141.76392857142858
0.0,141.76392857142858
0.0,141.76392857142858
0.0,141.76392857142858
0.0,141.76392857142858
0.0,141.76392857142858
0.0,141.76392857142858
0.0,141.76392857142858
0.0,141.76392857142858
0.0,141.76392857142858
0.0,141.76392857142858
0.0,141.76392857142858
0.0,126.0
0.0,126.0
0.0,126.0
0.0,0.0
0.0,0.0
0.0,0.0
0.0,0.0
0.0,0.0
0.0,0.0
0.0,0.0
0.0,0.0
0.0,0.0
0.0,0.0
0.0,0.0
0.0,0.0
0.0,0.0
0.0,0.0
0.0,0.0
0.0,0.0
0.0,0.0
0.0,0.0
0.0,0.0
0.0,0.0
0.0,0.0
0.0,0.0
0.0,0.0
0.0,0.0
0.0,0.0
0.0,0.0
0.0,0.0
0.0,0.0
0.0,126.0
0.0,126.0
0.0,126.0
0.0,126.0
0.0,126.0
0.0,126.0
0.0,126.0
126.0,126.0
126.0,126.0
126.0,126.0
126.0,126.0
126.0,126.0
126.0,126.0
126.0,126.0
126.0,126.0
126.0,126.0
126.0,126.0
126.0,126.0
126.0,126.0
126.0,126.0
126.0,126.0
126.0,126.0
126.0,126.0
126.0,126.0
126.0,126.0
126.0,126.0
126.0,126.0
126.0,126.0
126.0,0.0
126.0,0.0
126.0,0.0
126.0,126.0
126.0,126.0
126.0,126.0
126.0,126.0
0.0,126.0
0.0,126.0
0.0,126.0
0.0,126.0
0.0,126.0
0.0,126.0
0.0,126.0
0.0,126.0
0.0,126.0
0.0,126.0
0.0,126.0
0.0,126.0
0.0,126.0
0.0,126.0
0.0,126.0
0.0,126.0
0.0,126.0
0.0,126.0
0.0,126.0
0.0,126.0
0.0,126.0
0.0,126.0
0.0,126.0
0.0,126.0
0.0,0.0
0.0,0.0
0.0,0.0
0.0,126.0
0.0,126.0
0.0,126.0
0.0,126.0
0.0,126.0
0.0,126.0
0.0,126.0
0.0,126.0
0.0,126.0
0.0,126.0
0.0,126.0
0.0,126.0
0.0,126.0
0.0,126.0
0.0,126.0
0.0,126.0
0.0,126.0
0.0,126.0
0.0,126.0
0.0,126.0
0.0,126.0
0.0,126.0
0.0,126.0
0.0,126.0
0.0,126.0
0.0,126.0
0.0,127.78571428571429
0.0,127.78571428571429
0.0,1.7857142857142858
0.0,1.7857142857142858
0.0,1.7857142857142858
