transact_c,transact_d
0.0,0.0
0.0,0.0
0.0,0.0
0.005,0.0
0.005,0.0
0.005,0.0
0.005,0.0
0.005,0.0
0.005,0.0
0.005,0.0
0.005,0.0
0.005,0.0
0.005,0.0
0.005,0.0
0.005,0.0
0.005,0.0
0.005,0.0
0.005,0.0
0.005,0.0
0.005,0.0
0.005,0.0
0.005,0.0
0.005,0.0
0.005,0.0
0.005,0.0
0.005,0.0
0.005,0.0
0.005,0.0
0.005,0.0
0.005,0.0
0.005,0.0
0.005,0.0
0.005,0.0
0.005,0.0
0.005,0.0
0.005,0.0
0.005,0.0
0.005,0.0
0.005,0.0
0.005,0.0
0.005,0.0
0.005,0.0
0.005,0.0
0.005,0.0
0.005,0.0
0.005,0.0
0.005,0.0
0.005,0.0
0.005,0.0
0.005,0.0
0.005,0.0
0.005,0.0
0.005,0.0
0.005,0.0
0.005,0.0
0.005,0.0
0.005,0.0
0.005,0.0
0.005,0.0
0.0,0.0
0.0,0.0
0.0,0.0
0.005,0.0
0.005,0.0
0.005,0.0
0.005,0.0
0.005,0.0
0.005,0.0
0.005,0.0
0.005,0.0
0.005,0.0
0.005,0.0
228.57642857142858,214.28571428571428
228.57642857142858,214.28571428571428
228.57642857142858,214.28571428571428
228.57642857142858,214.28571428571428
228.57642857142858,214.28571428571428
228.57642857142858,214.28571428571428
228.57642857142858,214.28571428571428
228.57642857142858,214.28571428571428
228.57642857142858,214.28571428571428
228.57642857142858,214.28571428571428
228.57642857142858,214.28571428571428
228.57642857142858,214.28571428571428
228.57642857142858,214.28571428571428
228.57642857142858,214.28571428571428
228.57642857142858,214.28571428571428
228.57642857142858,214.28571428571428
228.57642857142858,214.28571428571428
228.57642857142858,214.28571428571428
228.57142857142858,214.28571428571428
228.57142857142858,214.28571428571428
228.57642857142858,214.28571428571428
228.57642857142858,214.28571428571428
228.57642857142858,214.28571428571428
228.57642857142858,214.28571428571428
228.57642857142858,214.28571428571428
228.57642857142858,214.28571428571428
228.57642857142858,214.28571428571428
228.57642857142858,214.28571428571428
0.005,0.0
0.005,0.0
0.005,0.0
0.005,0.0
0.005,0.0
0.005,0.0
0.005,0.0
0.005,0.0
0.005,0.0
0.005,0.0
0.005,0.0
0.005,0.0
0.005,0.0
0.005,0.0
0.005,0.0
0.005,0.0
0.005,0.0
0.005,0.0
0.005,0.0
0.005,0.0
0.0,0.0
0.0,0.0
0.0,0.0
0.005,0.0
0.005,0.0
0.005,0.0
0.005,0.0
0.005,0.0
0.005,0.0
0.005,0.0
0.005,0.0
0.005,0.0
0.005,0.0
0.005,0.0
0.005,0.0
0.005,0.0
0.005,0.0
0.005,0.0
0.005,0.0
0.005,0.0
0.005,0.0
0.005,0.0
0.005,0.0
0.005,0.0
0.005,0.0
0.005,0.0
0.005,0.0
0.005,0.0
0.005,0.0
0.005,0.0
0.005,0.0
0.0,0.0
0.0,0.0
0.0,0.0
