transact_c,transact_d
0.0,0.2857142857142857
0.0,0.2857142857142857
0.0,0.0
0.0,0.0
0.0,0.0
0.0,0.0
0.0,0.0
0.0,0.0
0.0,0.0
0.0,0.0
0.0,0.0
0.0,0.0
0.0,0.0
0.0,0.0
0.0,0.0
0.0,0.0
0.0,0.0
0.0,0.0
0.0,0.0
0.0,0.0
0.0,0.0
0.0,0.0
0.0,0.0
0.0,0.0
0.0,0.0
0.0,0.0
0.0,0.0
0.0,0.0
50.0,0.0
50.0,42.9975
50.0,42.9975
50.0,42.9975
50.0,42.9975
50.0,42.9975
50.0,42.9975
50.0,42.9975
50.0,42.9975
50.0,42.9975
50.0,42.9975
50.0,42.9975
50.0,42.9975
50.0,42.9975
50.0,42.9975
50.0,42.9975
50.0,42.9975
50.0,42.9975
50.0,42.9975
50.0,42.9975
50.0,42.9975
50.0,42.9975
50.0,42.9975
50.0,42.9975
50.0,42.9975
50.0,42.9975
50.0,42.9975
50.0,42.9975
50.0,42.9975
50.0,44.73857142857143
50.0,44.73857142857143
50.0,44.73857142857143
50.0,44.73857142857143
50.0,44.73857142857143
50.0,44.73857142857143
50.0,44.73857142857143
50.0,44.73857142857143
50.0,44.73857142857143
50.0,44.73857142857143
50.0,44.73857142857143
50.0,44.73857142857143
50.0,44.73857142857143
50.0,44.73857142857143
50.0,44.73857142857143
50.0,44.73857142857143
50.0,44.73857142857143
50.0,44.73857142857143
50.0,44.73857142857143
50.0,44.73857142857143
50.0,44.73857142857143
50.0,44.73857142857143
50.0,44.73857142857143
50.0,44.73857142857143
50.0,44.73857142857143
50.0,44.73857142857143
50.0,44.73857142857143
0.0,44.73857142857143
50.0,44.74
50.0,44.74
50.0,44.74
50.0,44.74
50.0,44.74
50.0,44.74
50.0,44.74
50.0,44.74
50.0,44.74
50.0,44.74
50.0,44.74
50.0,44.74
50.0,44.74
50.0,89.46214285714287
50.0,134.17642857142857
50.0,134.17642857142857
50.0,134.17642857142857
50.0,134.17642857142857
50.0,134.17642857142857
50.0,134.17642857142857
50.0,134.17642857142857
50.0,134.17642857142857
50.0,134.17642857142857
50.0,134.17642857142857
50.0,138.15285714285716
50.0,138.15285714285716
50.0,138.15285714285716
50.0,138.15285714285716
0.0,93.41285714285716
0.0,93.41285714285716
0.0,93.41285714285716
0.0,93.41285714285716
0.0,93.41285714285716
0.0,93.41285714285716
0.0,93.41285714285716
50.0,93.41285714285716
50.0,93.41285714285716
50.0,93.41285714285716
50.0,93.41285714285716
50.0,93.41285714285716
50.0,93.41285714285716
50.0,48.690714285714286
50.0,3.9764285714285714
50.0,3.9764285714285714
50.0,3.9764285714285714
50.0,3.9764285714285714
50.0,3.9764285714285714
50.0,3.9764285714285714
50.0,3.9764285714285714
50.0,3.9764285714285714
50.0,3.9764285714285714
50.0,3.9764285714285714
50.0,0.0
50.0,0.0
50.0,0.0
50.0,0.0
50.0,0.0
50.0,0.0
50.0,0.0
50.0,0.0
50.0,0.0
50.0,0.0
50.0,0.0
0.0,0.0
0.0,0.0
0.0,0.0
0.0,0.0
50.0,0.0
50.0,0.0
