transact_c,transact_d
614.2857142857143,0.0
514.2857142857143,0.0
514.2857142857143,0.0
514.2857142857143,0.0
407.14285714285717,0.0
307.14285714285717,0.0
407.14285714285717,0.0
407.14285714285717,0.0
407.14285714285717,0.0
307.14285714285717,0.0
307.14285714285717,0.0
307.14285714285717,0.0
307.14285714285717,0.0
307.14285714285717,0.0
307.14285714285717,0.0
307.14285714285717,0.0
307.14285714285717,0.0
307.14285714285717,0.0
307.14285714285717,0.0
307.14285714285717,0.0
307.14285714285717,0.0
307.14285714285717,0.0
307.14285714285717,0.0
307.14285714285717,0.0
307.14285714285717,0.0
307.14285714285717,0.0
307.14285714285717,0.0
200.0,0.0
200.0,0.0
200.0,0.0
200.0,0.0
200.0,0.0
200.0,0.0
200.0,0.0
100.0,0.0
100.0,0.0
100.0,0.0
100.0,0.0
100.0,0.0
0.0,0.0
0.0,0.0
0.0,0.0
0.0,0.0
0.0,0.0
0.0,0.0
0.0,0.0
0.0,0.0
0.0,0.0
0.0,0.0
0.0,0.0
0.0,0.0
0.0,0.0
0.0,0.0
0.0,0.0
0.0,0.0
0.0,0.0
0.0,0.0
0.0,0.0
0.0,0.0
0.0,0.0
0.0,0.0
0.0,0.0
0.0,0.0
0.0,0.0
0.0,0.0
0.0,0.0
0.0,0.0
0.0,0.0
0.0,0.0
0.0,0.0
0.0,142.85714285714286
0.0,142.85714285714286
0.0,142.85714285714286
0.0,142.85714285714286
0.0,142.85714285714286
0.0,142.85714285714286
0.0,142.85714285714286
0.0,142.85714285714286
0.0,142.85714285714286
0.0,142.85714285714286
0.0,142.85714285714286
0.0,142.85714285714286
0.0,142.85714285714286
0.0,142.85714285714286
0.0,142.85714285714286
0.0,142.85714285714286
0.0,142.85714285714286
0.0,142.85714285714286
0.0,142.85714285714286
0.0,142.85714285714286
0.0,142.85714285714286
0.0,142.85714285714286
0.0,142.85714285714286
0.0,239.73714285714283
0.0,336.6171428571428
0.0,433.4971428571428
0.0,530.3771428571428
0.0,627.2571428571428
0.0,581.28
0.0,678.16
0.0,678.16
0.0,775.04
0.0,871.92
0.0,968.8
0.0,1065.6799999999998
0.0,1065.6799999999998
0.0,1065.6799999999998
0.0,1065.6799999999998
0.0,1065.6799999999998
0.0,1065.6799999999998
0.0,1065.6799999999998
0.0,1065.6799999999998
0.0,1065.6799999999998
0.0,1065.6799999999998
0.0,1065.6799999999998
0.0,1065.6799999999998
0.0,1065.6799999999998
0.0,1065.6799999999998
0.0,1065.6799999999998
0.0,1065.6799999999998
0.0,1065.6799999999998
0.0,968.8
0.0,871.92
100.0,775.04
100.0,678.16
100.0,581.28
100.0,484.4
100.0,387.52
100.0,387.52
100.0,290.64
100.0,193.76
100.0,96.88
100.0,0.0
100.0,0.0
100.0,0.0
100.0,0.0
100.0,0.0
100.0,0.0
100.0,0.0
100.0,0.0
100.0,0.0
100.0,0.0
100.0,0.0
100.0,0.0
100.0,0.0
100.0,0.0
100.0,0.0
100.0,0.0
100.0,0.0
100.0,0.0
100.0,0.0
0.0,0.0
0.0,0.0
0.0,0.0
