transact_c,transact_d
0.0,5.357142857142857
0.0,5.357142857142857
0.0,5.357142857142857
0.0,5.357142857142857
0.0,5.357142857142857
0.0,5.357142857142857
0.0,5.357142857142857
0.0,5.357142857142857
0.0,5.357142857142857
0.0,5.357142857142857
0.0,5.357142857142857
0.0,5.357142857142857
0.0,0.0
0.0,0.0
0.0,0.0
0.0,0.0
0.0,0.0
0.0,0.0
0.0,0.0
0.0,0.0
0.0,0.0
0.0,0.0
0.0,0.0
0.0,0.0
0.0,0.0
0.0,0.0
0.0,0.0
0.0,0.0
0.0,0.0
0.0,0.0
0.0,0.0
0.0,0.0
0.0,0.0
0.0,0.0
0.0,0.0
0.0,0.0
0.0,0.0
0.0,0.0
0.0,0.0
0.0,0.0
0.0,0.0
0.0,0.0
0.0,0.0
0.0,0.0
0.0,0.0
0.0,0.0
0.0,0.0
0.0,0.0
0.0,0.0
0.0,0.0
0.0,0.0
0.0,0.0
0.0,0.0
0.0,0.0
0.0,0.0
0.0,0.0
0.0,0.0
0.0,0.0
0.0,0.0
0.0,0.0
0.0,0.0
0.0,0.0
0.0,0.0
0.0,0.0
0.0,0.0
0.0,0.0
0.0,0.0
0.0,0.0
0.0,0.0
0.0,0.0
0.0,0.0
0.0,0.0
0.0,0.0
0.0,0.0
0.0,0.0
0.0,0.0
0.0,0.0
0.0,0.0
0.0,0.0
0.0,0.0
0.0,0.0
0.0,0.0
0.0,0.0
0.0,0.0
0.0,0.0
0.0,0.0
0.0,0.0
0.0,0.0
0.0,0.0
0.0,0.0
0.0,0.0
0.0,0.0
0.0,0.845
0.0,0.845
0.0,0.845
0.0,0.845
0.0,0.845
0.0,0.845
0.0,0.845
0.0,2.179642857142857
0.0,3.5585714285714287
0.0,4.937857142857142
0.0,46.61642857142857
0.0,88.295
0.0,129.97357142857143
0.0,129.97357142857143
0.0,129.97357142857143
0.0,129.97357142857143
0.0,129.97357142857143
0.0,129.97357142857143
0.0,129.97357142857143
0.0,129.97357142857143
0.0,129.97357142857143
0.0,129.97357142857143
0.0,129.97357142857143
0.0,129.97357142857143
0.0,129.97357142857143
0.0,129.97357142857143
0.0,129.97357142857143
0.0,129.97357142857143
1428.5714285714287,130.5075
1428.5714285714287,130.5075
1428.5714285714287,130.5075
1428.5714285714287,130.5075
1428.5714285714287,130.5075
1428.5714285714287,130.5075
1428.5714285714287,130.5075
1428.5714285714287,129.17285714285714
1428.5714285714287,127.79392857142857
1428.5714285714287,126.41464285714287
1428.5714285714287,84.73607142857144
1428.5714285714287,43.0575
1428.5714285714287,1.3789285714285715
1428.5714285714287,1.3789285714285715
1428.5714285714287,1.3789285714285715
1428.5714285714287,1.3789285714285715
1428.5714285714287,1.3789285714285715
1428.5714285714287,1.3789285714285715
1428.5714285714287,1.3789285714285715
1428.5714285714287,1.3789285714285715
1428.5714285714287,1.3789285714285715
1428.5714285714287,1.3789285714285715
1428.5714285714287,1.3789285714285715
1428.5714285714287,1.3789285714285715
1428.5714285714287,1.3789285714285715
1428.5714285714287,1.3789285714285715
1428.5714285714287,1.3789285714285715
1428.5714285714287,1.3789285714285715
0.0,0.0
0.0,0.0
0.0,0.0
0.0,0.0
0.0,0.0
0.0,0.0
