transact_c,transact_d
0.0,0.0
0.0,0.0
0.0,0.0
0.0,0.0
0.0,0.0
0.0,0.0
0.0,18.695357142857144
0.0,18.695357142857144
0.0,18.695357142857144
0.0,18.695357142857144
0.0,18.695357142857144
0.0,18.695357142857144
0.0,18.695357142857144
0.0,18.695357142857144
0.0,18.695357142857144
0.0,18.695357142857144
0.0,18.695357142857144
0.0,18.695357142857144
0.0,18.695357142857144
0.0,18.695357142857144
0.0,18.695357142857144
0.0,18.695357142857144
0.0,18.695357142857144
0.0,18.695357142857144
0.0,18.695357142857144
0.0,18.695357142857144
0.0,18.695357142857144
0.0,18.695357142857144
0.0,18.695357142857144
0.0,18.695357142857144
0.0,18.695357142857144
0.0,18.695357142857144
0.0,18.695357142857144
0.0,18.695357142857144
0.0,0.0
0.0,0.0
0.0,0.0
0.0,0.0
0.0,0.0
0.0,0.0
0.0,0.0
0.0,0.0
0.0,0.0
0.0,0.0
0.0,0.0
0.0,0.0
0.0,0.0
0.0,0.0
0.0,0.0
0.0,0.0
0.0,0.0
0.0,0.0
0.0,0.0
0.0,0.0
0.0,0.0
0.0,0.0
0.0,0.0
0.0,0.0
0.0,0.0
0.0,0.0
0.0,0.0
0.0,0.0
0.0,0.0
0.0,0.0
0.0,0.0
0.0,0.0
0.0,0.0
0.0,0.0
0.0,0.0
0.0,0.0
0.0,0.0
0.0,0.0
0.0,0.0
0.0,0.0
0.0,0.0
0.0,0.0
0.0,0.0
0.0,0.0
0.0,0.0
0.0,0.0
0.0,0.0
0.0,0.0
0.0,0.0
0.0,0.0
0.0,0.0
0.0,0.0
0.0,0.0
0.0,0.0
0.0,0.0
0.0,0.0
0.0,0.0
0.0,0.0
0.0,0.0
0.0,0.0
0.0,0.0
0.0,0.0
0.0,0.0
12.5,22.5625
12.5,22.5625
12.5,22.5625
12.5,22.5625
12.5,22.5625
12.5,22.5625
12.5,22.5625
12.5,22.5625
12.5,22.5625
12.5,22.5625
12.5,22.5625
12.5,22.5625
12.5,22.5625
12.5,22.5625
12.5,22.5625
12.5,22.5625
12.5,22.5625
12.5,22.5625
12.5,22.5625
12.5,22.5625
12.5,22.5625
12.5,22.5625
12.5,22.5625
12.5,22.5625
12.5,22.5625
12.5,22.5625
12.5,22.5625
12.5,93.99107142857143
0.0,71.42857142857143
0.0,71.42857142857143
0.0,71.42857142857143
0.0,71.42857142857143
0.0,71.42857142857143
0.0,71.42857142857143
0.0,71.42857142857143
0.0,71.42857142857143
0.0,71.42857142857143
0.0,71.42857142857143
0.0,71.42857142857143
0.0,71.42857142857143
0.0,71.42857142857143
0.0,71.42857142857143
0.0,71.42857142857143
0.0,71.42857142857143
0.0,71.42857142857143
0.0,71.42857142857143
0.0,71.42857142857143
0.0,71.42857142857143
0.0,71.42857142857143
0.0,71.42857142857143
0.0,71.42857142857143
0.0,71.42857142857143
0.0,71.42857142857143
0.0,71.42857142857143
0.0,71.42857142857143
0.0,0.0
0.0,0.0
