transact_c,transact_d
0.0,0.0
0.0,0.0
0.0,0.0
0.0,0.0
0.0,0.0
0.0,0.0
0.0,0.0
0.0,0.0
0.0,0.0
0.0,0.0
0.0,0.0
0.0,0.0
0.0,0.0
0.0,0.0
0.0,0.0
0.0,0.0
0.0,0.0
0.0,0.0
0.0,0.0
0.0,0.0
0.0,0.0
0.0,0.0
0.0,0.0
0.0,0.0
0.0,0.0
0.0,0.0
0.0,0.0
0.0,0.0
0.0,0.0
0.0,0.0
0.0,0.0
0.0,0.0
0.0,0.0
0.0,0.0
0.0,0.0
17.857142857142858,0.0
17.857142857142858,0.0
17.857142857142858,0.0
17.857142857142858,0.0
17.857142857142858,0.0
17.857142857142858,0.0
17.857142857142858,0.0
17.857142857142858,0.0
89.28571428571429,0.0
89.28571428571429,0.0
89.28571428571429,0.0
89.28571428571429,0.0
89.28571428571429,0.0
89.28571428571429,0.0
89.28571428571429,0.0
89.28571428571429,0.0
89.28571428571429,0.0
89.28571428571429,0.0
89.28571428571429,0.0
89.28571428571429,0.0
117.85714285714286,0.0
117.85714285714286,0.0
117.85714285714286,0.0
117.85714285714286,0.0
117.85714285714286,0.0
117.85714285714286,0.0
117.85714285714286,0.0
117.85714285714286,0.0
100.0,0.0
100.0,0.0
100.0,0.0
100.0,0.0
100.0,0.0
100.0,0.0
100.0,0.0
100.0,0.0
28.571428571428573,0.0
28.571428571428573,0.0
28.571428571428573,0.0
28.571428571428573,0.0
28.571428571428573,0.0
28.571428571428573,0.0
28.571428571428573,0.0
28.571428571428573,0.0
28.571428571428573,0.0
28.571428571428573,0.0
28.571428571428573,0.0
28.571428571428573,0.0
0.0,0.0
0.0,0.0
0.0,0.0
0.0,0.0
0.0,0.0
0.0,0.0
0.0,0.0
0.0,0.0
0.0,0.0
0.0,0.0
0.0,20.18
0.0,40.36
0.0,60.54
0.0,80.72
0.0,106.31214285714285
0.0,131.9042857142857
0.0,157.49642857142857
0.0,228.28214285714284
0.0,299.0678571428571
0.0,369.8535714285714
0.0,440.6392857142857
0.0,511.425
0.0,511.425
0.0,511.425
0.0,511.425
0.0,511.425
0.0,511.425
0.0,511.425
0.0,511.425
0.0,511.425
0.0,511.425
0.0,511.425
0.0,511.425
0.0,511.425
0.0,511.425
0.0,511.425
0.0,511.425
0.0,511.425
0.0,491.245
0.0,471.065
0.0,450.88499999999993
0.0,430.705
0.0,405.11285714285714
0.0,379.5207142857143
0.0,354.2142857142857
0.0,283.42857142857144
0.0,212.64285714285714
0.0,141.85714285714286
0.0,71.07142857142857
0.0,0.2857142857142857
0.0,0.2857142857142857
0.0,0.2857142857142857
0.0,0.2857142857142857
0.0,0.2857142857142857
0.0,0.2857142857142857
0.0,0.2857142857142857
0.0,0.2857142857142857
0.0,0.2857142857142857
0.0,0.2857142857142857
0.0,0.2857142857142857
0.0,0.2857142857142857
0.0,0.2857142857142857
0.0,0.2857142857142857
0.0,0.2857142857142857
0.0,0.2857142857142857
0.0,0.2857142857142857
0.0,0.2857142857142857
0.0,0.2857142857142857
0.0,0.2857142857142857
0.0,0.2857142857142857
0.0,0.2857142857142857
