transact_c,transact_d
0.0,0.0
0.0,0.0
0.0,0.0
0.0,0.0
0.0,0.0
0.0,0.0
0.0,0.0
0.0,0.0
0.0,0.0
0.0,0.0
0.0,0.0
0.0,0.0
0.0,0.0
0.0,0.0
0.0,0.0
0.0,0.0
0.0,0.0
0.0,0.0
0.0,0.0
0.0,0.0
0.0,0.0
0.0,0.0
0.0,0.0
0.0,0.0
0.0,0.0
0.0,0.0
0.0,0.0
0.0,0.0
0.0,0.0
0.0,0.0
0.0,0.0
0.0,0.0
0.0,0.0
0.0,0.0
0.0,0.0
0.0,0.0
0.0,0.0
0.0,0.0
0.0,0.0
0.0,178.57142857142858
0.0,178.57142857142858
0.0,178.57142857142858
0.0,183.04
0.0,183.04
0.0,183.04
0.0,183.04
0.0,183.04
0.0,183.04
0.0,183.04
0.0,183.04
0.0,183.04
0.0,183.04
0.0,183.04
0.0,183.04
0.0,183.04
0.0,183.04
0.0,183.04
0.0,183.04
0.0,183.04
0.0,183.04
0.0,183.04
0.0,183.04
0.0,183.04
0.0,183.04
0.0,183.04
0.0,183.04
0.0,183.04
0.0,4.468571428571429
0.0,4.468571428571429
0.0,325.8971428571429
0.0,321.42857142857144
0.0,321.42857142857144
0.0,326.33
0.0,326.33
0.0,326.33
0.0,326.33
0.0,326.33
0.0,326.33
0.0,326.33
0.0,326.33
0.0,326.33
0.0,326.33
0.0,326.33
0.0,326.33
0.0,326.33
0.0,326.33
0.0,326.33
0.0,326.33
0.0,326.33
0.0,326.33
0.0,326.33
0.0,326.33
0.0,326.33
0.0,326.33
0.0,326.33
0.0,326.33
0.0,326.33
0.0,4.901428571428572
0.0,4.901428571428572
0.0,4.901428571428572
0.0,0.0
0.0,0.0
0.0,0.0
0.0,0.0
0.0,0.0
0.0,0.0
0.0,0.0
0.0,0.0
0.0,0.0
0.0,0.0
0.0,0.0
0.0,0.0
0.0,0.0
0.0,0.0
0.0,0.0
0.0,0.0
0.0,0.0
0.0,0.0
0.0,0.0
0.0,0.0
0.0,0.0
0.0,0.0
0.0,0.0
0.0,0.0
0.0,0.0
0.0,0.0
0.0,0.0
0.0,0.0
0.0,0.0
0.0,0.0
0.0,0.0
71.42857142857143,0.0
71.42857142857143,107.14285714285714
71.42857142857143,107.14285714285714
71.42857142857143,107.14285714285714
71.42857142857143,107.14285714285714
71.42857142857143,107.14285714285714
71.42857142857143,107.14285714285714
71.42857142857143,107.14285714285714
71.42857142857143,107.14285714285714
3175.6160714285716,107.14285714285714
4961.330357142857,3679.035714285714
4961.330357142857,3679.035714285714
4961.330357142857,3679.035714285714
4961.330357142857,3679.035714285714
4961.330357142857,3679.035714285714
4961.330357142857,3679.035714285714
4961.330357142857,3679.035714285714
4961.330357142857,3679.035714285714
4961.330357142857,3679.035714285714
4961.330357142857,3679.035714285714
4961.330357142857,3839.75
4961.330357142857,3875.464285714286
4961.330357142857,3875.464285714286
