transact_c,transact_d
250.0,315.5
250.0,315.5
250.0,315.5
250.0,315.5
250.0,315.5
250.0,315.5
250.0,315.5
250.0,315.5
250.0,315.5
250.0,315.5
250.0,315.5
203.57142857142858,271.57142857142856
0.0,0.0
0.0,0.0
17.535714285714285,17.535714285714285
17.535714285714285,17.535714285714285
17.535714285714285,17.535714285714285
17.535714285714285,17.535714285714285
17.535714285714285,17.535714285714285
17.535714285714285,17.535714285714285
17.535714285714285,17.535714285714285
17.535714285714285,17.535714285714285
17.535714285714285,17.535714285714285
17.535714285714285,17.535714285714285
17.535714285714285,17.535714285714285
17.535714285714285,17.535714285714285
17.535714285714285,17.535714285714285
17.535714285714285,17.535714285714285
17.535714285714285,17.535714285714285
17.535714285714285,17.535714285714285
17.535714285714285,17.535714285714285
17.535714285714285,17.535714285714285
17.535714285714285,17.535714285714285
17.535714285714285,17.535714285714285
17.535714285714285,17.535714285714285
17.535714285714285,17.535714285714285
17.535714285714285,17.535714285714285
17.535714285714285,17.535714285714285
17.535714285714285,17.535714285714285
17.535714285714285,17.535714285714285
17.535714285714285,17.535714285714285
17.535714285714285,17.535714285714285
0.0,0.0
0.0,0.0
0.0,0.0
0.0,0.0
0.0,0.0
0.0,0.0
0.0,0.0
0.0,0.0
0.0,0.0
0.0,0.0
0.0,0.0
0.0,0.0
0.0,0.0
0.0,0.0
0.0,0.0
0.0,0.0
0.0,0.0
0.0,0.0
0.0,0.0
0.0,0.0
0.0,0.0
0.0,0.0
0.0,0.0
0.0,0.0
0.0,0.0
0.0,0.0
0.0,0.0
0.0,0.0
0.0,0.0
0.0,0.0
0.0,0.0
0.0,0.0
0.0,0.0
0.0,0.0
0.0,0.0
0.0,0.0
0.0,0.0
0.0,0.0
0.0,0.0
0.0,0.0
0.0,0.0
0.0,0.0
0.0,0.0
0.0,0.0
0.0,0.0
0.0,0.0
0.0,0.0
0.0,0.0
0.0,0.0
0.0,0.0
0.0,0.0
0.0,0.0
0.0,0.0
0.0,0.0
0.0,0.0
0.0,0.0
0.0,0.0
0.0,0.0
0.0,0.0
0.0,0.0
0.0,0.0
0.0,0.0
0.0,0.0
0.0,0.0
0.0,0.0
0.0,0.0
0.0,0.0
0.0,0.0
0.0,0.0
0.0,0.0
0.0,0.0
0.0,0.0
0.0,0.0
0.0,0.0
0.0,0.0
0.0,0.0
0.0,0.0
0.0,0.0
0.0,0.0
0.0,0.0
0.0,0.0
0.0,0.0
0.0,0.0
0.0,0.0
0.0,0.0
0.0,0.0
0.0,0.0
0.0,0.0
0.0,0.0
0.0,0.0
7.142857142857143,0.0
7.142857142857143,0.0
7.142857142857143,0.0
7.142857142857143,0.0
7.142857142857143,0.0
7.142857142857143,0.0
7.142857142857143,0.0
7.142857142857143,0.0
7.142857142857143,0.0
7.142857142857143,0.0
7.142857142857143,0.0
7.142857142857143,0.0
7.142857142857143,0.0
7.142857142857143,0.0
7.142857142857143,0.0
7.142857142857143,0.0
7.142857142857143,0.0
7.142857142857143,0.0
7.142857142857143,0.0
7.142857142857143,0.0
7.142857142857143,0.0
7.142857142857143,0.0
