transact_c,transact_d
25.0,25.0
25.0,25.0
25.0,25.0
25.0,25.0
25.0,25.0
25.0,25.0
25.0,25.0
25.0,25.0
25.0,25.0
25.0,25.0
25.0,25.0
25.0,25.0
0.0,0.0
0.0,0.0
0.0,0.0
0.0,0.0
0.0,0.0
0.0,0.0
0.0,0.0
0.0,0.0
0.0,0.0
0.0,0.0
0.0,0.0
0.0,0.0
0.0,0.0
0.0,0.0
0.0,0.0
0.0,0.0
0.0,0.0
0.0,0.0
0.0,0.0
0.0,0.0
0.0,0.0
0.0,0.0
0.0,0.0
0.0,0.0
0.0,0.0
0.0,0.0
0.0,0.0
0.0,0.0
0.0,0.0
0.0,0.0
0.0,0.0
0.0,0.0
0.0,0.0
0.0,0.0
0.0,0.0
0.0,0.0
0.0,0.0
0.0,0.0
0.0,0.0
0.0,0.0
0.0,0.0
0.0,0.0
0.0,0.0
0.0,0.0
0.0,0.0
0.0,0.0
0.0,0.0
0.0,0.0
0.0,0.0
0.0,0.0
0.0,0.0
0.0,0.0
0.0,0.0
0.0,0.0
0.0,0.0
0.0,0.0
0.0,0.0
0.0,0.0
0.0,0.0
0.0,0.0
0.0,0.0
0.0,0.0
0.0,0.0
0.0,0.0
0.0,0.0
0.0,0.0
0.0,0.0
0.0,0.0
0.0,0.0
0.0,0.0
0.0,0.0
0.0,0.0
0.0,0.0
0.0,0.0
0.0,0.0
0.0,0.0
0.0,0.0
0.0,0.0
0.0,0.0
0.0,0.0
0.0,0.0
0.0,0.0
0.0,0.0
0.0,0.0
0.0,0.0
0.0,0.0
0.0,0.0
0.0,0.0
0.0,0.0
0.0,0.0
0.0,0.0
0.0,36.785714285714285
0.0,42.142857142857146
0.0,42.142857142857146
0.0,42.142857142857146
0.0,42.142857142857146
0.0,42.142857142857146
0.0,42.142857142857146
0.0,42.142857142857146
0.0,42.142857142857146
0.0,42.142857142857146
0.0,42.142857142857146
0.0,42.142857142857146
0.0,42.142857142857146
0.0,42.142857142857146
0.0,42.142857142857146
0.0,42.142857142857146
0.0,42.142857142857146
0.0,42.142857142857146
0.0,42.142857142857146
0.0,42.142857142857146
0.0,42.142857142857146
0.0,42.142857142857146
0.0,42.142857142857146
0.0,42.142857142857146
0.0,42.142857142857146
0.0,42.142857142857146
0.0,42.142857142857146
0.0,42.142857142857146
0.0,5.357142857142857
7.142857142857143,5.357142857142857
7.142857142857143,8.392857142857142
7.142857142857143,8.392857142857142
7.142857142857143,8.392857142857142
7.142857142857143,8.392857142857142
7.142857142857143,8.392857142857142
7.142857142857143,8.392857142857142
7.142857142857143,8.392857142857142
7.142857142857143,8.392857142857142
7.142857142857143,8.392857142857142
7.142857142857143,8.392857142857142
7.142857142857143,8.392857142857142
7.142857142857143,8.392857142857142
7.142857142857143,8.392857142857142
7.142857142857143,8.392857142857142
7.142857142857143,8.392857142857142
7.142857142857143,8.392857142857142
7.142857142857143,8.392857142857142
7.142857142857143,8.392857142857142
7.142857142857143,8.392857142857142
7.142857142857143,8.392857142857142
7.142857142857143,8.392857142857142
