transact_c,transact_d
0.0,0.0
0.0,0.0
0.0,0.0
0.0,0.0
0.0,0.0
0.0,0.0
0.0,0.0
0.0,0.0
0.0,0.0
0.0,0.0
0.0,0.0
0.0,0.0
0.0,0.0
0.0,0.0
0.0,0.0
0.0,0.0
0.0,0.0
0.0,0.0
0.0,0.0
0.0,0.0
0.0,0.0
0.0,0.0
0.0,0.0
0.0,0.0
0.0,0.0
0.0,0.0
0.0,0.0
0.0,0.0
0.0,0.0
0.0,0.0
0.0,0.0
0.0,0.0
0.0,0.0
0.0,0.0
0.0,0.0
0.0,0.0
0.0,0.0
0.0,0.0
0.0,0.0
0.0,0.0
0.0,0.0
0.0,0.0
17.857142857142858,13.25
17.857142857142858,13.25
17.857142857142858,13.25
17.857142857142858,13.25
17.857142857142858,13.25
17.857142857142858,13.25
17.857142857142858,13.25
17.857142857142858,13.25
17.857142857142858,13.25
17.857142857142858,13.25
17.857142857142858,13.25
17.857142857142858,13.25
17.857142857142858,13.25
17.857142857142858,13.25
17.857142857142858,13.25
17.857142857142858,13.25
17.857142857142858,13.25
17.857142857142858,13.25
17.857142857142858,13.25
17.857142857142858,13.25
17.857142857142858,13.25
17.857142857142858,13.25
17.857142857142858,13.25
17.857142857142858,13.25
17.857142857142858,13.25
17.857142857142858,13.25
17.857142857142858,13.25
17.857142857142858,13.25
0.0,0.0
0.0,0.0
0.0,0.0
0.0,0.0
0.0,0.0
0.0,0.0
0.0,0.0
0.0,0.0
0.0,0.0
0.0,0.0
0.0,0.0
0.0,0.0
0.0,0.0
0.0,0.0
0.0,0.0
0.0,0.0
0.0,0.0
0.0,0.0
0.0,0.0
0.0,0.0
0.0,0.0
0.0,0.0
0.0,0.0
0.0,0.0
0.0,0.0
0.0,0.0
0.0,0.0
0.0,0.0
0.0,0.0
0.0,0.0
0.0,0.0
0.0,7.296785714285714
0.0,7.296785714285714
0.0,7.296785714285714
0.0,7.296785714285714
0.0,7.296785714285714
0.0,7.296785714285714
0.0,7.296785714285714
0.0,7.296785714285714
0.0,7.296785714285714
0.0,7.296785714285714
0.0,7.296785714285714
0.0,7.296785714285714
0.0,7.296785714285714
0.0,7.296785714285714
0.0,7.296785714285714
0.0,7.296785714285714
0.0,7.296785714285714
0.0,7.296785714285714
0.0,7.296785714285714
0.0,7.296785714285714
0.0,7.296785714285714
0.0,7.296785714285714
0.0,7.296785714285714
0.0,7.296785714285714
0.0,7.296785714285714
0.0,7.296785714285714
0.0,7.296785714285714
0.0,7.296785714285714
0.0,0.0
0.0,0.0
0.0,0.0
0.0,0.0
0.0,0.0
0.0,0.0
0.0,0.0
0.0,0.0
0.0,0.0
0.0,0.0
0.0,0.0
0.0,0.0
0.0,0.0
0.0,0.0
0.0,0.0
0.0,0.0
0.0,0.0
10.714285714285714,0.0
10.714285714285714,0.42857142857142855
10.714285714285714,0.42857142857142855
10.714285714285714,0.42857142857142855
10.714285714285714,0.42857142857142855
10.714285714285714,0.42857142857142855
12.857142857142858,0.42857142857142855
12.857142857142858,0.42857142857142855
