transact_c,transact_d
0.0,0.0
0.0,0.0
0.0,0.0
0.0,0.0
0.0,0.0
0.0,0.0
0.0,0.0
0.0,1585.1964285714287
0.0,1585.1964285714287
0.0,1585.1964285714287
0.0,1585.1964285714287
0.0,1585.1964285714287
0.0,1585.1964285714287
0.0,1585.1964285714287
0.0,1585.1964285714287
0.0,1585.1964285714287
0.0,1585.1964285714287
0.0,1585.1964285714287
0.0,1585.1964285714287
0.0,1585.1964285714287
0.0,1585.1964285714287
0.0,1585.1964285714287
0.0,1585.1964285714287
0.0,1585.1964285714287
0.0,1585.1964285714287
0.0,1585.1964285714287
0.0,1585.1964285714287
0.0,1585.1964285714287
0.0,1585.1964285714287
0.0,1585.1964285714287
0.0,1585.1964285714287
0.0,1585.1964285714287
0.0,1585.1964285714287
0.0,1585.1964285714287
0.0,1585.1964285714287
0.0,0.0
0.0,0.0
0.0,0.0
0.0,0.0
0.0,0.0
0.0,0.0
0.0,0.0
0.0,0.0
0.0,0.0
0.0,0.0
0.0,0.0
0.0,0.0
0.0,0.0
0.0,0.0
0.0,0.0
0.0,0.0
0.0,0.0
0.0,0.0
0.0,0.0
0.0,0.0
0.0,0.0
0.0,17.875
0.0,17.875
0.0,17.875
0.0,17.875
0.0,17.875
0.0,17.875
0.0,17.875
0.0,17.875
0.0,17.875
0.0,17.875
0.0,17.875
0.0,17.875
0.0,17.875
0.0,17.875
0.0,17.875
0.0,17.875
0.0,17.875
0.0,17.875
0.0,17.875
0.0,17.875
0.0,17.875
0.0,17.875
0.0,17.875
0.0,17.875
0.0,17.875
0.0,17.875
0.0,17.875
0.0,17.875
0.0,0.0
0.0,0.0
0.0,0.0
0.0,0.0
0.0,0.0
0.0,0.0
0.0,0.0
0.0,0.0
0.0,7.32
0.0,7.32
0.0,7.32
0.0,7.32
0.0,7.32
0.0,7.32
0.0,7.32
0.0,7.32
0.0,7.32
0.0,7.32
0.0,7.32
0.0,7.32
0.0,7.32
0.0,7.32
0.0,7.32
0.0,7.32
0.0,7.32
0.0,7.32
0.0,7.32
0.0,7.32
0.0,7.32
0.0,7.32
0.0,7.32
0.0,7.32
0.0,7.32
0.0,7.32
0.0,7.32
0.0,7.32
0.0,0.0
0.0,0.0
0.0,0.0
0.0,7.865
0.0,7.865
0.0,7.865
0.0,7.865
0.0,7.865
0.0,7.865
0.0,7.865
0.0,7.865
0.0,7.865
0.0,7.865
0.0,7.865
0.0,7.865
0.0,7.865
0.0,7.865
0.0,7.865
0.0,7.865
0.0,7.865
0.0,7.865
0.0,7.865
0.0,7.865
0.0,7.865
0.0,7.865
0.0,7.865
0.0,7.865
0.0,7.865
0.0,7.865
0.0,7.865
0.0,7.865
0.0,0.0
0.0,0.0
0.0,0.0
