transact_c,transact_d
0.0,0.0
0.0,0.0
0.0,0.0
0.0,0.0
0.0,0.0
0.0,0.0
0.0,0.0
0.0,0.0
0.0,0.0
0.0,0.0
0.0,0.0
0.0,0.0
0.0,0.0
0.0,0.0
0.0,0.0
0.0,0.0
0.0,0.0
0.0,0.0
0.0,0.0
0.0,0.0
0.0,0.0
0.0,0.0
0.0,0.0
0.0,0.0
0.0,0.0
0.0,0.0
0.0,0.0
0.0,0.0
0.0,0.0
0.0,0.0
0.0,0.0
0.0,0.0
0.0,0.0
0.0,0.0
0.0,0.0
0.0,0.0
0.0,0.0
0.0,0.0
0.0,0.0
0.0,0.0
0.0,0.0
0.0,0.0
0.0,0.0
0.0,0.0
0.0,0.0
0.0,0.0
0.0,0.0
0.0,0.0
0.0,0.0
0.0,0.0
0.0,0.0
0.0,0.0
0.0,0.0
0.0,0.0
0.0,0.0
0.0,0.0
0.0,0.0
0.0,0.0
0.0,0.0
0.0,0.0
0.0,0.0
0.0,0.0
0.0,0.0
0.0,0.0
0.0,0.0
0.0,0.0
0.0,0.0
0.0,0.0
0.0,0.0
0.0,0.0
0.0,0.0
0.0,0.0
53.57142857142857,0.0
53.57142857142857,0.0
53.57142857142857,0.0
53.57142857142857,0.0
53.57142857142857,0.0
53.57142857142857,0.0
53.57142857142857,0.0
53.57142857142857,0.0
53.57142857142857,0.0
53.57142857142857,0.0
53.57142857142857,0.0
53.57142857142857,0.0
53.57142857142857,0.0
53.57142857142857,0.0
53.57142857142857,0.0
53.57142857142857,0.0
53.57142857142857,0.0
53.57142857142857,0.0
53.57142857142857,0.0
53.57142857142857,0.0
53.57142857142857,0.0
53.57142857142857,56.75
125.0,113.5
196.42857142857142,170.25
196.42857142857142,227.0
196.42857142857142,283.75
196.42857142857142,340.5
196.42857142857142,397.25
142.85714285714286,397.25
142.85714285714286,397.25
142.85714285714286,454.00642857142856
210.71428571428572,454.00642857142856
210.71428571428572,454.00642857142856
210.71428571428572,454.00642857142856
210.71428571428572,454.00642857142856
210.71428571428572,454.00642857142856
210.71428571428572,454.00642857142856
275.0,454.00642857142856
275.0,454.00642857142856
275.0,454.00642857142856
275.0,454.00642857142856
275.0,454.00642857142856
275.0,454.00642857142856
275.0,454.00642857142856
275.0,454.00642857142856
275.0,454.00642857142856
275.0,454.00642857142856
275.0,454.00642857142856
275.0,454.00642857142856
275.0,397.25642857142856
203.57142857142858,340.50642857142856
132.14285714285714,283.75642857142856
132.14285714285714,227.0064285714286
132.14285714285714,170.2564285714286
132.14285714285714,113.50642857142859
132.14285714285714,56.75642857142857
132.14285714285714,56.75642857142857
132.14285714285714,56.75642857142857
132.14285714285714,0.0
64.28571428571429,0.0
64.28571428571429,0.0
64.28571428571429,0.0
64.28571428571429,56.75
64.28571428571429,56.75
64.28571428571429,56.75
0.0,56.75
0.0,56.75
0.0,56.75
0.0,56.75
0.0,56.75
0.0,56.75
0.0,56.75
0.0,56.75
0.0,56.75
0.0,56.75
0.0,56.75
0.0,56.75
0.0,56.75
0.0,56.75
0.0,56.75
0.0,56.75
0.0,56.75
