transact_c,transact_d
1000.0,78.57142857142857
1000.0,78.57142857142857
1000.0,78.57142857142857
1000.0,78.57142857142857
875.0,78.57142857142857
875.0,0.0
875.0,0.0
750.0,0.0
750.0,0.0
625.0,0.0
500.0,0.0
500.0,0.0
375.0,0.0
375.0,0.0
375.0,0.0
375.0,0.0
375.0,0.0
375.0,0.0
375.0,0.0
375.0,0.0
375.0,0.0
375.0,0.0
375.0,0.0
375.0,0.0
375.0,0.0
375.0,0.0
375.0,0.0
375.0,0.0
375.0,0.0
375.0,0.0
375.0,0.0
375.0,0.0
500.0,0.0
375.0,0.0
250.0,0.0
250.0,0.0
250.0,0.0
250.0,0.0
250.0,0.0
125.0,0.0
125.0,0.0
125.0,0.0
125.0,0.0
125.0,0.0
125.0,0.0
125.0,0.0
125.0,0.0
125.0,0.0
125.0,0.0
125.0,0.0
125.0,0.0
125.0,0.0
125.0,0.0
125.0,0.0
125.0,0.0
125.0,0.0
125.0,0.0
125.0,0.0
125.0,0.0
125.0,0.0
0.0,0.0
0.0,0.0
0.0,0.0
0.0,0.0
0.0,0.0
0.0,0.0
0.0,0.0
0.0,0.0
0.0,0.0
0.0,0.0
0.0,0.0
0.0,0.0
0.0,0.0
0.0,0.0
0.0,0.0
0.0,0.0
0.0,0.0
0.0,0.0
0.0,0.0
0.0,0.0
0.0,0.0
0.0,0.0
0.0,0.0
0.0,0.0
0.0,0.0
0.0,0.0
0.0,0.0
0.0,0.0
0.0,0.0
0.0,0.0
0.0,0.0
0.0,0.0
0.0,0.0
0.0,116.03571428571429
0.0,232.07142857142858
0.0,348.10714285714283
0.0,464.14285714285717
0.0,580.1785714285714
0.0,696.2142857142857
0.0,812.25
0.0,964.0
0.0,1080.0357142857142
0.0,1196.9642857142858
0.0,1313.0
0.0,1429.0357142857142
0.0,1429.0357142857142
0.0,1429.0357142857142
0.0,1429.0357142857142
0.0,1429.0357142857142
0.0,1429.0357142857142
0.0,1429.0357142857142
0.0,1429.0357142857142
0.0,1429.0357142857142
0.0,1429.0357142857142
0.0,1429.0357142857142
0.0,1429.0357142857142
0.0,1429.0357142857142
0.0,1429.0357142857142
0.0,1429.0357142857142
0.0,1429.0357142857142
0.0,1429.0357142857142
0.0,1313.0
0.0,1196.9642857142858
0.0,1080.9285714285713
0.0,964.8928571428571
0.0,848.8571428571429
0.0,732.8214285714286
0.0,616.7857142857143
0.0,465.0357142857143
0.0,349.0
0.0,232.07142857142858
0.0,116.03571428571429
0.0,0.0
0.0,0.0
0.0,0.0
0.0,0.0
0.0,0.0
0.0,0.0
0.0,0.0
0.0,0.0
0.0,0.0
0.0,0.0
0.0,0.0
0.0,0.0
0.0,0.0
0.0,0.0
0.0,0.0
0.0,0.0
0.0,0.0
0.0,0.0
0.0,0.0
0.0,0.0
0.0,0.0
0.0,0.0
