transact_c,transact_d
6.5,0.0
6.5,0.0
6.5,0.0
6.5,0.0
6.5,0.0
6.5,0.0
6.5,0.0
6.5,0.0
6.5,0.0
6.5,0.0
6.5,0.0
6.5,0.0
6.5,0.0
6.5,0.0
6.5,0.0
6.5,0.0
6.5,0.0
6.5,0.0
6.5,0.0
6.5,0.0
6.5,0.0
6.5,0.0
6.5,0.0
6.5,0.0
6.5,0.0
0.0,0.0
0.0,0.0
0.0,0.0
6.5,0.0
6.5,0.0
6.5,0.0
6.5,0.0
6.5,0.0
6.5,0.0
6.5,0.0
6.5,0.0
6.5,0.0
6.5,0.0
6.5,0.0
6.5,0.0
6.5,0.0
6.5,0.0
6.5,0.0
6.5,0.0
6.5,0.0
6.5,0.0
6.5,0.0
6.5,0.0
6.5,0.0
6.5,0.0
6.5,0.0
6.5,0.0
6.5,0.0
6.5,0.0
6.5,0.0
6.5,0.0
6.5,0.0
6.5,0.0
6.5,0.0
6.5,0.0
6.5,0.0
6.5,0.0
6.5,0.0
6.5,0.0
6.5,0.0
6.5,0.0
6.5,0.0
6.5,0.0
6.5,0.0
6.5,0.0
6.5,0.0
6.5,0.0
6.5,0.0
6.5,0.0
6.5,0.0
6.5,0.0
6.5,0.0
6.5,0.0
6.5,0.0
6.5,0.0
6.5,0.0
6.5,0.0
6.5,0.0
6.5,0.0
0.0,0.0
0.0,0.0
0.0,0.0
6.857142857142857,0.0
6.857142857142857,0.0
6.857142857142857,0.0
6.857142857142857,0.0
6.857142857142857,0.0
6.857142857142857,0.0
6.857142857142857,8.642857142857142
6.857142857142857,15.142857142857142
6.857142857142857,21.642857142857142
6.857142857142857,28.5
6.857142857142857,35.0
6.857142857142857,41.5
6.857142857142857,48.0
6.857142857142857,54.5
6.857142857142857,54.5
6.857142857142857,54.5
6.857142857142857,54.5
6.857142857142857,54.5
6.857142857142857,54.5
6.857142857142857,54.5
6.857142857142857,54.5
6.857142857142857,54.5
6.857142857142857,54.5
6.857142857142857,54.5
6.857142857142857,54.5
6.857142857142857,54.5
6.857142857142857,54.5
6.857142857142857,54.5
0.0,54.5
0.0,54.5
6.5,54.5
6.5,54.5
6.5,54.5
6.5,54.5
6.5,45.857142857142854
6.5,39.357142857142854
6.5,32.857142857142854
6.5,26.0
6.5,19.5
6.5,13.0
6.5,6.5
6.5,0.0
6.5,0.0
6.5,0.0
6.5,0.0
6.5,0.0
6.5,0.0
6.5,0.0
6.5,0.0
6.5,0.0
6.5,0.0
6.5,0.0
6.5,0.0
6.5,0.0
6.5,0.0
6.5,0.0
6.5,0.0
6.5,0.0
0.0,0.0
0.0,0.0
0.0,0.0
6.5,0.0
6.5,0.0
10.071428571428571,3.5714285714285716
10.071428571428571,3.5714285714285716
10.071428571428571,3.5714285714285716
10.071428571428571,3.5714285714285716
