transact_c,transact_d
0.0,0.0
0.0,0.0
0.0,0.0
0.0,0.0
0.0,0.0
0.0,0.0
0.0,0.0
0.0,0.0
0.0,0.0
0.0,0.0
0.0,0.0
0.0,0.0
0.0,0.0
0.0,0.0
0.0,0.0
0.0,0.0
0.0,0.0
0.0,0.0
0.0,0.0
0.0,0.0
100.0,0.0
100.0,0.0
100.0,0.0
100.0,0.8571428571428571
100.0,55.77428571428572
100.0,55.77428571428572
100.0,55.77428571428572
100.0,55.77428571428572
100.0,55.77428571428572
100.0,55.77428571428572
100.0,55.77428571428572
100.0,55.77428571428572
100.0,55.77428571428572
100.0,55.77428571428572
0.0,55.77428571428572
0.0,55.77428571428572
0.0,55.77428571428572
0.0,54.917142857142856
0.0,0.0
0.0,0.0
0.0,0.0
0.0,0.0
0.0,0.0
0.0,0.0
0.0,0.0
0.0,0.0
0.0,0.0
0.0,0.0
0.0,0.0
0.0,0.0
0.0,0.0
0.0,0.0
0.0,0.0
100.0,0.0
100.0,0.0
100.0,0.0
100.0,0.0
100.0,0.0
100.0,0.0
100.0,0.0
100.0,0.0
100.0,0.0
100.0,0.0
100.0,0.0
100.0,0.0
100.0,0.0
100.0,0.0
0.0,0.0
0.0,0.0
0.0,0.0
0.0,0.0
0.0,0.0
0.0,0.0
0.0,0.0
0.0,0.0
0.0,0.0
0.0,49.53214285714286
0.0,49.53214285714286
100.0,49.53214285714286
100.0,49.53214285714286
100.0,49.53214285714286
200.0,49.53214285714286
200.0,49.53214285714286
200.0,49.53214285714286
200.0,49.53214285714286
200.0,49.53214285714286
200.0,49.53214285714286
200.0,49.53214285714286
200.0,49.53214285714286
200.0,49.53214285714286
200.0,0.0
200.0,0.0
100.0,0.0
100.0,0.0
100.0,0.0
0.0,0.0
0.0,0.0
0.0,0.0
0.0,0.0
0.0,0.0
0.0,0.0
0.0,0.0
0.0,0.0
0.0,0.0
0.0,0.0
0.0,0.0
0.0,0.0
0.0,0.0
0.0,0.0
0.0,0.0
100.0,0.0
100.0,0.0
100.0,0.0
100.0,0.0
100.0,0.0
100.0,0.0
185.71428571428572,0.0
271.42857142857144,0.0
357.14285714285717,0.0
357.14285714285717,0.0
357.14285714285717,0.0
357.14285714285717,0.0
357.14285714285717,0.0
357.14285714285717,0.0
257.14285714285717,0.0
257.14285714285717,0.0
257.14285714285717,0.0
257.14285714285717,0.0
257.14285714285717,0.0
257.14285714285717,0.0
171.42857142857142,0.0
85.71428571428571,0.0
0.0,0.0
0.0,0.0
0.0,0.0
0.0,0.0
0.0,0.0
0.0,0.0
0.0,0.0
0.0,0.0
0.0,0.0
0.0,0.0
0.0,0.0
0.0,0.0
100.0,0.0
100.0,0.0
200.0,0.0
200.0,0.0
200.0,0.0
200.0,0.0
200.0,0.0
200.0,0.0
200.0,0.0
200.0,0.0
200.0,0.0
200.0,0.0
200.0,0.0
200.0,0.0
100.0,0.0
100.0,0.0
0.0,0.0
0.0,0.0
0.0,0.0
0.0,0.0
0.0,0.0
0.0,0.0
0.0,0.0
0.0,0.0
