transact_c,transact_d
0.0,0.0
0.0,0.0
0.0,0.0
0.0,0.0
0.0,0.0
0.0,0.0
0.0,0.0
0.0,0.0
0.0,0.0
0.0,0.0
0.0,0.0
0.0,0.0
0.0,0.0
0.0,0.0
0.0,0.0
0.0,0.0
0.0,0.0
0.0,0.0
0.0,0.0
0.0,0.0
0.0,0.0
0.0,0.0
0.0,0.0
0.0,0.0
0.0,0.0
0.0,0.0
0.0,0.0
0.0,0.0
0.0,0.0
0.0,0.0
0.0,0.0
0.0,0.0
0.0,0.0
0.0,0.0
0.0,0.0
0.0,0.0
0.0,0.0
0.0,0.0
0.0,0.0
0.0,0.0
0.0,0.0
0.0,0.0
0.0,0.0
0.0,0.0
0.0,0.0
0.0,0.0
0.0,0.0
0.0,0.0
285.7142857142857,0.0
285.7142857142857,0.0
285.7142857142857,0.0
285.7142857142857,0.0
285.7142857142857,0.0
285.7142857142857,0.0
285.7142857142857,0.0
285.7142857142857,0.0
285.7142857142857,0.0
285.7142857142857,0.0
285.7142857142857,0.0
285.7142857142857,0.0
285.7142857142857,0.0
285.7142857142857,0.0
0.0,0.0
0.0,0.0
0.0,0.0
0.0,0.0
0.0,0.0
0.0,0.0
0.0,0.0
0.0,0.0
0.0,0.0
0.0,0.0
0.0,0.0
0.0,0.0
0.0,0.0
0.0,0.0
0.0,0.0
285.7142857142857,0.0
285.7142857142857,0.0
285.7142857142857,0.0
285.7142857142857,0.0
285.7142857142857,0.0
285.7142857142857,0.0
285.7142857142857,0.0
535.7142857142857,0.0
535.7142857142857,0.0
535.7142857142857,0.0
535.7142857142857,0.0
535.7142857142857,0.0
535.7142857142857,0.0
535.7142857142857,0.0
250.0,0.0
250.0,0.0
250.0,0.0
250.0,0.0
250.0,0.0
250.0,0.0
250.0,0.0
0.0,0.0
0.0,0.0
0.0,0.0
0.0,0.0
0.0,0.0
0.0,0.0
0.0,0.0
0.0,0.0
0.0,0.0
0.0,234.5
0.0,469.0
0.0,703.5
0.0,703.5
250.0,703.5
250.0,703.5
250.0,703.5
250.0,938.0128571428571
250.0,938.0128571428571
250.0,938.0128571428571
250.0,938.0128571428571
250.0,938.0128571428571
250.0,938.0128571428571
250.0,938.0128571428571
250.0,703.5128571428571
250.0,469.0128571428572
250.0,234.51285714285714
250.0,234.51285714285714
0.0,234.51285714285714
0.0,234.51285714285714
0.0,234.51285714285714
0.0,0.0
0.0,0.0
0.0,0.0
0.0,0.0
0.0,0.0
0.0,0.0
0.0,0.0
0.0,0.0
0.0,0.0
0.0,0.0
0.0,0.0
0.0,0.0
0.0,0.0
250.0,0.0
250.0,234.51285714285714
250.0,234.51285714285714
500.0,234.51285714285714
500.0,234.51285714285714
500.0,234.51285714285714
500.0,234.51285714285714
500.0,234.51285714285714
500.0,234.51285714285714
500.0,234.51285714285714
500.0,234.51285714285714
500.0,234.51285714285714
500.0,234.51285714285714
500.0,234.51285714285714
250.0,234.51285714285714
250.0,0.0
250.0,0.0
0.0,0.0
0.0,0.0
0.0,0.0
0.0,0.0
0.0,0.0
0.0,0.0
0.0,0.0
0.0,0.0
0.0,0.0
0.0,0.0
