transact_c,transact_d
0.0,7.95
0.0,7.95
0.0,7.95
0.0,7.95
0.0,7.95
0.0,7.95
0.0,7.95
0.0,7.95
0.0,7.95
0.0,7.95
0.0,7.95
0.0,7.95
0.0,7.95
0.0,107.14285714285714
0.0,107.14285714285714
0.0,107.14285714285714
0.0,107.14285714285714
0.0,107.14285714285714
0.0,107.14285714285714
0.0,107.14285714285714
0.0,107.14285714285714
0.0,107.14285714285714
0.0,107.14285714285714
0.0,107.14285714285714
0.0,107.14285714285714
0.0,107.14285714285714
0.0,107.14285714285714
0.0,0.0
0.0,0.0
0.0,0.0
0.0,7.95
0.0,7.95
0.0,7.95
0.0,7.95
0.0,7.95
0.0,7.95
0.0,7.95
0.0,7.95
0.0,7.95
0.0,7.95
0.0,7.95
0.0,7.95
0.0,7.95
0.0,7.95
0.0,0.0
0.0,0.0
0.0,0.0
0.0,0.0
0.0,0.0
0.0,0.0
0.0,0.0
0.0,0.0
0.0,0.0
0.0,0.0
0.0,0.0
0.0,0.0
0.0,0.0
0.0,0.0
0.0,7.95
0.0,7.95
0.0,7.95
0.0,7.95
0.0,7.95
0.0,7.95
0.0,7.95
0.0,7.95
0.0,7.95
0.0,7.95
0.0,7.95
0.0,7.95
0.0,7.95
0.0,7.95
0.0,0.0
0.0,0.0
0.0,0.0
0.0,0.0
0.0,0.0
0.0,0.0
0.0,0.0
0.0,0.0
0.0,0.0
0.0,0.0
0.0,0.0
0.0,0.0
0.0,0.0
0.0,0.0
0.0,0.0
0.0,0.0
0.0,0.0
0.0,0.0
0.0,7.95
0.0,32.80714285714286
0.0,32.80714285714286
0.0,32.80714285714286
0.0,32.80714285714286
0.0,32.80714285714286
0.0,32.80714285714286
0.0,32.80714285714286
0.0,32.80714285714286
0.0,32.80714285714286
0.0,33.378571428571426
0.0,33.378571428571426
0.0,33.378571428571426
0.0,33.378571428571426
0.0,25.428571428571427
0.0,0.5714285714285714
0.0,0.5714285714285714
0.0,0.5714285714285714
0.0,0.5714285714285714
0.0,0.5714285714285714
0.0,0.5714285714285714
0.0,0.5714285714285714
0.0,0.5714285714285714
0.0,0.5714285714285714
0.0,0.0
0.0,0.0
0.0,0.0
0.0,0.0
0.0,0.0
0.0,0.0
0.0,0.0
0.0,7.95
0.0,7.95
0.0,7.95
0.0,7.95
0.0,7.95
0.0,7.95
0.0,7.95
0.0,7.95
0.0,7.95
0.0,7.95
0.0,7.95
0.0,7.95
0.0,7.95
0.0,7.95
0.0,13.564285714285715
0.0,13.564285714285715
0.0,13.564285714285715
0.0,13.564285714285715
0.0,13.564285714285715
0.0,13.564285714285715
0.0,13.564285714285715
0.0,13.564285714285715
0.0,13.564285714285715
0.0,13.564285714285715
0.0,13.564285714285715
0.0,13.564285714285715
0.0,13.564285714285715
0.0,13.564285714285715
0.0,0.0
0.0,8.414285714285715
0.0,8.414285714285715
0.0,8.414285714285715
0.0,8.414285714285715
0.0,8.414285714285715
0.0,8.414285714285715
0.0,8.414285714285715
0.0,8.414285714285715
0.0,8.414285714285715
0.0,8.414285714285715
0.0,8.414285714285715
0.0,8.414285714285715
0.0,8.414285714285715
0.0,8.414285714285715
0.0,0.0
0.0,0.0
0.0,0.0
0.0,0.0
