transact_c,transact_d
0.0,0.0
0.0,0.0
0.0,0.0
0.0,0.0
0.0,0.0
0.0,0.0
0.0,0.0
0.0,0.0
0.0,0.0
0.0,0.0
0.0,0.0
0.0,0.0
0.0,0.0
0.0,0.0
0.0,0.0
0.0,0.0
0.0,0.0
0.0,0.0
0.0,0.0
0.0,0.0
0.0,0.0
0.0,0.0
0.0,0.0
0.0,0.0
0.0,0.0
0.0,0.0
0.0,0.0
0.0,0.0
0.0,0.0
0.0,0.0
0.0,0.0
0.0,0.0
0.0,0.0
0.0,0.0
0.0,0.0
0.0,0.0
0.0,0.0
0.0,0.0
0.0,0.0
0.0,0.0
0.0,0.0
0.0,0.0
0.0,0.0
0.0,0.0
0.0,0.0
0.0,0.0
0.0,0.0
357.14285714285717,0.0
357.14285714285717,0.0
357.14285714285717,0.0
357.14285714285717,0.0
357.14285714285717,0.0
357.14285714285717,0.0
357.14285714285717,0.0
357.14285714285717,0.0
357.14285714285717,0.0
357.14285714285717,0.0
357.14285714285717,0.0
357.14285714285717,0.0
357.14285714285717,0.0
357.14285714285717,0.0
0.0,0.0
357.14285714285717,100.0
357.14285714285717,100.0
357.14285714285717,100.0
357.14285714285717,100.0
357.14285714285717,100.0
357.14285714285717,100.0
479.7,100.0
479.7,100.0
479.7,100.0
479.7,100.0
479.7,100.0
479.7,100.0
479.7,100.0
479.7,100.0
122.55714285714285,0.0
122.55714285714285,0.0
122.55714285714285,0.0
122.55714285714285,0.0
122.55714285714285,0.0
122.55714285714285,0.0
0.0,0.0
0.0,0.0
0.0,0.0
0.0,0.0
0.0,0.0
0.0,0.0
0.0,0.0
0.0,0.0
0.0,0.0
0.0,0.0
0.0,0.0
0.0,0.0
0.0,0.0
0.0,0.0
0.0,0.0
0.0,0.0
0.0,0.0
0.0,0.0
0.0,0.0
0.0,0.0
0.0,0.0
0.0,0.0
0.0,0.0
0.0,0.0
0.0,0.0
0.0,71.42857142857143
0.0,71.42857142857143
0.0,71.42857142857143
0.0,71.42857142857143
0.0,71.42857142857143
0.0,71.42857142857143
0.0,71.42857142857143
0.0,71.42857142857143
0.0,71.42857142857143
0.0,71.42857142857143
0.0,71.42857142857143
0.0,71.42857142857143
0.0,71.42857142857143
0.0,71.42857142857143
0.0,0.0
0.0,0.0
0.0,0.0
0.0,0.0
0.0,100.0
0.0,100.0
0.0,100.0
0.0,100.0
0.0,100.0
0.0,100.0
0.0,100.0
0.0,100.0
0.0,100.0
0.0,100.0
0.0,100.0
0.0,100.0
0.0,100.0
0.0,100.0
0.0,0.0
0.0,0.0
0.0,100.0
0.0,100.0
0.0,100.0
0.0,100.0
0.0,100.0
0.0,100.0
0.0,100.0
0.0,100.0
0.0,100.0
0.0,100.0
0.0,100.0
0.0,100.0
0.0,100.0
0.0,100.0
0.0,100.0
0.0,100.0
0.0,100.0
0.0,100.0
0.0,100.0
0.0,100.0
0.0,100.0
0.0,100.0
0.0,100.0
0.0,100.0
0.0,100.0
0.0,100.0
0.0,100.0
