transact_c,transact_d
0.0,0.0
0.0,0.0
0.0,0.0
0.0,0.0
0.0,0.0
0.0,27.5
0.0,27.5
0.0,27.5
0.0,27.5
0.0,27.5
0.0,27.5
0.0,27.5
0.0,27.5
0.0,27.5
0.0,27.5
0.0,27.5
0.0,27.5
0.0,27.5
0.13714285714285715,27.5
0.2742857142857143,0.0
0.4114285714285714,0.0
0.4114285714285714,0.0
0.4114285714285714,0.0
0.4114285714285714,0.0
0.4114285714285714,0.0
0.4114285714285714,0.0
0.4114285714285714,0.0
0.4114285714285714,0.0
0.4114285714285714,0.0
0.4114285714285714,0.0
0.4114285714285714,0.0
0.4114285714285714,0.0
0.2742857142857143,0.8571428571428571
0.13714285714285715,0.8571428571428571
0.0,0.8571428571428571
0.0,28.357142857142858
0.0,28.357142857142858
0.0,28.357142857142858
0.0,28.357142857142858
0.0,28.357142857142858
0.0,28.357142857142858
188.73142857142855,28.357142857142858
188.73142857142855,28.357142857142858
188.73142857142855,28.357142857142858
188.73142857142855,28.357142857142858
188.73142857142855,28.357142857142858
188.73142857142855,27.5
188.73142857142855,27.5
188.73142857142855,27.5
188.73142857142855,0.0
188.73142857142855,0.0
188.73142857142855,0.0
188.73142857142855,0.0
188.73142857142855,0.0
188.73142857142855,0.0
0.0,0.0
0.0,0.0
0.0,0.0
0.0,0.0
0.0,0.0
0.0,0.0
0.0,0.0
0.0,0.0
0.0,27.5
0.0,27.5
0.0,27.5
0.0,27.5
0.0,27.5
0.0,27.5
0.0,27.5
0.0,27.5
0.0,27.5
0.0,27.5
0.0,27.5
0.0,27.5
0.0,27.5
0.0,27.5
0.0,0.0
0.0,0.0
0.0,0.0
0.0,0.0
0.0,0.0
0.0,0.0
0.0,0.0
0.0,0.0
0.0,0.0
0.0,0.0
0.0,0.0
0.0,0.0
0.0,0.0
0.0,0.0
0.0,0.0
0.0,0.0
0.0,0.0
0.0,0.0
0.0,0.0
0.0,27.5
0.0,27.5
0.0,27.5
0.0,27.5
0.0,27.5
0.0,27.5
0.0,27.5
0.0,27.5
0.0,27.5
0.0,27.5
0.0,27.5
0.0,27.5
0.0,27.5
0.0,27.5
0.0,0.0
0.0,0.0
0.0,0.0
0.0,0.0
0.0,0.0
0.0,0.0
0.0,0.0
0.0,0.0
0.0,0.0
0.0,0.0
0.0,0.0
0.0,0.0
0.0,0.0
0.0,0.0
0.0,27.5
0.0,27.5
0.0,27.5
0.0,27.5
0.0,27.5
0.0,27.5
0.0,27.5
0.0,27.5
0.0,27.5
0.0,27.5
0.0,27.5
0.0,27.5
0.0,27.5
0.0,27.5
0.0,0.0
0.0,0.0
0.0,0.0
0.0,0.0
0.0,0.0
0.0,0.0
0.0,0.0
0.0,0.0
0.0,0.0
0.0,0.0
0.0,0.0
0.0,0.0
0.0,0.0
0.0,0.0
0.0,0.0
0.0,0.0
0.0,0.0
0.0,27.5
0.0,27.5
0.0,27.5
0.0,27.5
0.0,27.5
0.0,27.5
0.0,27.5
0.0,27.5
0.0,27.5
0.0,27.5
0.0,27.5
0.0,27.5
0.0,27.5
