transact_c,transact_d
0.0,476.56071428571425
0.0,476.56071428571425
0.0,476.56071428571425
0.0,476.56071428571425
0.0,476.56071428571425
0.0,476.56071428571425
0.0,476.56071428571425
0.0,476.56071428571425
0.0,476.56071428571425
0.0,476.56071428571425
0.0,425.1321428571428
0.0,68.94285714285715
0.0,0.0
0.0,0.0
0.0,0.0
0.0,0.0
0.0,0.0
0.0,0.0
0.0,0.0
0.0,0.0
0.0,0.0
0.0,0.0
0.0,0.0
0.0,0.0
0.0,0.0
0.0,0.0
0.0,0.0
0.0,35.714285714285715
0.0,101.21428571428571
50.0,111.21428571428571
50.0,111.21428571428571
50.0,111.21428571428571
50.0,111.21428571428571
50.0,111.21428571428571
50.0,111.21428571428571
50.0,111.21428571428571
50.0,111.21428571428571
50.0,111.21428571428571
50.0,111.21428571428571
50.0,111.21428571428571
50.0,111.21428571428571
50.0,75.5
50.0,10.0
0.0,0.0
0.0,0.0
0.0,0.0
0.0,0.0
0.0,0.0
0.0,0.0
0.0,0.0
0.0,0.0
0.0,0.0
0.0,0.0
0.0,0.0
0.0,0.0
0.0,18.571428571428573
0.0,18.571428571428573
0.0,53.57142857142857
0.0,53.57142857142857
0.0,53.57142857142857
0.0,53.57142857142857
0.0,53.57142857142857
0.0,53.57142857142857
0.0,53.57142857142857
0.0,53.57142857142857
0.0,53.57142857142857
0.0,53.57142857142857
0.0,53.57142857142857
0.0,53.57142857142857
0.0,35.0
0.0,35.0
0.0,0.0
0.0,0.0
0.0,0.0
0.0,0.0
0.0,0.0
0.0,0.0
0.0,0.0
0.0,0.0
0.0,0.0
0.0,0.0
0.0,0.0
0.0,0.0
0.0,0.0
0.0,0.0
0.0,0.0
0.0,0.0
0.0,71.42857142857143
0.0,71.42857142857143
0.0,71.42857142857143
0.0,71.42857142857143
0.0,71.42857142857143
0.0,71.42857142857143
0.0,71.42857142857143
0.0,71.42857142857143
0.0,71.42857142857143
0.0,71.42857142857143
0.0,71.42857142857143
0.0,71.42857142857143
0.0,71.42857142857143
0.0,71.42857142857143
0.0,0.0
0.0,0.0
0.0,0.0
0.0,0.0
0.0,0.0
0.0,0.0
0.0,0.0
0.0,0.0
0.0,0.0
0.0,0.0
0.0,0.0
0.0,0.0
0.0,0.0
0.0,0.0
0.0,0.0
0.0,39.285714285714285
0.0,150.71428571428572
98.57142857142857,165.0
98.57142857142857,165.0
98.57142857142857,165.0
98.57142857142857,165.0
98.57142857142857,165.0
98.57142857142857,165.0
98.57142857142857,165.0
98.57142857142857,165.0
98.57142857142857,165.0
98.57142857142857,165.0
98.57142857142857,165.0
98.57142857142857,165.0
98.57142857142857,125.71428571428571
98.57142857142857,14.285714285714286
0.0,0.0
0.0,0.0
0.0,0.0
0.0,0.0
0.0,0.0
0.0,0.0
0.0,0.0
0.0,0.0
0.0,0.0
0.0,0.0
0.0,0.0
0.0,0.0
0.0,0.0
0.0,0.0
0.0,0.0
0.0,25.0
0.0,65.0
50.0,75.0
50.0,75.0
50.0,75.0
50.0,75.0
50.0,75.0
50.0,75.0
50.0,75.0
50.0,75.0
50.0,75.0
50.0,75.0
50.0,75.0
50.0,75.0
50.0,50.0
50.0,10.0
0.0,0.0
0.0,0.0
0.0,0.0
0.0,0.0
0.0,0.0
