transact_c,transact_d
0.0,0.0
0.0,0.0
0.0,0.0
0.0,0.0
0.0,0.0
0.0,0.0
0.0,0.0
0.0,0.0
0.0,0.0
0.0,0.0
0.0,0.0
0.0,0.0
0.0,0.0
0.0,0.0
0.0,0.0
0.0,0.0
0.0,0.0
0.0,0.0
0.0,0.0
0.0,0.0
0.0,0.0
0.0,0.0
0.0,0.0
0.0,0.0
0.0,0.0
0.0,0.0
0.0,0.0
0.0,0.0
0.0,0.0
0.0,0.0
0.0,0.0
0.0,0.0
0.0,0.0
0.0,0.0
0.0,0.0
0.0,0.0
45.37,0.0
45.37,0.0
45.37,0.0
45.37,0.0
45.37,0.0
45.37,0.0
45.37,0.0
45.37,0.0
45.37,0.0
45.37,0.0
45.37,0.0
3610.807857142857,3571.4285714285716
3610.807857142857,3571.4285714285716
3610.807857142857,3571.4285714285716
3565.437857142857,3571.4285714285716
3565.437857142857,3571.4285714285716
3565.437857142857,3571.4285714285716
3607.057857142857,3571.4285714285716
3607.057857142857,3571.4285714285716
3607.057857142857,3571.4285714285716
3607.057857142857,3571.4285714285716
3607.057857142857,3571.4285714285716
3607.057857142857,3571.4285714285716
3607.057857142857,3571.4285714285716
3607.057857142857,3571.4285714285716
41.62,0.0
41.62,0.0
41.62,0.0
41.62,0.0
41.62,0.0
41.62,0.0
0.0,0.0
0.0,0.0
0.0,0.0
0.0,0.0
0.0,0.0
0.0,0.0
0.0,0.0
0.0,0.0
0.0,0.0
0.0,0.0
0.0,0.0
0.0,0.0
0.0,0.0
0.0,0.0
0.0,0.0
0.0,0.0
0.0,0.0
4285.714285714285,4285.714285714285
4285.714285714285,4285.714285714285
4285.714285714285,4285.714285714285
4285.714285714285,4285.714285714285
4285.714285714285,4285.714285714285
4285.714285714285,4285.714285714285
4285.714285714285,4285.714285714285
4285.714285714285,4285.714285714285
4285.714285714285,4285.714285714285
4285.714285714285,4285.714285714285
4285.714285714285,4285.714285714285
4285.714285714285,4285.714285714285
4285.714285714285,4285.714285714285
4285.714285714285,4285.714285714285
0.0,0.0
0.0,0.0
0.0,0.0
0.0,0.0
0.0,0.0
0.0,0.0
0.0,0.0
0.0,0.0
0.0,0.0
0.0,0.0
0.0,0.0
0.0,0.0
0.0,0.0
0.0,0.0
0.0,0.0
0.0,0.0
0.0,0.0
0.0,0.0
0.0,0.0
0.0,0.0
0.0,0.0
0.0,0.0
0.0,0.0
0.0,0.0
0.0,0.0
0.0,0.0
0.0,0.0
11.843571428571428,0.0
11.843571428571428,0.0
1790.4150000000002,0.0
1790.4150000000002,0.0
1790.4150000000002,0.0
1790.4150000000002,0.0
5015.415,5000.0
5015.415,5000.0
5015.415,5000.0
5015.415,5000.0
5015.415,5000.0
5015.415,5000.0
5015.415,5000.0
5015.415,5000.0
5003.571428571428,5000.0
5003.571428571428,5000.0
3225.0,5000.0
3225.0,5000.0
3225.0,5000.0
3225.0,5000.0
0.0,0.0
0.0,0.0
0.0,0.0
0.0,0.0
0.0,0.0
0.0,0.0
0.0,0.0
0.0,0.0
0.0,0.0
0.0,0.0
0.0,0.0
0.0,0.0
0.0,0.0
0.0,0.0
0.0,0.0
0.0,0.0
0.0,0.0
0.0,0.0
0.0,0.0
0.0,0.0
0.0,0.0
0.0,0.0
0.0,0.0
