transact_c,transact_d
28.571428571428573,142.85714285714286
28.571428571428573,142.85714285714286
28.571428571428573,142.85714285714286
28.571428571428573,142.85714285714286
28.571428571428573,0.0
28.571428571428573,0.0
28.571428571428573,0.0
4804.821428571428,0.0
4804.821428571428,457.14285714285717
4776.25,460.0
4776.25,488.57142857142856
4776.25,488.57142857142856
4776.25,488.57142857142856
4776.25,488.57142857142856
4776.25,488.57142857142856
4776.25,488.57142857142856
4776.25,488.57142857142856
4776.707142857143,488.57142857142856
4776.707142857143,488.57142857142856
4776.707142857143,488.57142857142856
4776.707142857143,488.57142857142856
0.4571428571428572,488.57142857142856
0.4571428571428572,31.428571428571427
0.4571428571428572,28.571428571428573
0.4571428571428572,0.0
0.4571428571428572,0.0
0.4571428571428572,0.0
0.4571428571428572,0.0
0.4571428571428572,0.0
0.4571428571428572,0.0
0.4571428571428572,0.0
0.0,0.0
0.0,0.0
0.0,0.0
0.0,0.0
0.0,0.0
0.0,0.0
0.0,0.0
0.0,0.0
0.0,0.0
0.0,0.0
0.0,0.0
0.0,0.0
0.0,0.0
0.0,0.0
0.13285714285714287,0.0
0.13285714285714287,0.0
0.13285714285714287,0.0
0.13285714285714287,71.42857142857143
0.13285714285714287,71.42857142857143
0.13285714285714287,71.42857142857143
0.13285714285714287,71.42857142857143
0.13285714285714287,71.42857142857143
0.13285714285714287,71.42857142857143
0.13285714285714287,71.42857142857143
0.13285714285714287,71.42857142857143
0.13285714285714287,71.42857142857143
0.13285714285714287,71.42857142857143
0.13285714285714287,71.42857142857143
0.0,71.42857142857143
0.0,71.42857142857143
0.0,71.42857142857143
0.0,0.0
0.0,0.0
0.0,0.0
0.0,0.0
0.0,0.0
0.0,0.0
0.0,0.0
0.0,0.0
0.0,0.0
0.0,0.0
0.0,0.0
0.0,0.0
0.0,0.0
0.0,0.0
0.01,0.0
0.01,0.0
0.01,4000.0
0.01,4000.0
0.01,4000.0
0.01,4000.0
0.01,4000.0
0.01,4000.0
0.01,4000.0
0.01,4000.0
0.01,4000.0
0.01,4000.0
0.01,4000.0
0.01,4000.0
0.0,4000.0
0.0,4000.0
0.0,0.0
0.0,0.0
0.0,0.0
0.0,0.0
0.0,0.0
0.0,0.0
0.0,0.0
0.0,0.0
0.0,0.0
0.0,0.0
0.0,0.0
0.0,0.0
0.0,0.0
0.0,0.0
0.0,0.0
0.0,0.0
0.0,0.0
0.0,0.0
0.0,0.0
0.0,0.0
0.0,0.0
0.0,0.0
0.0,0.0
0.0,0.0
0.0,0.0
0.0,0.0
0.0,0.0
0.0,0.0
0.0,0.0
0.0,0.0
0.0,0.0
0.0,0.0
0.0,0.0
0.0,0.0
0.0,0.0
0.0,0.0
0.0,0.0
0.0,0.0
0.0,0.0
0.0,0.0
0.0,0.0
0.0,0.0
0.0,0.0
0.0,0.0
0.0,0.0
0.0,0.0
0.0,0.0
0.0,0.0
0.0,0.0
0.0,0.0
0.0,0.0
0.0,0.0
0.0,0.0
0.0,0.0
0.0,0.0
0.0,0.0
0.0,0.0
0.0,0.0
0.0,0.0
0.0,0.0
0.0,0.0
0.0,0.0
0.0,0.0
0.0,0.0
0.0,0.0
0.0,0.0
0.0,0.0
0.0,0.0
0.0,0.0
0.0,0.0
0.0,0.0
0.0,0.0
0.0,0.0
0.0,0.0
0.0,0.0
0.0,0.0
