transact_c,transact_d
750.0,0.0
750.0,0.0
750.0,0.0
750.0,0.0
750.0,0.0
750.0,0.0
750.0,0.0
500.0,0.0
500.0,0.0
500.0,0.0
500.0,0.0
250.0,0.0
0.0,0.0
0.0,0.0
0.0,0.0
0.0,0.0
0.0,0.0
0.0,0.0
0.0,0.0
0.0,0.0
0.0,0.0
0.0,0.0
0.0,0.0
0.0,0.0
0.0,0.0
250.0,0.0
500.0,0.0
500.0,0.0
500.0,0.0
500.0,0.0
500.0,0.0
500.0,0.0
500.0,0.0
500.0,0.0
500.0,0.0
500.0,0.0
500.0,0.0
500.0,0.0
500.0,0.0
250.0,0.0
0.0,0.0
0.0,0.0
0.0,0.0
0.0,0.0
0.0,0.0
0.0,0.0
0.0,0.0
0.0,0.0
0.0,0.0
0.0,0.0
0.0,0.0
214.28571428571428,0.0
214.28571428571428,0.0
214.28571428571428,0.0
214.28571428571428,0.0
214.28571428571428,0.0
214.28571428571428,0.0
214.28571428571428,0.0
214.28571428571428,0.0
214.28571428571428,0.0
214.28571428571428,0.0
214.28571428571428,0.0
214.28571428571428,0.0
214.28571428571428,0.0
214.28571428571428,0.0
0.0,0.0
0.0,0.0
0.0,0.0
0.0,0.0
0.0,0.0
0.0,0.0
0.0,0.0
0.0,0.0
0.0,0.0
0.0,0.0
0.0,0.0
0.0,0.0
0.0,0.0
0.0,0.0
0.0,0.0
0.0,0.0
0.0,0.0
0.0,0.0
0.0,0.0
0.0,0.0
0.0,0.0
250.0,0.0
250.0,0.0
250.0,0.0
250.0,0.0
250.0,0.0
250.0,0.0
250.0,0.0
250.0,0.0
250.0,0.0
250.0,0.0
250.0,0.0
250.0,0.0
250.0,0.0
250.0,0.0
0.0,0.0
0.0,0.0
0.0,0.0
0.0,0.0
0.0,0.0
0.0,0.0
0.0,0.0
0.0,224.16071428571428
0.0,448.32142857142856
0.0,672.4821428571429
0.0,896.6428571428571
0.0,1120.8035714285713
0.0,1344.9642857142858
0.0,1569.125
0.0,1793.2857142857142
0.0,2017.4464285714287
0.0,2241.6071428571427
0.0,2465.7678571428573
0.0,2689.9285714285716
0.0,2689.9285714285716
0.0,2689.9285714285716
0.0,2465.7678571428573
0.0,2241.6071428571427
0.0,2017.4464285714287
0.0,1793.2857142857142
0.0,1569.125
0.0,1344.9642857142858
0.0,1120.8035714285713
0.0,896.6428571428571
0.0,672.4821428571429
0.0,448.32142857142856
0.0,224.16071428571428
0.0,0.0
0.0,0.0
0.0,0.0
0.0,0.0
0.0,0.0
0.0,0.0
0.0,0.0
0.0,0.5714285714285714
0.0,0.5714285714285714
0.0,0.5714285714285714
0.0,0.5714285714285714
0.0,0.5714285714285714
0.0,0.5714285714285714
0.0,0.5714285714285714
0.0,0.5714285714285714
0.0,286.2857142857143
0.0,286.2857142857143
0.0,286.2857142857143
0.0,286.2857142857143
0.0,286.2857142857143
0.0,286.2857142857143
0.0,285.7142857142857
0.0,285.7142857142857
0.0,285.7142857142857
0.0,285.7142857142857
0.0,285.7142857142857
0.0,285.7142857142857
0.0,285.7142857142857
0.0,285.7142857142857
0.0,0.0
0.0,0.0
0.0,0.0
0.0,0.0
0.0,0.0
0.0,0.0
0.0,0.0
