transact_c,transact_d
25.0,0.0
25.0,0.0
25.0,0.0
0.0,0.0
0.0,0.0
0.0,0.0
0.0,0.0
0.0,0.0
0.0,0.0
25.0,0.0
25.0,0.0
25.0,0.0
25.0,0.0
25.0,0.0
25.0,0.0
25.0,0.0
25.0,0.0
25.0,0.0
25.0,0.0
25.0,0.0
25.0,0.0
25.0,0.0
25.0,0.0
0.0,0.0
0.0,0.0
0.0,0.0
0.0,0.0
0.0,0.0
0.0,0.0
0.0,0.0
0.0,0.0
0.0,0.0
0.0,0.0
0.0,0.0
25.0,0.0
25.0,0.0
25.0,0.0
25.0,0.0
25.0,0.0
25.0,0.0
25.0,0.0
25.0,0.0
25.0,0.0
25.0,0.0
25.0,0.0
25.0,0.0
25.0,0.0
25.0,0.0
0.0,0.0
0.0,0.0
0.0,0.0
0.0,0.0
0.0,0.0
0.0,0.0
0.0,0.0
0.0,0.0
0.0,0.0
0.0,0.0
0.0,0.0
0.0,0.0
0.0,0.0
0.0,0.0
0.0,0.0
0.0,0.0
0.0,0.0
0.0,0.0
0.0,0.0
0.0,0.0
0.0,0.0
0.0,0.0
25.0,0.0
25.0,0.0
25.0,0.0
25.0,0.0
25.0,0.0
25.0,0.0
25.0,0.0
25.0,0.0
50.0,0.0
50.0,0.0
50.0,0.0
50.0,0.0
50.0,0.0
50.0,0.0
25.0,0.0
25.0,0.0
25.0,0.0
25.0,0.0
25.0,0.0
25.0,0.0
25.0,0.0
25.0,0.0
50.0,0.0
50.0,0.0
50.0,0.0
50.0,0.0
50.0,0.0
50.0,0.0
50.0,0.0
50.0,0.0
50.0,0.0
75.0,0.0
75.0,0.0
75.0,0.0
75.0,0.0
75.0,0.0
25.0,0.0
25.0,0.0
25.0,0.0
25.0,0.0
25.0,0.0
25.0,0.0
25.0,0.0
50.0,0.0
50.0,0.0
25.0,45.76428571428572
25.0,88.66785714285713
25.0,133.00214285714284
25.0,191.4335714285714
50.0,191.4335714285714
50.0,191.4335714285714
50.0,191.4335714285714
50.0,191.4335714285714
50.0,191.4335714285714
50.0,191.4335714285714
50.0,191.4335714285714
50.0,191.4335714285714
25.0,191.4335714285714
25.0,191.4335714285714
25.0,145.6692857142857
25.0,102.76571428571427
25.0,58.43142857142857
25.0,0.0
0.0,0.0
0.0,0.0
0.0,0.0
0.0,0.0
0.0,0.0
0.0,0.0
0.0,0.0
0.0,0.0
0.0,0.0
0.0,0.0
0.0,0.0
0.0,0.0
0.0,0.0
0.0,0.0
0.0,0.0
0.0,0.0
0.0,0.0
0.0,0.0
0.0,0.0
0.0,0.0
0.0,0.0
0.0,0.0
0.0,0.0
0.0,0.0
25.0,0.0
25.0,0.0
25.0,0.0
25.0,0.0
25.0,0.0
25.0,0.0
25.0,0.0
25.0,0.0
25.0,0.0
25.0,0.0
25.0,0.0
