transact_c,transact_d
0.0,0.0
0.0,0.0
0.0,0.0
0.0,0.0
0.0,0.0
0.0,0.0
0.0,0.0
0.0,0.0
0.0,0.0
0.0,0.0
0.0,0.0
0.0,0.0
0.0,0.0
0.0,0.0
0.0,0.0
0.0,0.0
50.0,0.0
50.0,0.0
50.0,0.0
50.0,0.0
50.0,0.0
50.0,0.0
50.0,0.0
50.0,0.0
57.5,0.0
82.5,0.0
82.5,0.0
82.5,0.0
82.5,0.0
82.5,0.0
32.5,0.0
32.5,0.0
32.5,0.0
32.5,0.0
32.5,0.0
32.5,0.0
32.5,0.0
32.5,0.0
25.0,0.0
0.0,0.0
0.0,0.0
0.0,0.0
0.0,0.0
0.0,46.07142857142857
0.0,96.07142857142857
0.0,96.07142857142857
0.0,96.07142857142857
0.0,96.07142857142857
0.0,96.07142857142857
0.0,96.07142857142857
0.0,96.07142857142857
0.0,96.07142857142857
0.0,96.07142857142857
0.0,96.07142857142857
0.0,96.07142857142857
0.0,96.07142857142857
0.0,96.07142857142857
0.0,50.0
0.0,0.0
0.0,0.0
0.0,0.0
0.0,0.0
0.0,0.0
0.0,0.0
0.0,0.0
0.0,0.0
0.0,0.0
0.0,0.0
50.0,0.0
50.0,0.0
50.0,0.0
50.0,46.07142857142857
50.0,46.07142857142857
50.0,46.07142857142857
50.0,46.07142857142857
50.0,46.07142857142857
50.0,46.07142857142857
50.0,46.07142857142857
50.0,46.07142857142857
50.0,46.07142857142857
50.0,46.07142857142857
50.0,46.07142857142857
0.0,46.07142857142857
0.0,46.07142857142857
0.0,46.07142857142857
0.0,0.0
0.0,0.0
0.0,0.0
0.0,0.0
0.0,0.0
0.0,0.0
0.0,0.0
0.0,0.0
0.0,0.0
0.0,0.0
0.0,0.0
0.0,0.0
0.0,0.0
0.0,0.0
0.0,0.0
0.0,0.0
0.0,0.0
0.0,0.0
0.0,0.0
0.0,0.0
0.0,0.0
50.0,0.0
50.0,0.0
50.0,0.0
50.0,0.0
50.0,0.0
50.0,0.0
50.0,0.5714285714285714
50.0,0.5714285714285714
50.0,0.5714285714285714
50.0,0.5714285714285714
50.0,0.5714285714285714
50.0,0.5714285714285714
50.0,0.5714285714285714
50.0,0.5714285714285714
0.0,0.5714285714285714
0.0,0.5714285714285714
0.0,0.5714285714285714
0.0,0.5714285714285714
0.0,0.5714285714285714
0.0,0.5714285714285714
0.0,0.0
0.0,0.0
0.0,0.0
0.0,0.0
0.0,0.0
0.0,0.0
0.0,46.07142857142857
0.0,96.07142857142857
0.0,96.07142857142857
0.0,96.07142857142857
0.0,96.07142857142857
0.0,96.07142857142857
0.0,96.07142857142857
0.0,96.07142857142857
0.0,96.07142857142857
0.0,96.07142857142857
0.0,96.07142857142857
0.0,96.07142857142857
0.0,96.07142857142857
0.0,96.07142857142857
0.0,50.0
0.0,0.0
0.0,0.0
0.0,0.0
0.0,0.0
0.0,0.0
0.0,0.0
50.0,0.0
50.0,0.0
50.0,0.0
50.0,0.0
50.0,0.0
50.0,0.0
50.0,1.7857142857142858
50.0,1.7857142857142858
50.0,1.7857142857142858
50.0,9.904285714285715
77.14285714285714,55.97571428571428
77.14285714285714,105.97571428571428
79.64285714285714,105.97571428571428
79.64285714285714,105.97571428571428
29.642857142857142,105.97571428571428
