transact_c,transact_d
494.2857142857143,57.43642857142857
494.2857142857143,57.43642857142857
494.2857142857143,57.43642857142857
407.14285714285717,57.43642857142857
407.14285714285717,57.43642857142857
407.14285714285717,57.43642857142857
264.2857142857143,57.43642857142857
178.57142857142858,57.43642857142857
178.57142857142858,57.43642857142857
178.57142857142858,57.43642857142857
0.0,0.0
0.0,0.0
0.0,0.0
0.0,0.0
0.0,0.0
0.0,0.0
0.0,0.0
0.0,0.0
0.0,0.0
78.57142857142857,0.0
78.57142857142857,0.0
78.57142857142857,0.0
78.57142857142857,0.0
78.57142857142857,0.0
78.57142857142857,0.0
78.57142857142857,0.0
78.57142857142857,0.0
78.57142857142857,0.0
78.57142857142857,0.0
78.57142857142857,0.0
78.57142857142857,0.0
78.57142857142857,0.0
78.57142857142857,0.0
0.0,0.0
0.0,0.0
0.0,0.0
0.0,0.0
0.0,0.0
0.0,0.0
0.0,0.0
0.0,0.0
0.0,0.0
0.0,0.0
0.0,0.0
0.0,0.0
0.0,0.0
0.0,0.0
0.0,0.0
0.0,0.0
0.0,0.0
0.0,0.0
0.0,0.0
0.0,0.0
0.0,0.0
0.0,0.0
0.0,0.0
214.28571428571428,0.0
214.28571428571428,0.0
214.28571428571428,0.0
214.28571428571428,0.0
214.28571428571428,0.0
214.28571428571428,0.0
214.28571428571428,0.0
214.28571428571428,0.0
214.28571428571428,0.0
214.28571428571428,0.0
214.28571428571428,0.0
214.28571428571428,0.0
214.28571428571428,0.0
214.28571428571428,0.0
0.0,0.0
0.0,0.0
0.0,0.0
0.0,0.0
0.0,0.0
0.0,0.0
0.0,0.0
0.0,0.0
0.0,0.0
0.0,0.0
87.85714285714286,0.0
87.85714285714286,0.0
87.85714285714286,0.0
87.85714285714286,0.0
87.85714285714286,0.0
87.85714285714286,0.0
87.85714285714286,0.0
87.85714285714286,0.0
87.85714285714286,0.0
87.85714285714286,0.0
87.85714285714286,0.0
87.85714285714286,0.0
87.85714285714286,0.0
87.85714285714286,0.0
0.0,0.0
0.0,0.0
0.0,0.0
0.0,0.0
0.0,0.0
0.0,0.0
0.0,0.0
0.0,0.0
0.0,0.0
0.0,0.0
0.0,0.0
0.0,0.0
0.0,0.0
0.0,87.0
0.0,174.0
0.0,261.0
0.0,348.0
0.0,435.0
0.0,522.0
0.0,609.0
0.0,609.0
0.0,696.0
0.0,783.0
0.0,870.0
0.0,957.0
0.0,957.0
0.0,957.0
0.0,870.0
0.0,783.0
0.0,696.0
0.0,609.0
36.08571428571428,522.0
36.08571428571428,435.0
36.08571428571428,348.0
36.08571428571428,348.0
36.08571428571428,261.0
36.08571428571428,174.0
36.08571428571428,87.0
36.08571428571428,0.0
36.08571428571428,0.0
36.08571428571428,0.0
36.08571428571428,0.0
36.08571428571428,0.0
36.08571428571428,0.0
36.08571428571428,0.0
0.0,0.0
0.0,0.0
0.0,0.0
0.0,0.0
0.0,0.0
0.0,0.0
0.0,0.0
0.0,0.0
0.0,0.0
0.0,0.0
0.0,0.0
0.0,0.0
0.0,0.0
0.0,0.0
0.0,0.0
0.0,0.0
0.0,0.0
0.0,0.0
0.0,0.0
0.0,0.0
0.0,0.0
0.0,0.0
0.0,0.0
0.0,0.0
0.0,0.0
0.0,0.0
0.0,0.0
0.0,0.0
0.0,0.0
