transact_c,transact_d
0.0,0.0
0.0,0.0
0.0,0.0
150.0,0.0
150.0,0.0
150.0,0.0
150.0,0.0
150.0,0.0
150.0,0.0
150.0,0.0
150.0,0.0
150.0,153.57142857142858
150.0,153.57142857142858
150.0,153.57142857142858
150.0,153.57142857142858
150.0,153.57142857142858
150.0,153.57142857142858
0.0,153.57142857142858
0.0,157.14285714285714
0.0,157.14285714285714
0.0,157.14285714285714
0.0,157.14285714285714
0.0,157.14285714285714
0.0,157.14285714285714
0.0,157.14285714285714
0.0,3.5714285714285716
0.0,3.5714285714285716
0.0,3.5714285714285716
0.0,3.5714285714285716
0.0,3.5714285714285716
0.0,3.5714285714285716
0.0,3.5714285714285716
0.0,0.0
0.0,0.0
0.0,0.0
0.0,0.0
0.0,0.0
0.0,0.0
0.0,0.0
0.0,0.0
0.0,0.0
0.0,0.0
0.0,0.0
0.0,0.0
0.0,0.0
0.0,0.0
0.0,0.0
0.0,0.0
0.0,0.0
0.0,0.0
0.0,0.0
0.0,0.0
0.0,0.0
0.0,0.0
0.0,0.0
0.0,0.0
0.0,0.0
0.0,0.0
0.0,0.0
0.0,0.0
0.0,0.0
0.0,0.0
0.0,0.0
0.0,0.0
0.0,0.0
0.0,0.0
0.0,0.0
0.0,0.0
0.0,0.0
0.0,0.0
0.0,0.0
0.0,0.0
0.0,0.0
0.0,0.0
0.0,0.0
0.0,0.0
0.0,0.0
0.0,0.0
0.0,0.0
0.0,0.0
0.0,0.0
0.0,0.0
0.0,0.0
0.0,0.0
0.0,0.0
0.0,0.0
0.0,0.0
0.0,0.0
0.0,0.0
0.0,0.0
0.0,0.0
0.0,0.0
0.0,0.0
0.0,0.0
0.0,0.0
150.0,0.0
150.0,0.0
150.0,0.0
150.0,0.0
150.0,0.0
150.0,0.0
650.0,619.7364285714286
650.0,619.7364285714286
650.0,619.7364285714286
650.0,637.0521428571429
650.0,637.0521428571429
650.0,637.0521428571429
650.0,637.0521428571429
650.0,637.0521428571429
500.0,637.0521428571429
500.0,637.0521428571429
500.0,637.0521428571429
500.0,637.0521428571429
500.0,637.0521428571429
500.0,637.0521428571429
0.0,17.315714285714286
0.0,17.315714285714286
0.0,17.315714285714286
0.0,0.0
0.0,0.0
0.0,0.0
0.0,0.0
0.0,0.0
0.0,0.0
0.0,0.0
0.0,0.0
300.0,0.0
300.0,0.0
300.0,0.0
300.0,0.0
300.0,0.0
407.14285714285717,386.0
407.14285714285717,386.0
407.14285714285717,386.0
407.14285714285717,386.0
407.14285714285717,386.0
407.14285714285717,386.0
407.14285714285717,386.0
407.14285714285717,386.0
407.14285714285717,386.0
107.14285714285714,386.0
107.14285714285714,386.0
107.14285714285714,386.0
107.14285714285714,386.0
107.14285714285714,386.0
0.0,0.0
0.0,0.0
0.0,0.0
0.0,0.0
0.0,0.0
0.0,0.0
0.0,0.0
150.0,0.0
150.0,0.0
150.0,0.0
150.0,0.0
150.0,0.0
150.0,0.0
150.0,150.0
150.0,150.0
150.0,150.0
150.0,150.0
150.0,150.0
150.0,150.0
150.0,150.0
150.0,150.0
0.0,150.0
0.0,150.0
