transact_c,transact_d
0.0,0.0
0.0,0.0
0.0,0.0
0.0,0.0
0.0,0.0
0.0,0.0
0.0,0.0
0.0,0.0
0.0,0.0
0.0,0.0
0.0,0.0
0.0,0.0
0.0,0.0
16.428571428571427,0.0
16.428571428571427,0.0
16.428571428571427,0.0
16.428571428571427,0.0
16.43,0.0
16.43,0.0
16.43,0.0
16.43,0.0
16.43,0.0
16.43,0.0
16.43,0.0
16.43,0.0
16.43,0.0
16.43,0.0
0.0014285714285714286,0.0
0.0014285714285714286,0.0
0.0014285714285714286,0.0
0.0014285714285714286,0.0
0.0,0.0
0.0,0.0
0.0,0.0
0.0,0.0
0.0,0.0
0.0,0.0
0.0,0.0
0.0,0.0
0.0,0.0
0.0,0.0
0.0,0.0
0.0,0.0
16.428571428571427,0.0
16.428571428571427,0.0
16.43,0.0
16.43,0.0
16.43,0.0
16.43,0.0
16.43,0.0
16.43,0.0
16.43,0.0
16.43,0.0
16.43,0.0
16.43,0.0
16.43,0.0
16.43,0.0
0.0014285714285714286,0.0
0.0014285714285714286,0.0
0.0,0.0
0.0,0.0
0.0,0.0
0.0,0.0
0.0,0.0
0.0,0.0
0.0,0.5714285714285714
0.0,0.5714285714285714
0.0,0.5714285714285714
0.0,0.5714285714285714
0.0,0.5714285714285714
0.0,0.5714285714285714
0.0,0.5714285714285714
0.0,0.5714285714285714
0.0,0.5714285714285714
16.428571428571427,0.5714285714285714
16.428571428571427,0.5714285714285714
16.429285714285715,0.5714285714285714
16.429285714285715,0.5714285714285714
16.429285714285715,0.5714285714285714
16.429285714285715,0.0
16.429285714285715,0.0
16.429285714285715,0.0
16.429285714285715,0.0
16.429285714285715,0.0
16.429285714285715,0.0
16.429285714285715,0.0
16.429285714285715,0.0
16.429285714285715,0.0
0.0007142857142857143,0.0
0.0007142857142857143,0.0
0.0,0.0
0.0,0.0
0.0,0.0
0.0,0.0
0.0,0.0
0.0,0.0
0.0,0.0
0.0,0.0
0.0,0.0
0.0,0.0
0.0,0.0
0.0,0.0
0.0,0.0
0.0,0.0
16.428571428571427,0.0
16.428571428571427,0.0
16.43,0.0
16.43,16.27
16.43,32.54
16.43,48.81
16.43,65.08
16.43,81.395
16.43,97.71000000000001
16.43,97.71000000000001
16.43,97.71000000000001
16.43,97.71000000000001
16.43,97.71000000000001
16.43,97.71000000000001
0.0014285714285714286,97.71000000000001
0.0014285714285714286,97.71000000000001
0.0,97.71000000000001
0.0,81.44000000000001
0.0,65.17
0.0,48.9
0.0,32.63
0.0,16.315
0.0,0.0
0.0,0.0
0.0,0.0
0.0,0.0
0.0,0.0
0.0,0.0
0.0,0.0
0.0,0.0
16.428571428571427,0.0
16.428571428571427,0.0
16.428571428571427,0.0
16.43,0.0
16.43,0.0
16.43,0.0
16.43,0.0
16.43,0.0
16.43,0.0
16.43,0.0
16.43,0.0
16.43,0.0
16.43,0.0
16.43,0.0
0.0014285714285714286,0.0
0.0014285714285714286,0.0
0.0014285714285714286,0.0
0.0,0.0
0.0,0.0
0.0,0.0
0.0,0.0
0.0,0.0
0.0,0.0
0.0,0.0
0.0,0.0
0.0,0.0
0.0,0.0
0.0,0.0
0.0,0.0
0.0,0.0
0.0,0.0
0.0,0.0
0.0,0.0
0.0,0.0
