transact_c,transact_d
0.0,0.0
0.0,0.0
0.0,0.0
0.0,0.0
0.0,0.0
0.0,0.0
0.0,0.0
0.0,0.0
0.0,0.0
0.0,0.0
150.0,0.0
150.0,0.0
150.0,0.0
150.0,0.0
150.0,0.0
150.0,0.0
150.0,0.0
150.0,0.0
150.0,0.0
150.0,0.0
150.0,0.0
150.0,0.0
150.0,0.0
150.0,0.0
0.0,0.0
0.0,0.0
0.0,0.0
0.0,0.0
0.0,0.0
0.0,0.0
0.0,0.0
0.0,0.0
0.0,0.0
0.0,0.0
0.0,0.0
0.0,0.0
0.0,0.0
0.0,0.0
0.0,0.0
0.0,0.0
0.0,0.0
0.0,0.0
0.0,0.0
0.0,0.0
150.0,0.0
150.0,0.0
150.0,0.0
150.0,0.0
150.0,0.0
150.0,0.0
150.0,0.0
150.0,0.0
150.0,0.0
150.0,0.0
150.0,0.0
150.0,0.0
150.0,0.0
300.0,0.0
150.0,0.0
150.0,0.0
150.0,0.0
150.0,0.0
150.0,0.0
150.0,0.0
150.0,0.0
150.0,0.0
150.0,0.0
150.0,0.0
300.0,0.0
300.0,0.0
300.0,0.0
150.0,0.0
150.0,0.0
150.0,0.0
150.0,0.0
150.0,0.0
150.0,0.0
150.0,0.0
150.0,0.0
150.0,0.0
150.0,0.0
150.0,0.0
0.0,0.0
0.0,0.0
0.0,0.0
0.0,0.0
0.0,0.0
0.0,0.0
0.0,0.0
0.0,0.0
0.0,0.0
0.0,0.0
0.0,0.0
0.0,0.0
0.0,0.0
0.0,0.0
0.0,0.0
0.0,0.0
0.0,0.0
150.0,0.0
150.0,0.0
150.0,0.0
150.0,0.0
150.0,0.0
150.0,0.0
150.0,0.0
150.0,0.0
150.0,123.92857142857143
150.0,246.07142857142858
150.0,368.2142857142857
150.0,490.35714285714283
150.0,612.5
150.0,734.6428571428571
0.0,856.7857142857143
0.0,1023.0257142857143
0.0,1145.1685714285716
0.0,1267.3114285714287
0.0,1389.4542857142858
0.0,1511.597142857143
0.0,1511.597142857143
0.0,1511.597142857143
0.0,1387.6685714285716
0.0,1265.5257142857142
0.0,1143.3828571428571
0.0,1021.24
0.0,899.0971428571429
0.0,776.9542857142858
0.0,654.8114285714286
0.0,488.57142857142856
0.0,366.42857142857144
150.0,244.28571428571428
150.0,122.14285714285714
150.0,0.0
150.0,0.0
150.0,0.0
150.0,0.0
150.0,0.0
150.0,0.0
150.0,0.0
150.0,0.0
150.0,0.0
150.0,0.0
150.0,0.0
150.0,0.0
0.0,0.0
0.0,0.0
0.0,0.0
0.0,0.0
0.0,0.0
0.0,0.0
0.0,0.0
0.0,0.0
0.0,0.0
0.0,0.0
0.0,0.0
0.0,0.0
0.0,0.0
0.0,0.0
0.0,0.0
0.0,0.0
150.0,0.0
150.0,0.0
150.0,0.0
150.0,0.0
150.0,0.0
150.0,0.0
150.0,0.0
150.0,0.0
