transact_c,transact_d
0.0,0.0
0.0,0.0
0.0,0.0
0.0,0.0
0.0,0.0
0.0,0.0
0.0,0.0
0.0,0.0
0.0,0.0
0.0,0.0
0.0,0.0
0.0,0.0
0.0,0.0
0.0,0.0
0.0,0.0
0.0,0.0
0.0,0.0
150.0,149.57142857142858
150.0,149.57142857142858
150.0,149.57142857142858
150.0,149.57142857142858
300.0,299.14285714285717
300.0,299.14285714285717
450.0,299.14285714285717
450.0,299.14285714285717
450.0,299.14285714285717
450.0,299.14285714285717
450.0,299.14285714285717
450.0,299.14285714285717
600.0,448.07142857142856
600.0,448.07142857142856
450.0,298.5
450.0,298.5
450.0,298.5
450.0,298.5
300.0,148.92857142857142
300.0,148.92857142857142
150.0,148.92857142857142
150.0,148.92857142857142
150.0,148.92857142857142
150.0,148.92857142857142
150.0,148.92857142857142
300.0,298.5
150.0,149.57142857142858
150.0,149.57142857142858
150.0,149.57142857142858
150.0,149.57142857142858
150.0,149.57142857142858
150.0,149.57142857142858
150.0,149.57142857142858
150.0,149.57142857142858
150.0,299.57142857142856
150.0,299.57142857142856
150.0,299.57142857142856
150.0,299.57142857142856
150.0,299.57142857142856
0.0,150.0
0.0,150.0
0.0,150.0
0.0,150.0
0.0,150.0
0.0,150.0
0.0,150.0
0.0,150.0
0.0,150.0
0.0,0.0
0.0,0.0
0.0,0.0
0.0,0.0
0.0,0.0
0.0,0.0
0.0,0.0
0.0,0.0
0.0,0.0
0.0,0.0
0.0,0.0
0.0,0.0
0.0,0.0
0.0,0.0
0.0,0.0
0.0,0.0
0.0,0.0
0.0,0.0
0.0,0.0
0.0,0.0
0.0,0.0
0.0,0.0
0.0,0.0
0.0,0.0
0.0,0.0
0.0,0.0
0.0,0.0
0.0,0.0
0.0,0.0
0.0,0.0
0.0,0.0
0.0,0.0
0.0,0.0
0.0,0.0
0.0,0.0
0.0,0.0
150.0,0.0
150.0,0.0
150.0,0.0
150.0,149.57142857142858
150.0,149.57142857142858
150.0007142857143,149.57142857142858
150.0007142857143,149.57142857142858
150.0007142857143,149.57142857142858
150.0007142857143,149.57142857142858
150.0007142857143,149.57142857142858
150.0007142857143,149.57142857142858
150.0007142857143,149.57142857142858
150.0007142857143,149.57142857142858
150.0007142857143,149.57142857142858
0.0007142857142857143,149.57142857142858
0.0007142857142857143,149.57142857142858
0.0007142857142857143,149.57142857142858
0.0007142857142857143,0.0
0.0007142857142857143,0.0
0.0,0.0
0.0,0.0
0.0,0.0
0.0,0.0
0.0,0.0
0.0,0.0
0.0,0.0
0.0,0.0
0.0,0.0
0.0,0.0
0.0,0.0
0.0,0.0
0.0,0.0
0.0,0.0
0.0,0.0
0.0,0.0
0.0,0.0
0.0,0.0
0.0,0.0
0.0,0.0
0.0,0.0
0.0,0.0
0.0,0.0
0.0,0.0
0.0,0.0
0.0,0.0
0.0,0.0
0.0,0.0
0.0,0.0
0.0,0.0
0.0,0.0
0.0,0.0
0.0,0.0
0.0,0.0
0.0,0.0
0.0,0.0
0.0,0.0
0.0,0.0
0.0,0.0
0.0,0.0
0.0,0.0
0.0,0.0
0.0,0.0
0.0,0.0
0.0,0.0
150.0,0.0
150.0,149.64285714285714
150.0,149.64285714285714
