transact_c,transact_d
0.0,0.0
0.0,0.0
0.0,0.0
0.0,0.0
0.0,0.0
0.0,0.0
0.0,0.0
0.0,0.0
0.0,0.0
0.0,0.0
0.0,0.0
156.145,156.145
156.145,156.145
156.145,156.145
156.145,156.145
156.145,156.145
156.145,156.145
156.145,156.145
156.145,156.145
156.145,156.145
156.145,156.145
156.145,156.145
156.145,156.145
156.145,156.145
156.145,156.145
0.0,0.0
0.0,0.0
0.0,0.0
0.0,0.0
0.0,0.0
0.0,0.0
0.0,0.0
156.145,0.0
156.145,156.145
156.145,156.145
156.145,156.145
156.145,156.145
156.145,156.145
156.145,156.145
156.145,156.145
156.145,156.145
156.145,156.145
156.145,156.145
156.145,156.145
156.145,156.145
156.14642857142857,156.145
0.0014285714285714286,156.145
0.0014285714285714286,0.0
0.0014285714285714286,0.0
0.0014285714285714286,0.0
0.0014285714285714286,0.0
0.0014285714285714286,0.0
0.0014285714285714286,0.0
0.0014285714285714286,0.0
0.0014285714285714286,0.0
0.0014285714285714286,0.0
0.0014285714285714286,0.0
0.0014285714285714286,0.0
0.0014285714285714286,0.0
0.0,0.0
0.0,0.0
0.0,0.0
0.0,0.0
0.0,0.0
0.0,0.0
0.0,0.0
0.0,0.0
0.0,0.0
0.0,0.0
0.0,0.0
156.145,156.145
156.145,156.145
156.145,156.145
156.145,156.145
156.145,156.145
156.145,156.145
156.145,156.145
156.145,156.145
156.145,156.145
156.145,156.145
156.145,156.145
156.145,156.145
156.145,156.145
156.145,156.145
0.0,0.0
0.0,0.0
0.0,0.0
0.0,0.0
0.0,0.0
0.0,0.0
0.0,0.0
0.0,0.0
0.0,0.0
0.0,0.0
0.0,0.0
0.0,0.0
0.0,0.0
0.0,0.0
0.0,0.0
0.0,0.0
0.0,0.0
0.0,0.0
0.0,0.0
156.145,156.145
156.145,156.145
156.145,156.145
156.145,156.145
156.145,156.145
156.145,156.145
156.145,156.145
156.145,156.145
156.145,156.145
156.145,156.145
156.145,156.145
156.145,156.145
156.145,156.145
156.145,156.145
0.0,0.0
0.0,0.0
0.0,0.0
0.0,0.0
0.0,0.0
0.0,0.0
0.0,0.0
0.0,0.0
0.0,0.0
0.0,0.0
0.0,0.0
0.0,0.0
0.0,0.0
0.0,0.0
156.145,156.145
156.145,156.145
156.145,156.145
156.145,156.145
156.145,156.145
156.145,156.145
156.145,156.145
156.145,156.145
156.145,156.145
156.145,156.145
156.145,156.145
156.145,156.145
156.145,156.145
156.145,156.145
0.0,0.0
0.0,0.0
0.0,0.0
0.0,0.0
0.0,0.0
0.0,0.0
0.0,0.0
0.0,0.0
0.0,0.0
0.0,0.0
0.0,0.0
0.0,0.0
0.0,0.0
0.0,0.0
0.0,0.0
0.0,0.0
0.0,0.0
156.145,156.145
156.145,156.145
156.145,156.145
156.145,156.145
156.145,156.145
156.145,156.145
