transact_c,transact_d
0.0,0.5714285714285714
0.0,0.5714285714285714
0.0,0.0
0.0,0.0
0.0,0.0
0.0,0.0
0.0,0.0
0.0,0.0
0.0,0.0
0.0,0.0
0.0,0.0
0.0,0.0
0.0,0.0
0.0,0.0
0.0,0.0
0.0,0.0
0.0,0.0
0.0,0.0
0.0,0.0
0.0,0.0
0.0,0.0
0.0,0.0
0.0,0.0
0.0,0.0
0.0,0.0
0.0,0.0
0.0,0.0
0.0,0.0
0.0,0.0
0.0,0.0
0.0,0.0
0.0,0.0
0.0,0.0
0.0,0.0
0.0,0.0
0.0,0.0
0.0,0.0
0.0,0.0
0.0,0.0
0.0,0.0
0.0,0.0
0.0,0.0
100.0,0.0
100.0,85.995
100.0,85.995
100.0,85.995
100.0,85.995
100.0,85.995
100.0,85.995
100.0,85.995
100.0,85.995
100.0,85.995
100.0,85.995
100.0,85.995
100.0,85.995
100.0,85.995
0.0,85.995
0.0,0.0
0.0,0.0
0.0,0.0
0.0,0.0
0.0,0.0
0.0,0.0
0.0,0.0
0.0,0.0
0.0,0.0
0.0,0.0
0.0,0.0
0.0,0.0
0.0,0.0
100.0,0.0
100.0,89.47714285714287
100.0,89.47714285714287
100.0,89.47714285714287
100.0,89.47714285714287
100.0,89.47714285714287
100.0,89.47714285714287
100.0,89.47714285714287
100.0,89.47714285714287
100.0,89.47714285714287
100.0,89.47714285714287
100.0,89.47714285714287
100.0,89.47714285714287
100.0,89.47714285714287
0.0,89.47714285714287
0.0,0.0
0.0,0.0
0.0,0.0
0.0,0.0
0.0,0.0
0.0,0.0
0.0,0.0
0.0,0.0
0.0,0.0
0.0,0.0
0.0,0.0
0.0,0.0
0.0,0.0
0.0,0.0
100.0,89.48
100.0,89.48
100.0,89.48
100.0,89.48
100.0,89.48
100.0,89.48
100.0,89.48
100.0,89.48
100.0,89.48
100.0,89.48
100.0,89.48
100.0,89.48
100.0,89.48
100.0,178.92428571428573
0.0,178.87285714285716
0.0,178.87285714285716
0.0,178.87285714285716
0.0,178.87285714285716
0.0,178.87285714285716
0.0,178.87285714285716
0.0,178.87285714285716
0.0,178.87285714285716
0.0,178.87285714285716
0.0,178.87285714285716
0.0,186.82571428571433
0.0,186.82571428571433
0.0,186.82571428571433
0.0,97.38142857142857
0.0,7.952857142857143
0.0,7.952857142857143
0.0,7.952857142857143
0.0,7.952857142857143
0.0,7.952857142857143
0.0,7.952857142857143
0.0,7.952857142857143
100.0,7.952857142857143
100.0,7.952857142857143
100.0,7.952857142857143
100.0,0.0
100.0,0.0
100.0,0.0
100.0,0.0
100.0,0.0
100.0,0.0
100.0,0.0
100.0,0.0
100.0,0.0
100.0,0.0
100.0,0.0
0.0,0.0
0.0,0.0
0.0,0.0
0.0,0.0
0.0,0.0
0.0,0.0
0.0,0.0
0.0,0.0
0.0,0.0
0.0,0.0
0.0,0.0
0.0,0.0
0.0,0.0
0.0,0.0
0.0,0.0
0.0,0.0
0.0,0.0
0.0,0.0
100.0,0.0
100.0,0.0
