transact_c,transact_d
0.0,0.0
0.0,0.0
0.0,0.0
0.0,0.0
0.0,0.0
0.0,0.0
0.0,0.0
0.0,0.0
0.0,0.0
0.0,0.0
0.0,0.0
0.0,0.0
100.0,0.0
100.0,0.0
100.0,100.0
100.0,100.0
100.0,100.0
100.00571428571428,100.0
100.00571428571428,100.0
100.00571428571428,100.0
100.00571428571428,100.0
100.00571428571428,100.0
100.00571428571428,100.0
100.00571428571428,100.0
100.00571428571428,100.0
100.00571428571428,100.0
0.005714285714285714,100.0
0.005714285714285714,100.0
0.005714285714285714,0.0
0.005714285714285714,0.0
0.005714285714285714,0.0
0.0,0.0
0.0,0.0
0.0,0.0
0.0,0.0
0.0,0.0
0.0,0.0
0.0,0.0
0.0,0.0
0.0,0.0
0.0,0.0
0.0,0.0
0.0,0.0
100.0,0.0
100.0,0.0
100.005,100.0
100.005,100.0
100.005,100.0
100.005,100.0
100.005,100.0
100.005,100.0
100.005,100.0
100.005,100.0
100.005,100.0
100.005,100.0
100.005,100.0
100.005,100.0
0.005,100.0
0.005,100.0
0.0,0.0
0.0,0.0
0.0,0.0
0.0,0.0
0.0,0.0
0.0,0.0
0.0,0.0
0.0,0.0
0.0,0.0
0.0,0.0
0.0,0.0
0.0,0.0
100.0,0.0
100.0,0.0
100.0,100.0
100.0,100.0
100.0,100.0
100.005,100.0
100.005,100.0
100.005,100.0
100.005,100.0
100.005,100.0
100.005,100.0
100.005,100.0
100.005,100.0
100.005,100.0
0.005,100.0
0.005,100.0
0.005,0.0
0.005,0.0
0.005,0.0
0.0,0.0
0.0,0.0
0.0,0.0
0.0,0.0
0.0,0.0
0.0,0.0
0.0,0.0
0.0,0.0
0.0,0.0
0.0,0.0
0.0,0.0
0.0,0.0
100.0,0.0
100.0,0.0
100.0,100.0
100.0,100.0
100.005,100.0
100.005,100.0
100.005,100.0
100.005,100.0
100.005,100.0
100.005,100.0
100.005,100.0
100.005,100.0
100.005,100.0
100.005,100.0
0.005,100.0
0.005,100.0
0.005,0.0
0.005,0.0
0.0,0.0
0.0,0.0
0.0,0.0
0.0,0.0
0.0,0.0
0.0,0.0
0.0,0.0
0.0,0.0
0.0,0.0
0.0,0.0
0.0,0.0
0.0,0.0
0.0,0.0
100.0,0.0
100.0,100.0
100.0,100.0
100.0,100.0
100.00571428571428,100.0
100.00571428571428,100.0
100.00571428571428,100.0
100.00571428571428,100.0
100.00571428571428,100.0
100.00571428571428,100.0
100.00571428571428,100.0
100.00571428571428,100.0
100.00571428571428,100.0
100.00571428571428,100.0
0.005714285714285714,100.0
0.005714285714285714,0.0
0.005714285714285714,0.0
0.005714285714285714,0.0
0.0,0.0
0.0,0.0
0.0,0.0
0.0,0.0
0.0,0.0
0.0,0.0
0.0,0.0
0.0,0.0
0.0,0.0
0.0,0.0
0.0,0.0
0.0,0.0
0.0,0.0
0.0,0.0
100.0,100.0
100.0,100.0
100.0,100.0
