transact_c,transact_d
0.0,0.0
0.0,0.0
0.0,0.0
100.0,0.0
100.0,0.0
100.0,0.0
100.0,0.0
100.0,0.0
100.0,0.0
100.0,0.0
100.0,0.0
100.0,0.0
100.0,0.0
100.0,0.0
100.0,0.0
100.0,0.0
100.0,0.0
100.0,0.0
100.0,0.0
100.0,0.0
100.0,0.0
100.0,0.0
100.0,0.0
100.0,0.0
0.0,0.0
0.0,0.0
0.0,0.0
0.0,0.0
0.0,0.0
0.0,0.0
0.0,0.0
0.0,0.0
0.0,0.0
0.0,0.0
0.0,0.0
0.0,0.0
0.0,0.0
100.0,0.0
100.0,0.0
100.0,0.0
100.0,0.0
100.0,0.0
100.0,0.0
100.0,0.0
100.0,0.0
100.0,0.0
100.0,0.0
100.0,0.0
100.0,0.0
100.0,0.0
200.0,0.0
200.0,0.0
200.0,0.0
200.0,0.0
200.0,0.0
200.0,0.0
200.0,0.0
200.0,0.0
100.0,0.0
100.0,0.0
100.0,0.0
200.0,0.0
200.0,0.0
200.0,0.0
200.0,0.0
200.0,0.0
200.0,0.0
200.0,0.0
200.0,0.0
200.0,0.0
200.0,0.0
100.0,0.0
100.0,0.0
100.0,0.0
100.0,0.0
100.0,0.0
100.0,0.0
100.0,0.0
100.0,0.0
100.0,0.0
100.0,0.0
100.0,0.0
0.0,0.0
0.0,0.0
0.0,0.0
0.0,0.0
0.0,0.0
0.0,0.0
0.0,0.0
0.0,0.0
0.0,0.0
0.0,0.0
100.0,0.0
100.0,0.0
100.0,0.0
100.0,0.0
100.0,0.0
100.0,0.0
100.0,0.0
100.0,0.0
100.0,82.61904761904762
100.0,164.04761904761904
100.0,245.47619047619048
100.0,326.9047619047619
100.0,408.3333333333333
100.0,489.76190476190476
100.0,571.1904761904761
100.0,682.0171428571429
100.0,763.4457142857143
100.0,844.8742857142857
100.0,926.3028571428572
100.0,1007.7314285714286
100.0,1007.7314285714286
0.0,1007.7314285714286
0.0,1007.7314285714286
0.0,1007.7314285714286
0.0,1007.7314285714286
0.0,1007.7314285714286
0.0,1007.7314285714286
0.0,1007.7314285714286
0.0,1007.7314285714286
0.0,925.1123809523809
0.0,843.6838095238096
100.0,762.2552380952382
100.0,680.8266666666667
100.0,599.3980952380953
100.0,517.9695238095238
100.0,436.54095238095243
100.0,325.7142857142857
100.0,244.28571428571428
100.0,162.85714285714286
100.0,81.42857142857143
100.0,0.0
100.0,0.0
100.0,0.0
100.0,0.0
100.0,0.0
100.0,0.0
100.0,0.0
100.0,0.0
100.0,0.0
100.0,0.0
100.0,0.0
100.0,0.0
0.0,0.0
0.0,0.0
0.0,0.0
0.0,0.0
0.0,0.0
0.0,0.0
0.0,0.0
0.0,0.0
0.0,0.0
100.0,0.0
100.0,0.0
100.0,0.0
100.0,0.0
100.0,0.0
100.0,0.0
100.0,0.0
100.0,0.0
