transact_c,transact_d
0.0,336.0
0.0,336.0
0.0,336.0
0.0,168.0
0.0,168.0
0.0,168.0
0.0,168.0
0.0,168.0
0.0,168.0
0.0,189.01857142857142
0.0,189.01857142857142
0.0,21.018571428571427
0.0,189.01857142857142
0.0,189.01857142857142
0.0,189.01857142857142
0.0,189.01857142857142
0.0,189.01857142857142
0.0,189.01857142857142
0.0,189.01857142857142
0.0,189.01857142857142
0.0,189.01857142857142
0.0,189.01857142857142
0.0,189.01857142857142
0.0,189.01857142857142
0.0,189.01857142857142
0.0,189.01857142857142
0.0,189.01857142857142
0.0,189.01857142857142
0.0,189.01857142857142
0.0,189.01857142857142
0.0,168.0
0.0,168.0
0.0,168.0
0.0,0.0
0.0,0.0
0.0,0.0
0.0,0.0
0.0,0.0
0.0,0.0
0.0,0.0
0.0,0.0
0.0,0.0
0.0,0.0
0.0,0.0
0.0,0.0
0.0,0.0
0.0,0.0
0.0,0.0
0.0,0.0
0.0,0.0
0.0,0.0
0.0,0.0
0.0,0.0
0.0,0.0
0.0,0.0
0.0,0.0
0.0,0.0
0.0,0.0
0.0,0.0
0.0,0.0
0.0,0.0
0.0,0.0
0.0,0.0
0.0,0.0
0.0,0.0
0.0,0.0
0.0,0.0
0.0,0.0
0.0,168.0
0.0,168.0
0.0,168.0
0.0,168.0
0.0,168.0
0.0,168.0
0.0,168.0
168.0,168.0
168.0,168.0
168.0,168.0
168.0,168.0
168.0,168.0
168.0,168.0
168.0,168.0
168.0,168.0
168.0,168.0
168.0,168.0
168.0,168.0
168.0,168.0
168.0,168.0
168.0,168.0
168.0,0.0
168.0,0.0
168.0,0.0
168.0,0.0
168.0,0.0
168.0,0.0
168.0,0.0
0.0,0.0
0.0,0.0
0.0,0.0
0.0,168.0
0.0,168.0
0.0,168.0
0.0,168.0
0.0,168.0
0.0,168.0
0.0,168.0
0.0,168.0
0.0,168.0
0.0,168.0
0.0,168.0
0.0,168.0
0.0,168.0
0.0,168.0
0.0,168.0
0.0,168.0
0.0,168.0
0.0,168.0
0.0,168.0
0.0,168.0
0.0,168.0
0.0,0.0
0.0,0.0
0.0,0.0
0.0,0.0
0.0,0.0
0.0,0.0
0.0,0.0
0.0,0.0
0.0,0.0
0.0,0.0
0.0,168.0
0.0,168.0
0.0,168.0
0.0,168.0
0.0,168.0
0.0,168.0
0.0,168.0
0.0,168.0
0.0,168.0
0.0,168.0
0.0,168.0
0.0,168.0
0.0,168.0
0.0,168.0
0.0,168.0
0.0,168.0
0.0,168.0
0.0,168.0
0.0,168.0
0.0,168.0
0.0,168.0
0.0,0.0
0.0,0.0
0.0,0.0
0.0,0.0
0.0,0.0
0.0,2.380952380952381
0.0,2.380952380952381
0.0,2.380952380952381
0.0,2.380952380952381
0.0,2.380952380952381
