transact_c,transact_d
0.017857142857142856,0.0
0.017857142857142856,0.0
0.017857142857142856,0.0
0.017857142857142856,0.0
0.017857142857142856,0.0
0.017857142857142856,0.0
0.017857142857142856,0.0
0.017857142857142856,0.0
0.017857142857142856,0.0
0.0,0.0
0.0,0.0
0.0,0.0
0.0,0.0
0.0,0.0
0.0,0.0
0.0,0.0
0.0,0.0
0.0,0.0
0.0,0.0
0.0,0.0
0.0,0.0
0.0,0.0
0.0,0.0
0.0,0.0
0.0,0.0
0.0,0.0
0.0,0.0
0.0,0.0
0.0,0.0
0.0,0.0
0.0,0.0
0.0,0.0
0.0,0.0
0.0,0.0
0.0,0.0
0.0,0.0
0.0,0.0
0.0,0.0
0.0,0.0
0.0,0.0
0.0,0.0
0.0,0.0
0.0,0.0
0.0,0.0
0.0,0.0
0.0,0.0
0.0,0.0
0.0,0.0
0.0,0.0
0.0,0.0
0.0,0.0
0.0,0.0
0.0,0.0
0.0,0.0
0.0,0.0
0.0,0.0
0.0,0.0
0.0,2.5
0.0,2.5
0.0,2.5
0.0,2.5
0.0,2.5
0.0,2.5
0.0,2.5
0.0,2.5
0.0,2.5
0.0,2.5
0.0,2.5
0.0,2.5
0.0,2.5
0.0,2.5
0.0,2.5
0.0,2.5
0.0,2.5
0.0,2.5
0.0,2.5
0.0,2.5
0.0,2.5
0.0,2.5
0.0,2.5
0.0,2.5
0.0,2.5
0.0,2.5
0.0,2.5
0.0,2.5
0.0,0.0
0.0,0.0
0.0,0.0
0.0,0.0
0.0,0.0
0.0,0.0
0.0,0.0
1.3917857142857142,0.0
1.3917857142857142,0.0
1.3917857142857142,0.0
1.3917857142857142,0.0
1.3917857142857142,0.0
1.3917857142857142,0.0
1.3917857142857142,0.0
1.3917857142857142,0.0
1.3917857142857142,0.0
1.3917857142857142,0.0
1.3917857142857142,0.0
1.3917857142857142,0.0
1.3917857142857142,0.0
1.3917857142857142,0.0
1.3917857142857142,0.0
1.3917857142857142,0.0
1.3917857142857142,0.0
1.3917857142857142,0.0
1.3917857142857142,0.0
1.3917857142857142,0.0
1.3917857142857142,0.0
1.3917857142857142,0.0
1.3917857142857142,0.0
1.3917857142857142,0.0
1.3917857142857142,0.0
1.3917857142857142,0.0
1.3917857142857142,0.0
1.3917857142857142,0.0
0.0,0.0
0.0,0.0
0.0,0.0
0.0,0.0
0.0,0.0
0.0,0.0
0.0,0.8928571428571429
0.0,0.8928571428571429
0.0,0.8928571428571429
0.0,0.8928571428571429
0.0,0.8928571428571429
0.0,0.8928571428571429
0.0,0.8928571428571429
0.0,0.8928571428571429
0.0,0.8928571428571429
0.0,0.8928571428571429
0.0,0.8928571428571429
0.0,0.8928571428571429
0.0,0.8928571428571429
0.0,0.8928571428571429
0.0,0.8928571428571429
0.0,0.8928571428571429
0.0,0.8928571428571429
0.0,0.8928571428571429
0.0,0.8928571428571429
0.0,0.8928571428571429
0.0,0.8928571428571429
0.0,0.8928571428571429
0.0,0.8928571428571429
0.0,0.8928571428571429
0.0,0.8928571428571429
0.0,0.8928571428571429
0.0,0.8928571428571429
0.0,0.8928571428571429
