transact_c,transact_d
17.857142857142858,0.0
17.857142857142858,0.0
17.857142857142858,0.0
17.857142857142858,0.0
17.857142857142858,0.0
17.857142857142858,0.0
0.0,0.0
0.0,0.0
0.0,0.0
0.0,0.0
0.0,0.0
0.0,0.0
0.0,0.0
0.0,0.0
0.0,0.0
0.0,0.0
0.0,0.0
0.0,0.0
0.0,0.0
0.0,0.0
0.0,0.0
0.0,0.0
0.0,0.0
0.0,0.0
0.0,0.0
0.0,0.0
0.0,0.0
0.0,0.0
0.0,0.0
0.0,0.0
0.0,0.0
0.0,0.0
0.0,0.0
0.0,0.0
0.0,0.0
0.0,0.0
0.0,0.0
0.0,0.0
0.0,0.0
0.0,0.0
0.0,0.0
17.857142857142858,0.0
17.857142857142858,0.0
35.714285714285715,0.0
35.714285714285715,0.0
35.714285714285715,0.0
35.714285714285715,0.0
35.714285714285715,0.0
107.14285714285714,0.0
107.14285714285714,0.0
107.14285714285714,0.0
107.14285714285714,0.0
107.14285714285714,0.0
107.14285714285714,0.0
107.14285714285714,0.0
107.14285714285714,0.0
107.14285714285714,0.0
107.14285714285714,0.0
107.14285714285714,0.0
107.14285714285714,0.0
107.14285714285714,0.0
107.14285714285714,0.0
107.14285714285714,0.0
107.14285714285714,0.0
107.14285714285714,0.0
107.14285714285714,0.0
107.14285714285714,0.0
107.14285714285714,0.0
107.14285714285714,0.0
89.28571428571429,0.0
89.28571428571429,0.0
71.42857142857143,0.0
71.42857142857143,0.0
71.42857142857143,0.0
71.42857142857143,0.0
71.42857142857143,0.0
0.0,0.0
0.0,0.0
0.0,0.0
0.0,0.0
0.0,0.0
0.0,0.0
0.0,0.0
25.0,0.0
25.0,0.0
25.0,0.0
25.0,0.0
25.0,0.0
25.0,0.0
25.0,0.0
25.0,0.0
25.0,0.0
25.0,0.0
25.0,0.0
25.0,0.0
25.0,0.0
25.0,0.0
25.0,0.0
25.0,0.0
25.0,0.0
25.0,0.0
25.0,0.0
25.0,0.0
25.0,0.35714285714285715
25.0,0.35714285714285715
25.0,0.35714285714285715
25.0,0.35714285714285715
25.0,0.35714285714285715
25.0,0.35714285714285715
25.0,0.35714285714285715
25.0,0.35714285714285715
0.0,0.35714285714285715
0.0,0.35714285714285715
0.0,0.35714285714285715
0.0,0.35714285714285715
0.0,0.35714285714285715
0.0,0.35714285714285715
0.0,0.35714285714285715
0.0,0.35714285714285715
0.0,0.35714285714285715
0.0,0.35714285714285715
0.0,0.35714285714285715
0.0,0.35714285714285715
0.0,0.35714285714285715
0.0,0.35714285714285715
0.0,0.35714285714285715
0.0,0.35714285714285715
0.0,0.35714285714285715
0.0,0.35714285714285715
0.0,0.35714285714285715
0.0,0.35714285714285715
0.0,0.0
0.0,0.0
0.0,0.0
0.0,0.0
0.0,0.0
0.0,0.0
0.0,0.0
0.0,0.0
0.0,0.0
0.0,0.0
0.0,0.0
0.0,0.0
0.0,0.0
0.0,0.0
0.0,0.0
0.0,0.0
0.0,0.0
0.0,0.0
0.0,0.0
17.857142857142858,0.0
17.857142857142858,0.0
17.857142857142858,0.0
17.857142857142858,0.0
