transact_c,transact_d
0.0,9.0
74.35428571428572,18.0
74.35428571428572,18.892857142857142
74.35428571428572,9.892857142857142
74.35428571428572,9.892857142857142
74.35428571428572,9.892857142857142
74.35428571428572,9.892857142857142
74.35428571428572,9.892857142857142
74.35428571428572,9.892857142857142
74.35428571428572,9.892857142857142
74.35428571428572,9.892857142857142
74.35428571428572,9.892857142857142
74.35428571428572,9.892857142857142
74.35428571428572,9.892857142857142
74.35428571428572,9.892857142857142
74.35428571428572,9.892857142857142
74.35428571428572,9.892857142857142
74.35428571428572,9.892857142857142
74.35428571428572,9.892857142857142
74.35428571428572,9.892857142857142
74.35428571428572,9.892857142857142
74.35428571428572,9.892857142857142
74.35428571428572,9.892857142857142
74.35428571428572,9.892857142857142
74.35428571428572,9.892857142857142
74.35428571428572,9.892857142857142
74.35428571428572,9.892857142857142
81.49714285714286,9.892857142857142
101.20857142857143,9.892857142857142
26.854285714285712,0.8928571428571429
26.854285714285712,0.0
26.854285714285712,0.0
26.854285714285712,0.0
26.854285714285712,0.0
26.854285714285712,0.0
26.854285714285712,0.0
26.854285714285712,0.0
26.854285714285712,0.0
26.854285714285712,0.0
26.854285714285712,0.0
26.854285714285712,0.0
26.854285714285712,0.0
26.854285714285712,0.0
26.854285714285712,0.0
26.854285714285712,0.0
26.854285714285712,0.0
26.854285714285712,0.0
26.854285714285712,0.0
26.854285714285712,0.0
26.854285714285712,0.0
26.854285714285712,0.0
26.854285714285712,0.0
26.854285714285712,0.0
26.854285714285712,0.0
26.854285714285712,0.0
19.71142857142857,0.0
0.0,0.0
0.0,0.0
0.0,0.0
0.0,0.0
0.0,9.0
0.0,9.0
0.0,9.0
0.0,9.0
0.0,9.0
0.0,9.0
0.0,9.0
0.0,9.0
0.0,9.0
0.0,9.0
0.0,9.0
0.0,9.0
0.0,9.0
0.0,9.0
0.0,9.0
0.0,9.0
0.0,9.0
0.0,9.0
0.0,9.0
0.0,9.0
0.0,9.0
0.0,9.0
0.0,9.0
0.0,9.0
0.0,9.0
0.0,9.0
0.0,9.0
0.0,9.0
0.0,0.0
0.0,0.0
0.0,0.0
0.0,0.0
0.0,0.0
0.0,0.0
0.0,0.0
0.0,0.0
0.0,0.0
0.0,0.0
0.0,0.0
0.0,0.0
0.0,0.0
0.0,0.0
0.0,0.0
0.0,0.0
0.0,0.0
0.0,0.0
0.0,0.0
0.0,0.0
0.0,0.0
0.0,0.0
0.0,0.0
0.0,0.0
0.0,0.0
0.0,0.0
0.0,0.0
0.0,0.0
0.0,0.0
0.0,0.0
0.0,0.0
0.0,0.0
0.0,0.0
0.0,0.0
0.0,0.0
0.0,0.0
0.0,0.0
0.0,0.0
0.0,0.0
0.0,0.0
0.0,0.0
0.0,0.0
0.0,0.0
0.0,0.0
0.0,0.0
0.0,0.0
0.0,0.0
0.0,0.0
0.0,0.0
0.0,0.0
0.0,0.0
0.0,0.0
0.0,0.0
0.0,0.0
0.0,0.0
0.0,0.0
0.0,0.0
0.0,0.0
0.0,0.0
0.0,0.0
0.0,0.0
0.0,0.0
0.0,0.0
0.0,0.0
0.0,0.0
0.0,0.0
