transact_c,transact_d
0.0,0.0
0.0,0.0
0.0,0.0
0.0,0.0
0.0,0.0
0.0,0.0
0.0,0.0
0.0,0.0
0.0,0.0
0.0,0.0
0.0,0.0
0.0,0.0
0.0,0.0
0.0,0.0
0.0,0.0
0.0,0.0
0.0,0.0
0.0,0.0
0.0,0.0
0.0,0.0
0.0,0.0
0.0,0.0
0.0,0.0
0.0,0.0
0.0,0.0
0.0,0.0
0.0,0.0
0.0,0.0
0.0,0.0
0.0,0.0
0.0,0.0
0.0,0.0
0.0,0.0
0.0,0.0
0.0,0.0
0.0,0.0
0.0,0.0
0.0,0.0
0.0,0.0
0.0,0.0
0.0,0.0
0.0,0.0
0.0,0.0
0.0,0.0
0.0,0.0
0.0,0.0
0.0,0.0
0.0,0.0
0.0,0.0
0.0,0.0
0.0,0.0
0.0,0.0
0.0,0.0
0.0,0.0
0.0,0.0
0.0,0.0
0.0,0.0
0.0,0.0
0.0,0.0
0.0,0.0
0.0,0.0
0.0,0.0
0.0,0.0
0.0,0.0
0.0,0.0
0.0,0.0
0.0,0.0
0.0,0.0
0.0,0.0
0.0,0.0
0.0,0.0
0.0,0.0
0.0,0.0
0.0,0.0
0.0,0.0
0.0,0.0
0.0,0.0
0.0,0.0
0.0,0.0
0.0,0.0
0.0,0.0
0.0,1.7857142857142858
0.0,1.7857142857142858
0.0,1.7857142857142858
0.0,1.7857142857142858
0.0,1.7857142857142858
0.0,1.7857142857142858
0.0,1.7857142857142858
0.0,1.7857142857142858
0.0,1.7857142857142858
0.0,1.7857142857142858
0.0,1.7857142857142858
0.0,1.7857142857142858
0.0,1.7857142857142858
0.0,1.7857142857142858
0.0,1.7857142857142858
0.0,1.7857142857142858
0.0,1.7857142857142858
0.0,2.142857142857143
0.0,2.142857142857143
0.0,2.142857142857143
0.0,2.142857142857143
0.0,2.142857142857143
0.0,2.142857142857143
0.0,2.142857142857143
0.0,2.142857142857143
0.0,2.142857142857143
0.0,2.142857142857143
0.0,2.142857142857143
0.0,0.35714285714285715
0.0,0.35714285714285715
0.0,0.35714285714285715
0.0,0.35714285714285715
0.0,0.35714285714285715
0.0,0.35714285714285715
0.0,0.35714285714285715
0.0,0.35714285714285715
0.0,0.35714285714285715
0.0,0.35714285714285715
0.0,0.35714285714285715
0.0,0.35714285714285715
0.0,0.35714285714285715
0.0,0.35714285714285715
0.0,0.35714285714285715
0.0,0.35714285714285715
0.0,0.35714285714285715
0.0,0.0
0.0,0.0
0.0,7.071428571428571
10.107142857142858,7.071428571428571
10.107142857142858,7.071428571428571
10.107142857142858,7.071428571428571
10.107142857142858,7.071428571428571
10.107142857142858,7.071428571428571
10.107142857142858,7.071428571428571
10.107142857142858,7.071428571428571
10.107142857142858,7.071428571428571
10.107142857142858,7.071428571428571
10.107142857142858,7.071428571428571
11.0,7.071428571428571
11.0,7.071428571428571
11.0,7.071428571428571
11.0,7.071428571428571
11.0,7.071428571428571
11.0,7.071428571428571
11.0,7.071428571428571
11.0,7.071428571428571
11.0,7.071428571428571
11.0,7.071428571428571
11.0,7.071428571428571
11.0,7.071428571428571
11.0,7.071428571428571
11.0,7.071428571428571
11.0,7.071428571428571
