transact_c,transact_d
0.0,0.8928571428571429
0.0,0.8928571428571429
0.0,0.8928571428571429
0.0,0.8928571428571429
0.0,0.8928571428571429
0.0,0.8928571428571429
0.0,0.8928571428571429
0.0,0.8928571428571429
0.0,0.8928571428571429
0.0,0.8928571428571429
0.0,0.8928571428571429
0.0,0.8928571428571429
0.0,0.8928571428571429
0.0,0.8928571428571429
0.0,0.8928571428571429
0.0,0.8928571428571429
0.0,0.8928571428571429
0.0,0.0
0.0,0.0
0.0,0.0
0.0,0.0
0.0,0.0
0.0,0.0
0.0,0.0
0.0,0.0
0.0,0.0
0.0,0.0
0.0,0.0
0.0,0.0
0.0,0.0
0.0,0.0
0.0,0.0
0.0,0.0
0.0,0.0
0.0,0.0
0.0,0.0
0.0,0.0
0.0,0.0
0.0,0.0
0.0,0.0
0.0,0.0
0.0,0.0
0.0,0.0
0.0,0.0
0.0,0.0
0.0,0.0
0.0,0.0
0.0,0.0
0.0,0.0
0.0,0.0
0.0,0.0
0.0,0.0
0.0,0.0
0.0,0.0
0.0,0.0
0.0,0.0
0.0,0.0
0.0,0.0
0.0,0.0
0.0,0.0
0.0,0.0
0.0,0.0
0.0,0.0
0.0,0.0
0.0,0.0
0.8928571428571429,0.0
0.8928571428571429,0.0
0.8928571428571429,0.0
0.8928571428571429,0.0
0.8928571428571429,0.0
0.8928571428571429,0.0
0.8928571428571429,0.0
0.8928571428571429,0.0
0.8928571428571429,0.0
0.8928571428571429,0.0
0.8928571428571429,0.0
0.8928571428571429,0.0
0.8928571428571429,0.0
0.8928571428571429,0.0
0.8928571428571429,0.0
0.8928571428571429,0.0
0.8928571428571429,0.0
0.8928571428571429,0.0
0.8928571428571429,0.0
0.8928571428571429,0.0
0.8928571428571429,0.0
0.8928571428571429,0.0
0.8928571428571429,0.0
0.8928571428571429,0.0
0.8928571428571429,0.0
0.8928571428571429,0.0
0.8928571428571429,0.0
0.8928571428571429,0.0
2.5,0.4178571428571428
2.5,0.4178571428571428
2.5,0.4178571428571428
2.5,0.4178571428571428
2.5,0.4178571428571428
2.5,0.4178571428571428
2.5,0.4178571428571428
2.5,0.4178571428571428
2.5,0.4178571428571428
2.5,0.4178571428571428
2.5,0.4178571428571428
2.5,0.4178571428571428
2.5,0.4178571428571428
2.5,0.4178571428571428
2.5,0.4178571428571428
2.5,0.4178571428571428
2.5,0.4178571428571428
2.5,0.4178571428571428
2.5,0.4178571428571428
2.5,0.4178571428571428
2.5,0.4178571428571428
2.5,0.4178571428571428
2.5,0.4178571428571428
2.5,0.4178571428571428
2.5,0.4178571428571428
2.5,0.4178571428571428
2.5,0.4178571428571428
2.5,0.4178571428571428
0.0,0.0
0.0,0.0
0.0,0.0
0.0,0.0
0.0,0.0
0.0,0.0
0.0,0.0
0.0,0.0
0.0,0.0
0.0,0.0
0.0,0.0
0.0,0.0
0.0,0.0
0.0,0.0
0.0,0.0
0.0,0.0
0.0,0.0
0.0,0.0
0.0,0.0
0.0,0.0
0.0,0.0
0.0,0.0
0.0,0.0
0.0,0.0
0.0,0.0
0.0,0.0
0.0,0.0
0.0,0.0
0.0,0.0
0.0,0.0
0.0,0.0
0.0,0.0
0.0,0.0
