transact_c,transact_d
0.0,1.7857142857142858
0.0,1.7857142857142858
0.0,1.7857142857142858
0.0,1.7857142857142858
0.0,1.7857142857142858
0.0,1.7857142857142858
0.0,1.7857142857142858
0.0,1.7857142857142858
0.0,1.7857142857142858
0.0,1.7857142857142858
0.0,1.7857142857142858
0.0,1.7857142857142858
0.0,1.7857142857142858
0.0,1.7857142857142858
0.0,1.7857142857142858
0.0,1.7857142857142858
0.0,1.7857142857142858
0.0,1.7857142857142858
0.0,6.785714285714286
5.0,5.0
5.0,5.0
5.0,5.0
5.0,5.0
5.0,5.0
5.0,5.0
5.0,5.0
5.0,5.0
5.0,5.0
5.0,5.0
5.0,5.0
5.0,5.0
5.0,5.0
5.0,5.0
5.0,5.0
5.0,5.0
5.0,5.0
5.0,5.0
5.0,5.0
5.0,5.0
5.0,5.0
5.0,5.0
5.0,5.0
5.0,5.0
5.0,5.0
5.0,5.0
5.128571428571428,5.0
5.128571428571428,0.0
64.28571428571429,0.0
64.28571428571429,0.0
64.28571428571429,0.0
64.28571428571429,0.0
64.28571428571429,0.0
64.28571428571429,0.0
64.28571428571429,0.0
64.28571428571429,0.0
64.28571428571429,0.0
64.28571428571429,0.0
64.28571428571429,0.0
64.28571428571429,0.0
64.28571428571429,0.0
64.28571428571429,0.0
64.28571428571429,0.0
64.28571428571429,0.0
64.28571428571429,0.0
64.28571428571429,0.0
64.28571428571429,0.0
64.28571428571429,0.0
64.28571428571429,0.0
64.28571428571429,0.0
64.28571428571429,0.0
64.28571428571429,0.0
64.28571428571429,0.0
64.28571428571429,0.0
64.15714285714286,0.0
64.15714285714286,0.0
0.0,0.0
0.0,0.0
0.0,0.0
0.0,0.0
0.0,0.0
0.0,0.0
0.0,0.0
0.0,0.0
0.0,0.0
0.0,0.0
0.0,0.0
0.0,0.0
0.0,0.0
0.0,0.0
0.0,0.0
0.0,0.0
0.0,0.0
0.0,0.0
0.0,0.0
0.0,0.0
0.0,0.0
0.0,0.0
0.0,0.0
0.0,0.0
0.0,0.0
0.0,0.0
0.0,0.0
0.0,0.0
0.0,0.0
0.0,0.0
0.0,0.0
0.0,0.0
0.0,0.0
0.0,0.0
0.0,0.0
0.0,0.0
0.0,0.0
0.0,0.0
0.0,0.0
0.0,0.0
0.0,0.0
0.0,0.0
0.0,0.0
0.0,0.0
0.0,0.0
0.0,0.0
0.0,0.0
0.0,0.0
0.0,0.0
0.0,0.0
0.0,0.0
0.0,0.0
0.0,0.0
0.0,0.0
0.0,0.0
0.0,0.0
0.0,0.0
0.0,0.0
0.0,0.0
0.0,0.0
0.0,0.0
0.0,0.0
0.0,0.0
0.0,0.0
0.0,0.0
0.0,0.0
0.0,0.0
0.0,0.0
0.0,0.0
0.0,0.0
0.0,0.0
0.0,0.0
0.0,0.0
0.0,0.0
0.0,0.0
0.0,0.0
0.0,0.0
0.0,0.0
0.0,0.0
