transact_c,transact_d
0.012499999999999999,0.0
0.012499999999999999,0.0
0.012499999999999999,0.0
0.012499999999999999,0.0
0.012499999999999999,0.0
0.012499999999999999,0.0
0.012499999999999999,0.0
0.012499999999999999,0.0
0.012499999999999999,0.0
0.012499999999999999,0.0
0.012499999999999999,0.0
0.012499999999999999,0.0
0.012499999999999999,0.0
0.012499999999999999,0.0
0.0,0.0
0.0,0.0
0.0,0.0
0.02107142857142857,0.0
17.878214285714286,0.0
17.878214285714286,0.0
17.878214285714286,0.0
17.878214285714286,0.0
17.878214285714286,0.0
17.878214285714286,0.0
17.878214285714286,0.0
17.878214285714286,0.0
17.878214285714286,0.0
17.878214285714286,0.0
17.878214285714286,0.0
17.878214285714286,0.0
17.878214285714286,0.0
17.878214285714286,0.0
17.878214285714286,0.0
17.878214285714286,0.0
17.878214285714286,0.0
17.878214285714286,0.0
17.878214285714286,0.0
17.878214285714286,0.0
17.878214285714286,0.0
17.878214285714286,0.0
17.878214285714286,0.0
17.878214285714286,0.0
17.878214285714286,0.0
17.878214285714286,0.0
17.878214285714286,0.0
17.857142857142858,0.0
0.0,0.0
0.0,0.0
0.0,0.0
0.0,0.0
0.0,0.0
0.0,0.0
0.0,0.0
0.0,0.0
0.0,0.0
0.0,0.0
0.0,0.0
0.0,0.0
0.0,0.0
0.0,0.0
0.0,0.0
0.0,0.0
0.0,0.0
0.0,0.0
0.0,0.0
0.0,0.0
0.0,0.0
0.0,0.0
0.0,0.0
0.0,0.0
0.0,0.0
0.0,0.0
0.0,0.0
0.0,0.0
0.0,0.0
0.0,0.0
0.0,0.0
0.0,0.0
10.714285714285714,0.0
10.714285714285714,0.0
10.714285714285714,0.0
10.714285714285714,0.0
10.714285714285714,0.0
10.714285714285714,0.0
10.714285714285714,0.0
10.714285714285714,0.0
10.714285714285714,0.0
10.714285714285714,0.0
10.714285714285714,0.0
10.714285714285714,0.0
10.714285714285714,0.0
10.714285714285714,0.0
10.714285714285714,0.0
10.714285714285714,0.0
10.714285714285714,0.0
10.714285714285714,0.0
10.714285714285714,0.0
10.714285714285714,0.0
10.714285714285714,0.0
10.714285714285714,0.0
10.714285714285714,0.0
10.714285714285714,0.0
10.714285714285714,0.0
10.714285714285714,0.0
10.714285714285714,0.0
10.714285714285714,0.0
0.0,0.0
0.0,0.0
0.0,0.0
0.0,0.0
0.0,0.0
0.0,0.0
0.0,0.0
0.0,0.0
0.0,0.0
0.0,0.0
0.0,0.0
0.0,0.0
0.0,0.0
0.0,0.0
0.0,0.0
0.0,0.0
0.0,0.0
0.0,0.0
0.0,0.0
0.0,0.0
0.0,0.0
0.0,0.0
0.0,0.0
0.0,0.0
0.0,0.0
0.0,0.0
0.0,0.0
0.0,0.0
0.0,0.0
0.0,0.0
0.0,0.0
0.0,0.0
2.5,2.5
2.5,2.5
2.5,2.5
2.5,2.5
2.5,2.5
2.5,2.5
2.5,2.5
11.892857142857142,2.5
11.892857142857142,2.5
11.892857142857142,2.5
11.892857142857142,2.5
11.892857142857142,2.5
11.892857142857142,2.5
11.892857142857142,2.5
11.892857142857142,2.5
11.892857142857142,2.5
