transact_c,transact_d
0.0,0.0
0.0,0.0
0.0,0.0
0.0,0.0
0.0,0.0
0.0,0.0
0.0,0.0
0.0,0.0
0.0,0.0
0.0,0.0
0.0,0.0
0.0,0.0
0.0,0.0
0.0,0.0
0.0,0.0
0.0,0.0
0.0,0.0
0.0,0.0
0.0,1.25
0.0,1.25
0.0,1.25
0.0,1.25
0.0,1.25
0.0,1.25
0.0,1.25
0.0,1.25
0.0,1.25
0.0,1.25
0.0,1.25
11.864642857142856,1.25
11.864642857142856,1.25
11.864642857142856,1.25
11.864642857142856,1.25
11.864642857142856,1.25
11.864642857142856,1.25
11.864642857142856,1.25
11.864642857142856,1.25
11.864642857142856,1.25
11.864642857142856,1.25
11.864642857142856,1.25
11.864642857142856,1.25
11.864642857142856,1.25
11.864642857142856,1.25
11.864642857142856,1.25
11.864642857142856,1.25
11.864642857142856,1.25
11.864642857142856,0.0
11.864642857142856,0.0
14.364642857142856,0.0
14.364642857142856,0.0
14.364642857142856,0.0
14.364642857142856,0.0
14.364642857142856,0.0
14.364642857142856,0.0
14.364642857142856,0.0
14.364642857142856,0.0
14.364642857142856,0.0
2.5,0.0
2.5,0.0
2.5,0.0
2.5,0.0
2.5,0.0
2.5,0.0
2.5,0.0
2.5,0.0
2.5,0.0
2.5,0.0
2.5,0.0
2.5,0.0
2.5,0.0
2.5,0.0
2.5,0.0
2.5,0.0
2.5,0.0
2.5,0.0
2.5,0.0
0.0,0.0
0.0,0.0
0.0,0.0
0.0,0.0
0.0,0.0
0.0,0.0
0.0,0.0
0.0,82.05
0.0,82.05
0.0,82.05
0.0,82.05
0.0,82.05
0.0,82.05
0.0,82.05
0.0,82.05
0.0,82.05
0.0,82.05
0.0,82.05
0.0,82.05
0.0,82.05
0.0,82.05
0.0,82.05
0.0,82.05
0.0,82.05
0.0,82.05
0.0,82.05
0.0,82.05
0.0,82.05
0.0,82.05
0.0,82.05
0.0,82.05
0.0,82.05
0.0,83.28750000000001
0.0,83.28750000000001
0.0,83.28750000000001
0.0,1.2375
0.0,1.2375
0.0,1.2375
0.0,1.2375
0.0,1.2375
0.0,1.2375
0.0,1.2375
0.0,1.2375
12.055357142857144,1.2375
12.055357142857144,1.2375
12.055357142857144,1.2375
12.055357142857144,1.2375
12.055357142857144,1.2375
12.055357142857144,1.2375
12.055357142857144,1.2375
12.055357142857144,1.2375
12.055357142857144,1.2375
12.055357142857144,1.2375
12.055357142857144,1.2375
12.055357142857144,1.2375
12.055357142857144,1.2375
12.055357142857144,1.2375
12.055357142857144,1.2375
12.055357142857144,1.2375
12.055357142857144,1.2375
12.055357142857144,0.0
12.055357142857144,0.0
12.055357142857144,0.0
12.055357142857144,0.0
12.055357142857144,0.0
12.055357142857144,0.8928571428571429
12.055357142857144,0.8928571428571429
12.055357142857144,0.8928571428571429
12.055357142857144,0.8928571428571429
12.055357142857144,8.035714285714286
12.055357142857144,8.035714285714286
0.0,8.035714285714286
0.0,8.035714285714286
0.0,8.035714285714286
0.0,8.035714285714286
0.0,8.035714285714286
0.0,8.035714285714286
0.0,8.035714285714286
