transact_c,transact_d
0.0,75.0
0.0,75.0
0.0,93.75
0.0,93.75
0.0,18.75
0.0,18.75
0.0,18.75
0.0,67.5
0.0,67.5
0.0,67.5
0.0,67.5
0.0,67.5
0.0,67.5
0.0,67.5
0.0,67.5
0.0,67.5
0.0,67.5
0.0,105.0
0.0,105.0
0.0,105.0
0.0,105.0
0.0,105.0
0.0,105.0
0.0,105.0
0.0,105.0
0.0,105.0
0.0,105.0
0.0,105.0
0.0,105.0
0.0,105.0
0.0,86.25
0.0,86.25
0.0,86.25
0.0,86.25
0.0,86.25
0.0,37.5
0.0,37.5
0.0,37.5
0.0,37.5
0.0,37.5
0.0,37.5
0.0,37.5
0.0,37.5
0.0,37.5
0.0,37.5
0.0,0.0
0.0,0.0
0.0,0.0
0.0,0.0
0.0,0.0
0.0,0.0
0.0,0.0
0.0,0.0
0.0,0.0
0.0,0.0
0.0,0.0
0.0,0.0
0.0,0.0
0.0,0.0
0.0,0.0
0.0,0.0
0.0,0.0
0.0,0.0
0.0,0.0
0.0,0.0
0.0,0.0
0.0,0.0
0.0,0.0
0.0,0.0
0.0,0.0
0.0,0.0
0.0,0.0
0.0,0.0
0.0,0.0
0.0,0.0
0.0,0.0
0.0,0.0
0.0,0.0
0.0,0.0
0.0,0.0
0.0,0.0
0.0,0.0
0.0,0.0
0.0,0.0
0.0,0.0
0.0,0.0
0.0,0.0
0.0,0.0
0.0,0.0
0.0,0.0
0.0,0.0
0.0,0.0
0.0,0.0
0.0,0.0
0.0,0.0
0.0,0.0
0.0,0.0
0.0,0.0
0.0,0.0
0.0,0.0
0.0,0.0
0.0,0.0
0.0,0.0
0.0,0.0
0.0,0.0
0.0,3.5714285714285716
0.0,3.5714285714285716
0.0,3.5714285714285716
0.0,3.5714285714285716
27.857142857142858,3.5714285714285716
27.857142857142858,3.5714285714285716
27.857142857142858,3.5714285714285716
27.857142857142858,3.5714285714285716
27.857142857142858,3.5714285714285716
27.857142857142858,3.5714285714285716
27.857142857142858,3.5714285714285716
27.857142857142858,3.5714285714285716
27.857142857142858,3.5714285714285716
27.857142857142858,3.5714285714285716
27.857142857142858,3.5714285714285716
27.857142857142858,3.5714285714285716
27.857142857142858,3.5714285714285716
27.857142857142858,3.5714285714285716
27.857142857142858,3.5714285714285716
27.857142857142858,3.5714285714285716
27.857142857142858,3.5714285714285716
27.857142857142858,3.5714285714285716
27.857142857142858,3.5714285714285716
27.857142857142858,3.5714285714285716
27.857142857142858,3.5714285714285716
27.857142857142858,3.5714285714285716
27.857142857142858,3.5714285714285716
27.857142857142858,3.5714285714285716
27.857142857142858,0.8928571428571429
27.857142857142858,0.8928571428571429
27.857142857142858,0.8928571428571429
27.857142857142858,0.8928571428571429
0.0,0.8928571428571429
0.0,0.8928571428571429
0.0,0.8928571428571429
0.0,0.8928571428571429
0.0,0.8928571428571429
0.0,0.8928571428571429
0.0,0.8928571428571429
0.0,0.8928571428571429
0.0,0.8928571428571429
0.0,0.8928571428571429
0.0,0.8928571428571429
0.0,0.8928571428571429
0.0,0.8928571428571429
0.0,0.8928571428571429
0.0,0.8928571428571429
0.0,0.8928571428571429
0.0,0.8928571428571429
