transact_c,transact_d
0.0,0.6825
0.0,0.6825
0.0,0.6825
0.0,0.6825
0.0,0.6825
0.0,0.6825
0.0,0.6825
0.0,0.6825
0.0,0.6825
0.0,0.6825
0.0,0.6825
0.0,0.6825
0.0,0.6825
0.0,0.6825
0.0,0.6825
0.0,0.0
0.0,0.0
0.0,0.0
0.0,0.6825
0.0,0.6825
0.0,0.6825
0.0,0.6825
0.0,0.6825
0.0,0.6825
2.625,0.6825
2.625,0.6825
2.625,0.6825
2.625,0.6825
2.625,0.6825
2.625,0.6825
2.625,0.6825
2.625,0.6825
2.625,0.6825
2.625,0.6825
2.625,0.6825
2.625,0.6825
2.625,0.6825
2.625,0.6825
2.625,0.6825
2.625,0.6825
2.625,0.6825
2.625,0.6825
2.625,0.6825
2.625,0.6825
2.625,0.6825
2.625,0.6825
2.625,0.0
2.625,0.0
2.625,0.0
2.625,0.6825
2.625,0.6825
2.625,0.6825
0.0,0.6825
0.0,0.6825
0.0,0.8867857142857142
0.0,0.8867857142857142
0.0,0.8867857142857142
0.0,0.8867857142857142
0.0,0.8867857142857142
0.0,0.8867857142857142
0.0,0.8867857142857142
0.0,0.8867857142857142
0.0,0.8867857142857142
0.0,0.8867857142857142
0.0,0.8867857142857142
0.0,0.8867857142857142
0.0,0.8867857142857142
0.0,0.8867857142857142
0.0,0.8867857142857142
0.0,0.8867857142857142
0.0,0.8867857142857142
0.0,0.8867857142857142
0.0,0.8867857142857142
0.0,0.8867857142857142
0.0,0.8867857142857142
0.0,0.8867857142857142
0.0,0.8867857142857142
0.0,0.40857142857142853
0.0,0.40857142857142853
0.0,0.40857142857142853
0.0,0.40857142857142853
0.0,0.40857142857142853
0.0,0.20428571428571426
0.0,0.20428571428571426
0.0,0.20428571428571426
0.0,0.20428571428571426
0.0,0.20428571428571426
0.0,0.20428571428571426
0.0,0.20428571428571426
0.0,0.20428571428571426
0.0,0.20428571428571426
0.0,0.20428571428571426
0.0,0.20428571428571426
0.0,0.20428571428571426
0.0,0.20428571428571426
0.0,0.20428571428571426
0.0,0.20428571428571426
0.0,0.20428571428571426
0.0,0.20428571428571426
0.0,0.20428571428571426
0.0,0.20428571428571426
0.0,0.20428571428571426
0.0,0.20428571428571426
0.0,0.20428571428571426
0.0,0.20428571428571426
0.0,0.0
0.0,0.0
0.0,0.0
0.0,0.0
0.0,0.0
0.0,0.0
0.0,0.0
0.0,0.0
0.0,0.0
0.0,0.0
0.0,0.0
0.0,0.0
0.0,0.0
0.0,0.0
0.0,0.0
0.0,0.0
0.0,0.0
0.0,0.0
0.0,0.0
0.0,0.0
0.0,0.0
0.0,0.0
0.0,0.0
0.0,0.0
0.0,0.0
0.0,0.0
0.0,0.0
0.0,0.0
0.0,0.0
0.0,0.0
0.0,0.0
0.0,0.0
0.0,0.0
0.0,0.0
0.0,0.0
0.0,0.0
0.0,0.0
0.0,0.0
0.0,0.0
0.0,0.0
0.0,0.0
0.0,0.0
0.0,0.0
0.0,0.0
0.0,0.0
0.0,0.0
0.0,0.0
0.0,0.0
0.0,0.0
