transact_c,transact_d
0.0,0.0
0.0,0.0
0.0,0.0
0.0,0.0
0.0,0.0
0.0,0.0
0.0,0.0
0.0,0.0
0.0,0.0
0.0,0.0
0.0,0.0
0.0,0.0
0.0,0.0
0.0,0.0
0.0,0.0
0.0,0.0
0.0,0.0
0.0,0.0
0.0,0.0
0.0,0.0
0.0,0.0
0.0,0.0
0.0,0.0
0.0,0.0
0.0,0.0
0.0,0.0
0.0,0.0
0.0,0.0
0.0,0.0
0.0,0.0
0.0,0.0
0.0,0.0
0.0,0.0
0.0,0.0
0.0,0.0
0.0,0.0
0.0,0.0
0.0,0.0
0.0,0.0
0.0,0.0
0.0,0.0
0.0,0.0
0.0,0.0
0.0,2.075
0.0,2.075
0.0,2.075
0.0,2.075
0.0,2.075
0.0,2.075
0.0,2.075
0.0,2.075
0.0,2.075
0.0,2.075
0.0,2.075
0.0,2.075
0.0,2.075
0.0,2.075
0.0,2.075
0.0,2.075
0.0,2.075
0.0,2.075
0.0,2.075
0.0,2.075
0.0,2.075
0.0,2.075
0.0,2.075
0.0,2.075
0.0,2.075
0.0,2.075
0.0,2.075
0.0,2.075
0.0,0.0
0.0,0.0
0.0,0.0
0.0,8.1625
0.0,8.1625
0.0,8.1625
0.0,8.1625
0.0,8.1625
0.0,8.1625
0.0,8.1625
0.0,8.1625
0.0,8.1625
0.0,8.1625
0.0,8.1625
0.0,8.1625
0.0,8.1625
0.0,8.1625
0.0,8.1625
0.0,8.1625
0.0,8.1625
0.0,8.1625
0.0,8.1625
0.0,8.1625
0.0,8.1625
0.0,8.1625
0.0,8.1625
0.0,8.1625
0.0,8.1625
0.0,8.1625
0.0,8.1625
0.0,8.1625
0.0,0.0
0.0,0.0
0.0,4.398214285714286
0.0,4.398214285714286
0.0,4.398214285714286
0.0,4.398214285714286
0.0,4.398214285714286
0.0,4.398214285714286
0.0,4.398214285714286
0.0,4.398214285714286
0.0,4.398214285714286
0.0,4.398214285714286
0.0,4.398214285714286
0.0,4.398214285714286
0.0,4.398214285714286
0.0,4.398214285714286
0.0,4.398214285714286
0.0,4.398214285714286
0.0,4.398214285714286
0.0,4.398214285714286
0.0,4.398214285714286
0.0,4.398214285714286
0.0,4.398214285714286
0.0,4.398214285714286
0.0,4.398214285714286
0.0,4.398214285714286
0.0,4.398214285714286
0.0,4.398214285714286
0.0,4.398214285714286
0.0,4.398214285714286
0.0,0.0
0.0,0.0
0.0,0.0
0.0,8.832142857142857
0.0,8.832142857142857
0.0,8.832142857142857
0.0,8.832142857142857
0.0,8.832142857142857
0.0,8.832142857142857
0.0,8.832142857142857
0.0,8.832142857142857
0.0,8.832142857142857
0.0,8.832142857142857
0.0,8.832142857142857
0.0,8.832142857142857
0.0,8.832142857142857
0.0,8.832142857142857
0.0,8.832142857142857
0.0,8.832142857142857
0.0,8.832142857142857
0.0,8.832142857142857
0.0,8.832142857142857
