transact_c,transact_d
22.593928571428574,0.0
11.99,0.0
11.99,0.0
11.99,0.0
11.99,0.0
11.99,0.0
11.99,0.0
11.99,0.0
11.99,0.0
11.99,0.0
11.99,0.0
11.99,0.0
11.99,0.0
11.99,0.0
11.99,0.0
11.99,0.0
11.99,0.0
11.99,0.0
11.99,0.0
11.99,0.0
11.99,0.0
11.99,0.0
11.99,0.0
11.99,0.0
11.99,0.0
11.99,0.0
11.99,0.0
0.0,0.0
0.0,0.0
0.0,0.0
0.0,0.0
0.0,0.0
0.0,0.0
0.0,0.0
0.0,0.0
0.0,0.0
0.0,0.0
0.0,0.0
0.0,0.0
0.0,0.0
0.0,0.0
0.0,0.0
0.0,0.0
0.0,0.0
0.0,0.0
0.0,0.0
0.0,0.0
0.0,0.0
0.0,0.0
0.0,0.0
0.0,0.0
0.0,0.0
0.0,0.0
0.0,0.0
0.0,0.0
0.0,0.0
0.0,0.0
0.0,0.0
0.0,0.0
0.0,0.0
10.1875,0.0
10.1875,0.0
10.1875,0.0
10.1875,0.0
10.1875,0.0
10.1875,0.0
10.1875,0.0
10.1875,0.0
10.1875,0.0
10.1875,0.0
10.1875,0.0
10.1875,0.0
10.1875,0.0
10.1875,0.0
10.1875,0.0
10.1875,0.0
10.1875,0.0
10.1875,0.0
10.1875,0.0
10.1875,0.0
10.1875,0.0
10.1875,0.0
10.1875,0.0
10.1875,0.0
10.1875,0.0
10.1875,0.0
10.1875,0.0
10.1875,0.0
0.0,0.0
0.0,0.0
9.442857142857141,0.0
9.442857142857141,0.0
9.442857142857141,0.0
9.442857142857141,0.0
9.442857142857141,0.0
9.442857142857141,0.0
9.442857142857141,0.0
9.442857142857141,0.0
9.442857142857141,0.0
9.442857142857141,0.0
9.442857142857141,0.0
9.442857142857141,0.0
9.442857142857141,0.0
9.442857142857141,0.0
9.442857142857141,0.0
9.442857142857141,0.0
9.442857142857141,0.0
9.442857142857141,0.0
9.442857142857141,0.0
9.442857142857141,0.0
9.442857142857141,0.0
9.442857142857141,0.0
9.442857142857141,0.0
9.442857142857141,0.0
9.442857142857141,0.0
9.442857142857141,0.0
9.442857142857141,0.0
9.442857142857141,0.0
0.0,0.0
0.0,0.0
0.0,0.0
0.0,0.0
8.678214285714287,0.0
8.678214285714287,0.0
8.678214285714287,0.0
8.678214285714287,0.0
8.678214285714287,0.0
8.678214285714287,0.0
8.678214285714287,0.0
8.678214285714287,0.0
8.678214285714287,0.0
8.678214285714287,0.0
8.678214285714287,0.0
8.678214285714287,0.0
8.678214285714287,0.0
8.678214285714287,0.0
8.678214285714287,0.0
8.678214285714287,0.0
8.678214285714287,0.0
8.678214285714287,0.0
8.678214285714287,0.0
8.678214285714287,0.0
8.678214285714287,0.0
8.678214285714287,0.0
8.678214285714287,0.0
8.678214285714287,0.0
8.678214285714287,0.0
8.678214285714287,0.0
8.678214285714287,0.0
8.678214285714287,0.0
0.0,0.0
0.0,0.0
8.350357142857144,0.0
8.350357142857144,0.0
