transact_c,transact_d
25.0,0.0
25.0,0.0
25.0,0.0
25.0,0.0
25.0,0.0
25.0,0.0
25.0,0.0
25.0,0.0
25.0,0.0
25.0,0.0
25.0,0.0
25.0,0.0
0.0,0.0
0.0,0.0
0.0,0.0
0.0,2.25
0.0,2.25
0.0,2.25
0.0,2.25
0.0,2.25
0.0,2.25
0.0,2.25
0.0,2.25
0.0,2.25
0.0,2.25
0.0,2.25
0.0,2.25
0.0,2.25
0.0,2.25
0.0,2.25
0.0,2.25
0.0,2.25
0.0,2.25
0.0,2.25
0.0,2.25
0.0,2.25
0.0,2.25
0.0,2.25
0.0,2.25
0.0,2.25
0.0,2.25
0.0,2.25
0.0,2.25
0.0,0.0
0.0,0.0
0.0,0.0
0.0,0.0
0.0,0.0
0.0,0.0
0.0,0.0
0.0,0.0
0.0,0.0
0.0,0.0
0.0,0.0
0.0,0.0
0.0,0.0
0.0,0.0
0.0,0.0
0.0,0.0
0.0,0.0
0.0,0.0
0.0,0.0
0.0,0.0
0.0,0.0
0.0,0.0
0.0,0.0
0.0,0.0
0.0,0.0
0.0,0.0
0.0,0.0
0.0,0.0
0.0,0.0
0.0,0.0
0.0,0.0
0.0,1.1428571428571428
0.0,1.1428571428571428
0.0,1.1428571428571428
0.0,1.1428571428571428
0.0,1.1428571428571428
0.0,1.1428571428571428
0.0,1.1428571428571428
0.0,1.1428571428571428
0.0,1.1428571428571428
0.0,1.1428571428571428
0.0,1.1428571428571428
0.0,1.1428571428571428
0.0,1.1428571428571428
0.0,1.1428571428571428
0.0,1.1428571428571428
0.0,1.1428571428571428
0.0,1.1428571428571428
0.0,1.1428571428571428
0.0,1.1428571428571428
0.0,1.1428571428571428
0.0,1.1428571428571428
0.0,1.1428571428571428
0.0,1.1428571428571428
0.0,1.1428571428571428
0.0,1.1428571428571428
0.0,1.1428571428571428
0.0,1.1428571428571428
0.0,1.1428571428571428
0.0,0.0
0.0,0.0
0.0,1.2146428571428571
0.0,1.2146428571428571
0.0,1.2146428571428571
0.0,1.2146428571428571
0.0,1.2146428571428571
0.0,1.2146428571428571
0.0,1.2146428571428571
0.0,1.2146428571428571
0.0,1.2146428571428571
0.0,1.2146428571428571
0.0,1.2146428571428571
0.0,1.2146428571428571
0.0,1.2146428571428571
0.0,1.2146428571428571
0.0,1.2146428571428571
0.0,1.2146428571428571
0.0,1.2146428571428571
0.0,1.2146428571428571
0.0,1.2146428571428571
0.0,1.2146428571428571
0.0,1.2146428571428571
0.0,1.2146428571428571
0.0,1.2146428571428571
0.0,1.2146428571428571
0.0,1.2146428571428571
0.0,1.2146428571428571
0.0,1.2146428571428571
0.0,1.2146428571428571
0.0,0.0
0.0,0.0
0.0,0.0
0.0,1.4642857142857142
0.0,1.4642857142857142
0.0,1.4642857142857142
0.0,1.4642857142857142
0.0,1.4642857142857142
0.0,1.4642857142857142
0.0,1.4642857142857142
0.0,1.4642857142857142
0.0,1.4642857142857142
0.0,1.4642857142857142
0.0,1.4642857142857142
0.0,1.4642857142857142
0.0,1.4642857142857142
0.0,1.4642857142857142
0.0,1.4642857142857142
0.0,1.4642857142857142
0.0,1.4642857142857142
0.0,1.4642857142857142
0.0,1.4642857142857142
