transact_c,transact_d
2.834285714285714,3.75
2.834285714285714,3.75
2.834285714285714,3.75
2.834285714285714,3.75
2.834285714285714,3.75
2.834285714285714,3.75
2.834285714285714,3.75
2.834285714285714,3.75
2.834285714285714,3.75
2.834285714285714,3.75
2.834285714285714,3.75
2.834285714285714,3.75
2.834285714285714,3.75
2.834285714285714,3.75
2.834285714285714,3.75
2.5,3.75
2.5,3.75
2.5,3.75
2.5,3.75
2.5,3.75
2.5,2.857142857142857
2.5,2.857142857142857
2.5,2.857142857142857
2.5,2.857142857142857
0.0,0.0
0.0,0.0
0.0,0.0
0.0,0.0
0.0,0.0
0.0,0.0
0.0,0.0
0.0,0.0
0.0,0.0
0.0,0.0
0.0,0.0
0.0,0.0
0.0,0.0
0.0,0.0
0.0,0.0
0.0,0.0
0.0,0.0
0.0,0.0
0.0,0.0
0.0,0.0
0.0,0.0
0.0,0.0
0.0,0.0
0.0,0.0
0.0,0.0
0.0,0.0
0.0,0.0
0.0,0.0
0.0,0.0
0.0,0.0
0.0,0.0
0.0,0.0
0.0,0.0
0.0,0.0
0.0,0.0
0.0,0.0
0.0,0.0
0.0,0.0
0.0,0.0
0.0,0.0
0.0,0.0
0.0,0.0
0.0,0.0
0.0,0.0
0.0,0.0
0.0,0.0
0.0,0.0
0.0,0.0
0.0,0.0
0.0,0.0
0.0,0.0
0.0,0.0
0.0,0.0
0.0,0.0
0.0,0.0
0.0,0.0
0.0,0.0
0.0,0.0
0.0,0.0
0.0,0.0
0.0,0.0
0.0,0.0
0.0,0.0
0.0,0.0
0.0,0.0
0.0,0.0
0.0,0.0
0.0,0.0
0.0,0.0
0.0,0.0
0.0,0.0
0.0,0.0
0.0,0.0
0.0,0.0
0.0,0.0
0.0,0.0
0.0,0.0
0.0,0.0
0.0,0.0
0.0,0.0
0.0,0.0
0.0,0.0
0.0,0.0
0.0,0.0
0.0,0.0
0.0,0.0
0.0,0.0
0.0,0.0
0.0,0.0
0.0,0.0
64.28571428571429,0.0
64.41428571428571,0.0
64.41428571428571,218.67499999999998
64.41428571428571,218.67499999999998
64.41428571428571,218.67499999999998
64.41428571428571,218.67499999999998
64.41428571428571,218.67499999999998
64.41428571428571,218.67499999999998
64.41428571428571,218.67499999999998
64.41428571428571,218.67499999999998
64.41428571428571,218.67499999999998
64.41428571428571,218.67499999999998
64.41428571428571,218.67499999999998
64.41428571428571,218.67499999999998
64.41428571428571,218.67499999999998
64.41428571428571,218.67499999999998
64.41428571428571,218.67499999999998
64.41428571428571,218.67499999999998
64.41428571428571,218.67499999999998
64.41428571428571,218.67499999999998
64.41428571428571,218.67499999999998
64.41428571428571,218.67499999999998
64.41428571428571,218.67499999999998
64.41428571428571,218.67499999999998
64.41428571428571,218.67499999999998
64.41428571428571,218.67499999999998
64.41428571428571,218.67499999999998
64.41428571428571,218.67499999999998
0.1285714285714286,218.67499999999998
0.0,218.67499999999998
0.0,0.0
0.0,0.0
0.0,0.0
0.0,0.0
0.0,0.0
0.0,0.0
0.0,0.0
0.0,0.0
0.0,0.0
0.0,0.0
