transact_c,transact_d
0.0,0.0
0.0,0.0
0.0,0.0
0.0,0.0
0.0,0.0
0.0,0.0
0.0,0.0
0.0,0.0
0.0,0.0
0.0,0.0
0.0,0.0
0.0,0.0
0.0,0.0
0.0,7.175
0.0,7.175
0.0,7.175
0.0,7.175
0.0,7.175
0.0,7.175
0.0,7.175
0.0,7.175
0.0,7.175
0.0,7.175
0.0,7.175
0.0,7.175
0.0,7.175
0.0,7.175
0.0,7.175
0.0,7.175
0.0,7.175
0.0,7.175
0.0,7.175
0.0,7.175
0.0,7.175
0.0,7.175
0.0,7.175
0.0,7.175
0.0,7.175
0.0,7.175
0.0,7.175
0.0,7.175
0.0,0.0
0.0,0.0
0.0,0.0
0.0,0.0
0.0,0.0
0.0,0.0
0.0,0.0
0.0,0.0
0.0,0.0
0.0,0.0
0.0,0.0
0.0,0.0
0.0,0.0
0.0,0.0
0.0,0.0
0.0,0.0
0.0,0.0
0.0,0.0
0.0,0.0
0.0,0.0
0.0,0.0
0.0,0.0
0.0,0.0
0.0,0.0
0.0,0.0
0.0,0.0
0.0,0.0
0.0,0.0
0.0,0.0
0.0,0.0
0.0,0.0
0.0,0.0
10.714285714285714,0.0
10.714285714285714,0.0
10.714285714285714,0.0
10.714285714285714,0.0
10.714285714285714,0.0
10.714285714285714,0.0
10.714285714285714,0.0
10.714285714285714,0.0
10.714285714285714,0.0
10.714285714285714,0.0
10.714285714285714,0.0
10.714285714285714,0.0
10.714285714285714,0.0
10.714285714285714,0.0
10.714285714285714,0.0
10.714285714285714,0.0
10.714285714285714,0.0
10.714285714285714,0.0
10.714285714285714,0.0
10.714285714285714,0.0
10.714285714285714,0.0
10.714285714285714,0.0
10.714285714285714,0.0
10.714285714285714,0.0
10.714285714285714,0.0
10.714285714285714,0.0
10.714285714285714,0.0
10.714285714285714,0.0
0.0,0.0
0.0,0.0
0.0,0.0
21.428571428571427,0.0
21.428571428571427,0.0
21.428571428571427,0.0
21.428571428571427,0.0
21.428571428571427,0.0
21.428571428571427,0.0
21.428571428571427,0.0
21.428571428571427,0.0
21.428571428571427,0.0
21.428571428571427,0.0
21.428571428571427,0.0
21.428571428571427,0.0
21.428571428571427,0.0
21.428571428571427,0.0
21.428571428571427,0.0
21.428571428571427,0.0
21.428571428571427,0.0
21.428571428571427,0.0
21.428571428571427,0.0
21.428571428571427,0.0
21.428571428571427,0.0
21.428571428571427,0.0
21.428571428571427,0.0
21.428571428571427,0.0
21.428571428571427,0.0
21.428571428571427,0.0
21.428571428571427,3.000357142857143
21.428571428571427,3.000357142857143
0.0,3.000357142857143
0.0,3.000357142857143
0.0,3.000357142857143
0.0,3.000357142857143
0.0,3.000357142857143
0.0,3.000357142857143
0.0,3.000357142857143
0.0,3.000357142857143
0.0,3.000357142857143
0.0,3.000357142857143
0.0,5.857857142857143
0.0,5.857857142857143
0.0,5.857857142857143
0.0,5.857857142857143
0.0,5.857857142857143
0.0,5.857857142857143
0.0,5.857857142857143
0.0,10.207857142857142
0.0,10.207857142857142
0.0,10.207857142857142
0.0,10.207857142857142
0.0,10.207857142857142
