transact_c,transact_d
0.0,3.7357142857142853
0.0,3.7357142857142853
0.0,3.7357142857142853
0.0,3.7357142857142853
0.0,3.7357142857142853
0.0,3.7357142857142853
0.0,3.7357142857142853
0.0,3.7357142857142853
0.0,3.7357142857142853
0.0,3.7357142857142853
0.0,0.0
0.0,0.0
0.0,0.0
0.0,0.0
0.0,0.0
0.0,0.0
0.0,0.0
0.0,0.0
0.0,0.0
0.0,0.0
0.0,0.0
0.0,0.0
0.0,0.0
0.0,0.0
0.0,0.0
0.0,0.0
0.0,0.0
0.0,0.0
0.0,0.0
0.0,0.0
0.0,0.0
0.0,0.0
0.0,0.0
0.0,0.0
0.0,0.0
0.0,0.0
0.0,0.0
0.0,0.0
0.0,0.0
0.0,0.0
0.0,0.0
0.0,6.26
0.0,6.26
0.8928571428571429,6.26
0.8928571428571429,6.26
0.8928571428571429,6.26
0.8928571428571429,6.26
0.8928571428571429,6.26
0.8928571428571429,6.26
0.8928571428571429,6.26
0.8928571428571429,6.26
0.8928571428571429,6.26
0.8928571428571429,6.26
0.8928571428571429,6.26
0.8928571428571429,6.26
0.8928571428571429,6.26
0.8928571428571429,6.26
0.8928571428571429,6.26
0.8928571428571429,6.26
0.8928571428571429,6.26
0.8928571428571429,6.26
0.8928571428571429,6.26
0.8928571428571429,6.26
0.8928571428571429,6.26
0.8928571428571429,6.26
0.8928571428571429,6.26
0.8928571428571429,6.26
0.8928571428571429,6.26
0.8928571428571429,6.26
0.8928571428571429,0.0
0.8928571428571429,0.0
0.0,0.0
0.0,0.0
0.0,0.0
0.0,0.0
0.0,0.0
0.0,0.0
0.0,0.0
0.0,0.0
0.0,0.0
0.0,0.0
0.0,0.0
0.0,0.0
0.0,0.0
0.0,0.0
0.0,0.0
0.0,0.0
0.0,0.0
0.0,0.0
0.0,0.0
0.0,0.0
0.0,0.0
0.0,0.0
0.0,0.0
0.0,0.0
0.0,0.0
0.0,0.0
0.0,0.0
0.0,0.0
0.0,0.0
0.0,0.0
0.0,0.0
7.142857142857143,0.0
7.142857142857143,0.0
7.142857142857143,0.0
7.142857142857143,0.0
7.142857142857143,0.0
7.142857142857143,0.0
7.142857142857143,0.0
7.142857142857143,0.0
7.142857142857143,0.0
7.142857142857143,0.0
7.142857142857143,0.0
7.142857142857143,0.0
7.142857142857143,0.0
7.142857142857143,0.0
7.142857142857143,0.0
7.142857142857143,0.0
7.142857142857143,0.0
7.142857142857143,0.0
7.142857142857143,0.0
7.142857142857143,0.0
7.142857142857143,0.0
7.142857142857143,0.0
7.142857142857143,0.0
7.142857142857143,0.0
7.142857142857143,0.0
7.142857142857143,0.0
7.142857142857143,0.0
7.142857142857143,0.0
0.0,0.0
0.0,0.0
0.0,0.0
0.0,0.0
0.0,0.0
0.0,0.0
0.0,0.0
0.0,0.0
0.0,0.0
0.0,0.0
0.0,0.0
0.0,0.0
0.0,0.0
0.0,0.0
0.0,0.0
0.0,0.0
0.0,0.0
0.0,0.0
0.0,0.0
0.0,0.0
0.0,0.0
0.0,0.0
0.0,0.0
0.0,0.0
