transact_c,transact_d
0.0,1.25
0.0,1.25
0.0,1.25
0.0,1.25
0.0,1.25
0.0,1.25
0.0,1.25
0.0,1.25
0.0,1.25
0.0,1.25
0.0,1.25
0.0,1.25
0.0,1.25
0.0,1.25
0.0,1.25
0.0,0.8928571428571429
0.0,0.8928571428571429
0.0,0.8928571428571429
0.0,1.25
0.0,1.25
0.0,1.25
0.0,1.25
0.0,1.25
0.0,0.35714285714285715
0.0,0.35714285714285715
0.0,0.35714285714285715
0.0,0.35714285714285715
0.0,0.35714285714285715
0.0,0.35714285714285715
0.0,0.35714285714285715
0.0,0.35714285714285715
0.0,0.35714285714285715
0.0,0.35714285714285715
0.0,0.35714285714285715
0.0,0.35714285714285715
0.0,0.35714285714285715
0.0,0.35714285714285715
0.0,0.35714285714285715
0.0,0.35714285714285715
0.0,0.35714285714285715
0.0,0.35714285714285715
0.0,4.7749999999999995
0.0,4.7749999999999995
0.0,4.7749999999999995
0.0,4.7749999999999995
0.0,4.7749999999999995
0.0,4.417857142857143
0.0,4.417857142857143
0.0,4.417857142857143
3.5714285714285716,4.417857142857143
3.5714285714285716,4.417857142857143
3.5714285714285716,4.417857142857143
3.5714285714285716,4.417857142857143
3.5714285714285716,4.417857142857143
3.5714285714285716,4.417857142857143
3.5714285714285716,4.417857142857143
3.5714285714285716,4.417857142857143
3.5714285714285716,4.417857142857143
3.5714285714285716,4.417857142857143
3.5714285714285716,4.417857142857143
3.5714285714285716,4.417857142857143
3.5714285714285716,4.417857142857143
3.5714285714285716,4.417857142857143
3.5714285714285716,4.417857142857143
3.5714285714285716,4.417857142857143
3.5714285714285716,4.417857142857143
3.5714285714285716,4.417857142857143
3.5714285714285716,4.417857142857143
3.5714285714285716,4.417857142857143
3.5714285714285716,0.0
3.5714285714285716,0.0
3.5714285714285716,0.0
3.5714285714285716,0.0
3.5714285714285716,0.0
3.5714285714285716,0.0
3.5714285714285716,0.0
3.5714285714285716,0.0
0.0,0.0
0.0,0.0
0.0,0.0
0.0,0.0
0.0,0.0
0.0,0.0
0.0,0.0
0.0,0.0
0.0,0.0
0.0,0.0
0.0,0.0
0.0,0.0
0.0,0.0
0.0,0.0
0.0,0.0
0.0,0.0
0.0,0.0
0.0,0.0
0.0,0.0
0.0,0.0
0.0,0.0
0.0,0.0
0.0,0.0
0.0,0.0
0.0,0.0
0.0,0.0
0.0,0.0
0.0,0.0
0.0,0.0
0.0,0.0
0.0,0.0
0.0,0.0
0.0,0.0
0.0,0.0
0.0,0.0
0.0,0.0
0.0,0.0
0.0,0.0
0.0,0.0
0.0,0.0
0.0,0.0
0.0,0.0
0.0,0.0
0.0,0.0
0.0,0.0
0.0,0.0
0.0,0.0
0.0,0.0
0.0,0.0
0.0,0.0
0.0,0.0
0.0,0.0
0.0,0.0
0.0,0.0
0.0,0.0
0.0,0.0
0.0,0.0
0.0,0.0
0.0,0.0
0.0,0.0
0.0,0.0
0.0,0.0
0.0,0.0
0.0,0.0
0.0,0.0
0.0,0.0
0.0,0.0
0.0,0.0
0.0,0.0
0.0,0.0
0.0,0.0
0.0,0.0
0.0,0.0
0.0,0.0
0.0,0.0
0.0,0.0
0.0,0.0
