transact_c,transact_d
0.0,0.0
0.0,0.0
0.0,0.0
0.0,0.0
0.0,0.0
0.0,0.0
0.0,0.0
0.0,0.0
0.0,0.0
0.0,0.0
0.0,0.0
0.0,0.0
0.0,0.0
0.0,0.0
0.0,0.0
0.0,0.0
0.0,0.0
0.0,0.0
0.0,0.0
0.0,0.0
0.0,0.0
0.0,0.0
0.0,0.0
0.0,0.0
0.0,0.0
0.0,0.0
0.0,0.0
0.0,0.0
0.0,0.0
0.0,0.0
0.0,0.0
0.0,0.0
0.0,0.0
0.0,0.0
0.0,0.0
0.0,0.0
0.0,0.0
0.0,0.0
0.0,0.0
0.0,0.0
0.0,8.285714285714286
0.0,8.285714285714286
0.0,8.285714285714286
0.0,8.285714285714286
0.0,8.285714285714286
0.0,8.285714285714286
0.0,8.285714285714286
0.0,8.285714285714286
0.0,8.285714285714286
0.0,8.285714285714286
0.0,8.285714285714286
0.0,8.285714285714286
0.0,8.285714285714286
0.0,8.285714285714286
0.0,8.285714285714286
0.0,8.285714285714286
0.0,8.285714285714286
0.0,8.285714285714286
0.0,8.285714285714286
0.0,8.285714285714286
0.0,8.285714285714286
0.0,8.285714285714286
0.0,8.285714285714286
0.0,16.571428571428573
0.0,16.571428571428573
0.0,16.571428571428573
0.0,16.571428571428573
0.0,24.857142857142858
0.0,16.571428571428573
0.0,16.571428571428573
0.0,16.571428571428573
0.0,16.571428571428573
0.0,16.571428571428573
0.0,16.571428571428573
0.0,16.571428571428573
0.0,16.571428571428573
0.0,16.571428571428573
0.0,16.571428571428573
0.0,16.571428571428573
0.0,16.571428571428573
0.0,16.571428571428573
0.0,16.571428571428573
0.0,16.571428571428573
0.0,16.571428571428573
0.0,16.571428571428573
0.0,16.571428571428573
0.0,16.571428571428573
0.0,16.571428571428573
0.0,16.571428571428573
0.0,16.571428571428573
0.0,16.571428571428573
0.0,8.285714285714286
0.0,8.285714285714286
0.0,8.285714285714286
0.0,8.285714285714286
0.0,0.0
0.0,0.0
0.0,0.0
0.0,0.0
0.0,0.0
0.0,0.0
0.0,0.0
0.0,0.0
0.0,0.0
0.0,0.0
0.0,0.0
0.0,0.0
0.0,0.0
0.0,0.0
0.0,0.0
8.285714285714286,0.0
8.285714285714286,0.0
8.285714285714286,0.0
8.285714285714286,0.0
8.285714285714286,0.0
8.285714285714286,0.0
8.285714285714286,0.0
8.285714285714286,0.0
8.285714285714286,0.0
8.285714285714286,0.0
8.285714285714286,0.0
8.285714285714286,0.0
8.285714285714286,0.0
8.285714285714286,0.0
8.285714285714286,0.0
8.285714285714286,0.0
8.285714285714286,0.0
8.285714285714286,0.0
8.285714285714286,0.0
8.285714285714286,0.0
8.285714285714286,0.0
8.285714285714286,0.0
8.285714285714286,0.0
8.285714285714286,0.0
8.285714285714286,0.0
8.285714285714286,0.0
8.285714285714286,0.0
8.285714285714286,0.0
0.0,5.0
0.0,5.0
0.0,5.0
0.0,5.0
0.0,5.0
0.0,5.0
0.0,5.0
0.0,5.0
0.0,5.0
0.0,5.0
0.0,5.0
0.0,5.0
6.785714285714286,5.0
6.785714285714286,5.0
6.785714285714286,5.0
6.785714285714286,5.0
