transact_c,transact_d
3.595357142857143,0.0
3.595357142857143,0.0
3.595357142857143,0.0
3.595357142857143,0.0
3.595357142857143,0.0
3.595357142857143,0.0
3.595357142857143,0.0
3.595357142857143,0.0
3.595357142857143,0.0
3.595357142857143,0.0
3.595357142857143,0.0
3.595357142857143,0.0
3.595357142857143,0.0
3.595357142857143,0.0
0.0071428571428571435,0.0
0.0071428571428571435,0.0
0.0071428571428571435,0.0
0.0071428571428571435,0.0
0.0,0.0
0.0,0.0
0.0,0.0
0.0,0.0
0.0,0.0
0.0,0.0
0.0,0.0
0.0,0.0
0.0,0.0
0.0,0.0
0.0,0.0
0.0,0.0
0.0,0.0
0.0,0.0
0.0,0.0
0.0,0.0
0.0,0.0
0.0,0.0
0.0,0.0
0.0,0.0
0.0,0.0
0.0,0.0
0.0,0.0
0.0,0.0
0.0,0.0
0.0,0.0
0.0,0.0
0.0,0.0
0.0,0.0
0.0,0.0
0.0,0.0
0.0,0.0
0.0,0.0
0.0,0.0
0.0,0.0
0.0,0.0
0.0,0.0
0.0,0.0
0.0,0.0
0.0,0.0
0.0,0.0
0.0,0.0
0.0,0.0
0.0,0.0
0.0,0.0
0.0,0.0
0.0,0.0
0.0,0.0
0.0,0.0
0.0,0.0
0.0,0.0
0.0,0.0
0.0,0.0
0.0,0.0
0.0,0.0
0.0,0.0
0.0,0.0
0.0,0.0
0.0,0.0
0.0,0.0
0.0,0.0
0.0,0.0
0.0,0.0
0.0,0.0
0.0,0.0
0.0,0.0
0.0,0.0
0.0,0.0
0.0,0.0
0.0,0.0
0.0,0.0
0.0,0.0
0.0,0.0
0.0,0.0
0.0,0.0
0.0,0.0
0.0,0.0
0.0,0.0
0.0,0.0
0.0,0.0
0.0,0.0
0.0,0.0
0.0,0.0
0.0,0.0
0.0,0.0
0.0,0.0
0.0,0.0
0.0,0.0
0.0,3.339642857142857
0.0,3.339642857142857
0.0,3.339642857142857
0.0,3.339642857142857
0.0064285714285714285,3.339642857142857
0.0064285714285714285,3.339642857142857
0.0064285714285714285,3.339642857142857
3.3325,3.339642857142857
3.3325,3.339642857142857
3.3325,3.339642857142857
3.3325,3.339642857142857
3.3325,3.339642857142857
3.3325,3.339642857142857
3.3325,3.339642857142857
3.3325,3.339642857142857
3.3325,3.339642857142857
3.3325,3.339642857142857
3.3325,3.339642857142857
3.3325,3.339642857142857
3.3325,3.339642857142857
3.3325,3.339642857142857
3.3325,3.339642857142857
3.3325,3.339642857142857
3.3325,3.339642857142857
3.3325,3.339642857142857
3.3325,3.339642857142857
3.3325,3.339642857142857
3.3325,3.339642857142857
3.3325,0.0
3.3325,0.0
3.3325,0.0
3.3325,0.0
3.3260714285714283,0.0
3.3260714285714283,0.0
3.3260714285714283,0.0
0.0,16.821428571428573
0.0,16.821428571428573
0.0,16.821428571428573
16.821428571428573,16.821428571428573
16.821428571428573,16.821428571428573
16.821428571428573,16.821428571428573
16.821428571428573,16.821428571428573
16.821428571428573,16.821428571428573
16.821428571428573,16.821428571428573
16.821428571428573,16.821428571428573
16.821428571428573,16.821428571428573
16.821428571428573,16.821428571428573
16.821428571428573,16.821428571428573
