transact_c,transact_d
23.214285714285715,2.5
23.214285714285715,2.5
10.714285714285714,2.5
10.714285714285714,2.5
0.0,2.5
0.0,2.5
0.0,2.5
0.0,2.5
0.0,2.5
12.5,2.5
12.5,2.5
12.5,2.5
12.5,2.5
25.0,2.5
37.5,2.5
37.5,2.5
37.5,2.5
37.5,2.5
37.5,2.5
37.5,2.5
37.5,2.5
37.5,2.5
37.5,2.5
37.5,2.5
37.5,0.0
37.5,0.0
37.5,0.0
37.5,0.0
37.5,0.0
37.5,0.0
50.0,0.0
50.0,0.0
50.0,0.0
50.0,0.0
50.0,0.0
50.0,0.0
50.0,0.0
37.5,0.0
37.5,0.0
37.5,0.0
37.5,0.0
25.0,0.0
12.5,0.0
12.5,0.0
12.5,0.0
12.5,0.0
12.5,0.0
12.5,0.0
12.5,0.0
12.5,0.0
12.5,0.0
12.5,0.0
12.5,0.0
12.5,0.0
12.5,0.0
12.5,0.0
12.5,0.0
12.5,0.0
0.0,0.0
0.0,0.0
0.0,0.0
0.0,0.0
0.0,0.0
0.0,0.0
0.0,0.0
0.0,0.0
0.0,0.0
0.0,0.0
0.0,0.0
0.0,0.0
0.0,0.0
0.0,0.0
0.0,0.0
0.0,0.0
12.5,0.0
12.5,0.0
12.5,0.0
12.5,0.0
12.5,0.0
12.5,0.0
12.5,0.0
12.5,0.0
12.5,0.0
12.5,0.0
12.5,0.0
12.5,0.0
12.5,0.0
12.5,0.0
12.5,0.0
12.5,0.0
12.5,0.0
12.5,0.0
21.785714285714285,0.0
21.785714285714285,0.0
21.785714285714285,0.0
21.785714285714285,0.0
21.785714285714285,0.0
21.785714285714285,0.0
21.785714285714285,0.0
32.5,0.0
32.5,0.0
32.5,0.0
20.0,0.0
20.0,0.0
20.0,0.0
20.0,0.0
20.0,0.0
20.0,0.0
20.0,0.0
20.0,0.0
20.0,0.0
20.0,0.0
20.0,0.0
20.0,0.0
20.0,0.0
20.0,0.0
20.0,0.0
20.0,0.0
20.0,0.0
20.0,0.0
10.714285714285714,0.0
10.714285714285714,0.0
10.714285714285714,0.0
10.714285714285714,0.0
10.714285714285714,0.0
10.714285714285714,0.0
10.714285714285714,0.0
0.0,0.0
0.0,0.0
0.0,0.0
0.0,0.0
0.0,0.0
12.5,0.0
12.5,0.0
12.5,0.0
12.5,0.0
12.5,0.0
12.5,0.0
12.5,0.0
12.5,0.0
12.5,0.0
12.5,0.0
12.5,0.0
12.5,0.0
12.5,0.0
12.5,0.0
12.5,0.0
12.5,0.0
12.5,0.0
12.5,0.0
12.5,0.0
12.5,0.0
12.5,0.0
12.5,0.0
