transact_c,transact_d
0.0,11.6725
0.0,11.6725
0.0,11.6725
0.0,11.6725
0.0,11.6725
0.0,11.6725
0.0,11.6725
0.0,11.6725
0.0,11.6725
0.0,11.6725
0.0,11.6725
0.0,11.6725
0.0,11.6725
0.0,11.6725
0.0,11.6725
0.0,11.6725
0.0,11.6725
0.0,11.6725
0.0,11.6725
0.0,11.6725
0.0,11.6725
0.0,11.6725
0.0,0.0
0.0,0.0
0.0,0.0
0.0,11.6725
0.0,11.6725
0.0,11.6725
0.0,11.6725
0.0,11.6725
0.0,11.6725
0.0,11.6725
0.0,11.6725
0.0,11.6725
0.0,11.6725
0.0,11.6725
0.0,11.6725
0.0,11.6725
0.0,11.6725
0.0,11.6725
0.0,11.6725
0.0,11.6725
0.0,11.6725
0.0,11.6725
0.0,11.6725
0.0,11.6725
0.0,11.6725
0.0,11.6725
0.0,11.6725
0.0,11.6725
0.0,11.6725
0.0,11.6725
0.0,11.6725
0.0,11.6725
0.0,11.6725
0.0,11.6725
0.0,11.6725
0.0,11.6725
0.0,11.6725
0.0,11.6725
0.0,11.6725
0.0,11.6725
0.0,11.6725
0.0,11.6725
0.0,11.6725
0.0,11.6725
0.0,11.6725
0.0,11.6725
0.0,11.6725
0.0,11.6725
0.0,11.6725
0.0,11.6725
0.0,11.6725
0.0,11.6725
0.0,11.6725
0.0,11.6725
0.0,11.6725
0.0,11.6725
0.0,11.6725
0.0,11.6725
0.0,11.6725
0.0,0.0
0.0,0.0
0.0,0.0
0.0,11.6725
0.0,11.6725
0.0,11.6725
0.0,11.6725
0.0,11.6725
0.0,11.6725
0.0,11.6725
0.0,11.6725
0.0,11.6725
0.0,17.458214285714284
0.0,28.38678571428571
0.0,28.38678571428571
0.0,37.28392857142857
0.0,49.39107142857142
0.0,61.498214285714276
0.0,61.498214285714276
0.0,74.56964285714285
0.0,74.56964285714285
0.0,87.64107142857142
0.0,87.64107142857142
0.0,87.64107142857142
0.0,87.64107142857142
0.0,87.64107142857142
0.0,87.64107142857142
0.0,87.64107142857142
0.0,87.64107142857142
0.0,87.64107142857142
0.0,87.64107142857142
0.0,75.96857142857142
0.0,75.96857142857142
0.0,87.64107142857142
0.0,87.64107142857142
0.0,87.64107142857142
0.0,87.64107142857142
0.0,87.64107142857142
0.0,87.64107142857142
0.0,87.64107142857142
0.0,81.85535714285713
0.0,70.92678571428571
0.0,70.92678571428571
0.0,62.02964285714285
0.0,49.9225
0.0,49.9225
0.0,49.9225
0.0,36.85107142857142
0.0,36.85107142857142
0.0,35.886785714285715
0.0,35.886785714285715
0.0,35.886785714285715
0.0,35.886785714285715
0.0,48.958214285714284
0.0,62.02964285714285
0.0,62.02964285714285
0.0,62.02964285714285
0.0,62.02964285714285
0.0,62.02964285714285
0.0,62.02964285714285
0.0,62.02964285714285
0.0,50.357142857142854
0.0,50.357142857142854
0.0,50.357142857142854
0.0,62.02964285714285
0.0,62.02964285714285
0.0,62.02964285714285
0.0,62.02964285714285
0.0,62.02964285714285
0.0,62.02964285714285
0.0,62.02964285714285
0.0,62.02964285714285
0.0,62.02964285714285
