transact_c,transact_d
3.73,3.73
7.46,3.73
7.46,3.73
3.73,3.73
3.73,3.73
3.73,3.73
3.73,3.73
3.73,3.73
3.73,3.73
3.73,3.73
3.73,3.73
3.73,3.73
3.73,3.73
3.73,3.73
3.73,3.73
3.73,3.73
3.73,3.73
3.73,3.73
3.73,3.73
3.73,3.73
3.73,3.73
3.73,3.73
3.73,0.0
3.73,0.0
3.73,0.0
3.73,3.73
3.73,3.73
3.73,3.73
3.73,3.73
0.0,3.73
0.0,3.73
0.0,3.73
0.0,3.73
0.0,3.73
0.0,3.73
0.0,3.73
0.0,3.73
0.0,3.73
0.0,3.73
0.0,3.73
0.0,3.73
0.0,3.73
0.0,3.73
0.0,3.73
0.0,3.73
0.0,3.73
0.0,3.73
0.0,3.73
0.0,3.73
0.0,3.73
0.0,3.73
0.0,3.73
0.0,3.73
0.0,3.73
0.0,3.73
0.0,3.73
0.0,3.73
0.0,3.73
0.0,3.73
0.0,3.73
3.73,3.73
3.73,3.73
3.73,3.73
3.73,3.73
3.73,3.73
3.73,3.73
3.73,3.73
3.73,3.73
3.73,3.73
3.73,3.73
3.73,3.73
3.73,3.73
3.73,3.73
3.73,3.73
3.73,3.73
3.73,3.73
3.73,3.73
3.73,3.73
3.73,3.73
3.73,3.73
3.73,4.622857142857143
3.73,0.8928571428571429
3.73,0.8928571428571429
3.73,0.8928571428571429
3.73,4.622857142857143
3.73,4.622857142857143
3.73,4.622857142857143
3.73,4.622857142857143
0.0,4.622857142857143
0.0,4.622857142857143
0.0,4.622857142857143
0.0,4.622857142857143
3.73,4.622857142857143
3.73,4.622857142857143
3.73,4.622857142857143
3.73,4.622857142857143
3.73,4.622857142857143
3.73,4.622857142857143
3.73,4.622857142857143
3.73,4.622857142857143
3.73,4.622857142857143
3.73,4.622857142857143
3.73,4.622857142857143
3.73,4.622857142857143
3.73,4.622857142857143
4.622857142857143,4.622857142857143
4.622857142857143,4.622857142857143
4.622857142857143,4.622857142857143
4.622857142857143,3.73
4.622857142857143,3.73
4.622857142857143,3.73
4.622857142857143,3.73
4.622857142857143,0.0
4.622857142857143,0.0
4.622857142857143,3.73
4.622857142857143,3.73
4.622857142857143,3.73
4.622857142857143,3.73
4.622857142857143,3.73
4.622857142857143,3.73
0.8928571428571429,3.73
0.8928571428571429,3.73
0.8928571428571429,3.73
4.622857142857143,3.73
4.622857142857143,3.73
4.622857142857143,3.73
4.622857142857143,3.73
4.622857142857143,3.73
4.622857142857143,3.73
4.622857142857143,3.73
4.622857142857143,3.73
4.622857142857143,3.73
4.622857142857143,3.73
3.73,3.73
3.73,3.73
3.73,3.73
3.73,3.73
3.73,3.73
3.73,3.73
3.73,3.73
3.73,3.73
3.73,3.73
3.73,0.0
3.73,0.0
3.73,0.0
3.73,10.872857142857143
3.73,10.872857142857143
3.73,10.872857142857143
3.73,10.872857142857143
3.73,10.872857142857143
3.73,10.872857142857143
0.0,10.872857142857143
3.73,10.872857142857143
3.73,10.872857142857143
