transact_c,transact_d
0.0,0.0
0.0,0.0
0.0,0.0
0.0,0.0
0.0,0.0
0.0,0.0
0.0,0.0
0.0,0.0
0.0,0.0
0.0,0.0
0.0,0.0
0.0,0.0
0.0,0.0
0.0,0.0
0.0,0.0
0.0,0.0
0.0,0.0
0.0,0.0
0.0,0.0
0.0,0.0
0.0,0.0
0.0,0.0
0.0,0.0
0.0,0.0
0.0,0.0
0.0,0.0
0.0,0.0
0.0,0.0
0.0,0.0
0.0,0.0
0.0,0.0
0.0,0.0
0.0,0.0
0.0,0.0
0.0,0.0
0.0,0.0
0.0,0.0
0.0,0.0
0.0,0.0
0.0,0.0
0.0,0.0
0.0,0.0
0.0,0.0
0.0,0.0
0.0,0.0
0.0,0.0
0.0,0.0
0.0,0.0
0.0,0.0
0.0,0.0
0.0,0.0
0.0,0.0
0.0,0.0
0.0,0.0
0.0,0.0
0.0,0.0
0.0,0.0
0.0,0.0
0.0,0.0
0.0,0.0
0.0,0.0
0.0,0.0
0.0,0.0
0.0,0.0
0.0,0.0
0.0,0.0
0.0,0.0
0.0,0.0
0.0,0.0
0.0,0.0
0.0,0.0
0.0,0.0
0.0,0.0
0.0,0.0
21.464285714285715,0.0
21.464285714285715,0.0
21.464285714285715,0.0
21.464285714285715,0.0
21.464285714285715,0.0
21.464285714285715,0.0
21.464285714285715,0.0
21.464285714285715,0.0
21.464285714285715,0.0
21.464285714285715,0.0
21.464285714285715,0.0
21.464285714285715,0.0
21.464285714285715,0.0
21.464285714285715,0.0
21.464285714285715,0.0
21.464285714285715,0.0
21.464285714285715,0.0
21.464285714285715,0.0
21.464285714285715,0.0
21.464285714285715,0.0
21.464285714285715,0.0
21.464285714285715,0.0
21.464285714285715,0.0
21.464285714285715,0.0
21.464285714285715,0.0
21.464285714285715,0.0
21.464285714285715,0.0
21.464285714285715,0.0
0.0,0.0
0.0,0.0
0.0,0.6057142857142858
0.0,0.6057142857142858
0.0,0.6057142857142858
0.0,0.6057142857142858
0.0,0.6057142857142858
0.0,0.6057142857142858
0.0,0.6057142857142858
0.0,0.6057142857142858
0.0,0.6057142857142858
0.0,0.6057142857142858
0.0,0.6057142857142858
0.0,0.6057142857142858
0.0,0.6057142857142858
0.0,0.6057142857142858
0.0,0.6057142857142858
0.0,0.6057142857142858
0.0,0.6057142857142858
0.0,0.6057142857142858
0.0,0.6057142857142858
0.0,0.6057142857142858
0.0,0.6057142857142858
0.0,0.6057142857142858
0.0,0.6057142857142858
0.0,0.6057142857142858
0.0,0.6057142857142858
0.0,0.6057142857142858
0.0,0.6057142857142858
0.0,0.6057142857142858
0.0,0.0
0.0,0.0
0.0,0.0
3.207142857142857,2.5
3.207142857142857,2.5
3.207142857142857,2.5
3.207142857142857,2.5
3.207142857142857,2.5
3.207142857142857,2.5
3.207142857142857,2.5
3.207142857142857,2.5
3.207142857142857,2.5
3.207142857142857,2.5
3.207142857142857,2.5
3.207142857142857,2.5
3.207142857142857,2.5
3.207142857142857,2.5
3.207142857142857,2.5
3.207142857142857,2.5
3.207142857142857,2.5
3.207142857142857,2.5
3.207142857142857,2.5
