transact_c,transact_d
0.0,0.0
0.0,0.0
0.0,0.0
0.0,0.0
0.0,0.0
0.0,0.0
0.0,0.0
0.0,0.0
0.0,0.0
0.0,0.0
0.0,0.0
0.0,0.0
0.0,0.0
0.0,0.0
0.0,16.0
0.0,16.0
0.0,16.0
0.0,16.0
0.0,16.0
0.0,16.0
0.0,16.0
0.0,16.0
0.0,16.0
0.0,16.0
0.0,16.0
0.0,16.0
0.0,16.0
0.0,16.0
0.0,16.0
0.0,16.0
0.0,16.0
0.0,16.0
0.0,16.0
0.0,16.0
0.0,16.0
0.0,16.0
0.0,16.0
0.0,16.0
0.0,16.0
0.0,16.0
0.0,16.0
0.0,16.0
0.0,3.75
0.0,3.75
0.0,3.75
0.0,3.75
0.0,3.75
0.0,3.75
0.0,3.75
0.0,3.75
0.0,3.75
0.0,3.75
0.0,3.75
0.0,3.75
0.0,3.75
0.0,3.75
0.0,3.75
0.0,3.75
0.0,3.75
0.0,3.75
0.0,3.75
0.0,3.75
0.0,3.75
0.0,3.75
0.0,3.75
0.0,3.75
0.0,3.75
0.0,3.75
0.0,3.75
0.0,3.75
0.0,0.0
0.0,0.0
0.0,0.0
1.7857142857142858,0.0
1.7857142857142858,0.0
1.7857142857142858,0.0
1.7857142857142858,0.0
1.7857142857142858,0.0
1.7857142857142858,0.0
1.7857142857142858,0.0
1.7857142857142858,0.0
1.7857142857142858,0.0
1.7857142857142858,0.0
1.7857142857142858,0.0
1.7857142857142858,0.0
1.7857142857142858,0.0
1.7857142857142858,0.0
1.7857142857142858,0.0
1.7857142857142858,0.0
1.7857142857142858,0.0
1.7857142857142858,0.0
1.7857142857142858,0.0
1.7857142857142858,0.0
1.7857142857142858,0.0
1.7857142857142858,0.0
1.7857142857142858,0.0
1.7857142857142858,0.0
1.7857142857142858,0.0
1.7857142857142858,0.0
1.7857142857142858,0.0
1.7857142857142858,0.0
0.0,0.0
0.0,0.0
0.0,0.0
0.0,0.0
0.0,0.0
0.0,0.0
0.0,0.0
0.0,0.0
0.0,0.0
0.0,0.0
0.0,0.0
0.0,0.0
0.0,0.0
0.0,0.0
0.0,0.0
0.0,0.0
0.0,0.0
0.0,0.0
0.0,0.0
0.0,0.0
0.0,0.0
0.0,0.0
0.0,0.0
0.0,0.0
0.0,0.0
0.0,0.0
0.0,0.0
0.0,0.0
0.0,0.0
0.0,0.0
0.0,0.0
0.0,0.0
0.0,0.0
0.0,8.482142857142858
0.0,8.482142857142858
0.0,8.482142857142858
0.0,8.482142857142858
0.0,8.482142857142858
0.0,8.482142857142858
0.0,8.482142857142858
0.0,8.482142857142858
0.0,8.482142857142858
0.0,8.482142857142858
0.0,8.482142857142858
0.0,8.482142857142858
0.0,8.482142857142858
0.0,8.482142857142858
0.0,8.482142857142858
0.0,8.482142857142858
0.0,8.482142857142858
0.0,8.482142857142858
0.0,8.482142857142858
0.0,8.482142857142858
