transact_c,transact_d
0.0,0.0
0.0,0.0
0.0,0.0
0.0,0.0
0.0,0.0
0.0,0.0
0.0,0.0
0.0,0.0
0.0,0.0
0.0,0.0
0.0,0.0
0.0,0.0
0.0,0.0
0.0,0.0
0.0,0.0
0.0,0.0
0.0,0.0
0.0,0.0
0.0,0.0
0.0,0.0
0.0,0.0
0.0,0.0
0.0,0.0
0.0,0.0
0.0,0.0
0.0,0.0
0.0,0.0
0.0,0.0
0.0,0.0
0.0,0.0
0.0,0.0
0.0,0.0
0.0,0.0
0.0,0.0
0.0,0.0
0.0,0.0
37.5,0.0
37.5,0.0
37.5,0.0
37.5,0.0
37.5,0.0
37.5,0.0
37.5,0.0
37.5,0.0
37.5,0.0
37.5,0.0
37.5,0.0
37.5,0.0
37.5,0.0
37.5,0.0
37.5,0.0
37.5,0.0
37.5,0.0
37.5,0.0
37.5,0.0
37.5,0.0
37.5,0.0
37.5,0.0
37.5,0.0
37.5,0.0
37.5,0.0
37.5,0.0
37.5,0.0
37.5,0.0
0.0,0.0
0.0,0.0
0.0,0.0
0.0,0.0
0.0,0.0
0.0,0.0
0.0,0.0
0.0,0.0
0.0,0.0
5.892857142857143,0.0
5.892857142857143,0.0
5.892857142857143,0.0
5.892857142857143,0.0
5.892857142857143,14.285714285714286
5.892857142857143,14.285714285714286
5.892857142857143,14.285714285714286
5.892857142857143,14.285714285714286
5.892857142857143,14.285714285714286
5.892857142857143,14.285714285714286
5.892857142857143,14.285714285714286
5.892857142857143,14.285714285714286
5.892857142857143,14.285714285714286
5.892857142857143,14.285714285714286
5.892857142857143,14.285714285714286
5.892857142857143,14.285714285714286
5.892857142857143,14.285714285714286
5.892857142857143,14.285714285714286
5.892857142857143,14.285714285714286
20.178571428571427,50.0
20.178571428571427,50.0
20.178571428571427,50.0
20.178571428571427,50.0
20.178571428571427,50.0
20.178571428571427,50.0
20.178571428571427,50.0
20.178571428571427,50.0
20.178571428571427,50.0
14.285714285714286,50.0
14.285714285714286,50.0
14.285714285714286,50.0
14.285714285714286,50.0
14.285714285714286,35.714285714285715
14.285714285714286,35.714285714285715
14.285714285714286,35.714285714285715
14.285714285714286,35.714285714285715
14.285714285714286,35.714285714285715
14.285714285714286,35.714285714285715
14.285714285714286,35.714285714285715
14.285714285714286,35.714285714285715
14.285714285714286,35.714285714285715
14.285714285714286,35.714285714285715
14.285714285714286,35.714285714285715
14.285714285714286,35.714285714285715
14.285714285714286,35.714285714285715
14.285714285714286,35.714285714285715
14.285714285714286,35.714285714285715
0.0,0.0
0.0,0.0
0.0,0.0
0.0,0.0
0.0,0.0
0.0,0.0
0.0,0.0
0.0,0.0
0.0,0.0
0.0,0.0
0.0,0.0
0.0,0.0
0.0,0.0
0.0,0.0
0.0,0.0
0.0,0.0
0.0,0.0
0.0,0.0
0.0,0.0
0.0,0.0
0.0,0.0
0.0,0.0
0.0,0.0
0.0,0.0
0.0,0.0
0.0,0.0
0.0,0.0
0.0,0.0
0.0,0.0
0.0,0.0
0.0,0.0
0.0,0.0
0.0,0.0
0.0,0.0
