transact_c,transact_d
12.48,3.392857142857143
12.48,3.392857142857143
12.48,3.392857142857143
12.48,3.392857142857143
12.48,3.392857142857143
12.48,3.392857142857143
12.48,3.392857142857143
2.52,3.392857142857143
2.52,3.392857142857143
2.52,3.392857142857143
2.52,3.392857142857143
2.52,3.392857142857143
2.52,3.392857142857143
2.52,3.392857142857143
2.52,3.392857142857143
2.52,3.392857142857143
2.52,3.392857142857143
2.52,3.392857142857143
2.52,2.5
2.52,2.5
2.52,2.5
2.5,2.5
0.0,0.0
0.0,0.0
0.02,0.0
0.02,0.0
0.02,0.0
0.02,0.0
0.02,0.0
0.02,0.0
0.02,0.0
0.02,0.0
0.02,0.0
0.02,0.0
0.02,0.0
0.02,0.0
0.02,0.0
0.02,0.0
0.02,0.0
0.02,0.0
0.02,0.0
10.0,0.0
10.0,0.0
10.0,0.0
10.0,0.0
10.0,0.0
10.0,0.0
10.0,0.0
10.0,0.0
10.0,0.0
10.0,0.0
45.714285714285715,0.0
45.714285714285715,0.0
45.714285714285715,0.0
45.714285714285715,0.0
45.714285714285715,0.0
45.714285714285715,0.0
45.714285714285715,0.0
45.714285714285715,0.0
45.714285714285715,0.0
45.714285714285715,0.0
45.714285714285715,0.0
45.714285714285715,0.0
45.714285714285715,0.0
45.714285714285715,0.0
45.714285714285715,0.0
45.714285714285715,0.0
45.714285714285715,0.0
45.714285714285715,0.0
35.73428571428571,0.0
35.73428571428571,0.0
35.73428571428571,0.0
35.73428571428571,0.0
35.73428571428571,0.0
35.73428571428571,0.0
35.73428571428571,0.0
35.73428571428571,0.0
35.73428571428571,0.0
35.73428571428571,0.0
0.02,0.0
0.0,0.0
0.0,0.0
0.0,0.0
0.02,0.0
0.02,0.0
0.02,0.0
0.02,0.0
0.02,0.0
0.02,0.0
0.02,0.0
0.02,0.0
0.02,0.0
0.02,0.0
0.02,0.0
0.02,0.0
0.02,0.0
0.02,0.0
0.02,0.0
0.02,0.0
0.02,0.0
0.02,0.0
0.02,0.0
0.02,0.0
0.02,0.0
0.02,0.0
0.02,0.0
10.0,0.0
10.0,0.0
10.0,0.0
10.0,0.0
10.0,0.0
9.98,0.0
9.98,0.0
10.0,0.0
10.0,0.0
10.0,0.0
10.0,0.0
10.0,0.0
10.0,0.0
10.0,0.0
10.0,0.0
10.0,0.0
10.0,0.0
10.0,0.0
10.0,10.0
10.0,20.0
24.285714285714285,30.0
24.285714285714285,40.0
24.285714285714285,50.0
24.285714285714285,60.0
24.285714285714285,70.0
24.285714285714285,80.0
24.285714285714285,90.0
24.285714285714285,100.0
14.305714285714286,110.0
14.305714285714286,120.0
14.305714285714286,120.0
14.305714285714286,120.0
14.305714285714286,120.0
14.305714285714286,120.0
14.305714285714286,120.0
14.285714285714286,120.0
14.285714285714286,120.0
14.285714285714286,120.0
14.305714285714286,120.0
14.305714285714286,120.0
14.305714285714286,120.0
14.305714285714286,120.0
14.305714285714286,120.0
14.305714285714286,120.0
14.305714285714286,120.0
14.305714285714286,120.0
14.305714285714286,110.0
14.305714285714286,100.0
