transact_c,transact_d
0.0,0.0
0.0,0.0
0.0,0.0
0.0,0.0
0.0,0.0
0.0,0.0
0.0,0.0
0.0,0.0
0.0,0.0
0.0,0.0
0.0,0.0
0.0,0.0
0.0,0.0
0.0,7.5225
0.0,7.5225
0.0,7.5225
0.0,7.5225
0.0,7.5225
0.0,7.5225
0.0,7.5225
0.0,7.5225
0.0,7.5225
0.0,7.5225
0.0,7.5225
0.0,7.5225
0.0,7.5225
0.0,7.5225
0.0,7.5225
0.0,7.5225
0.0,7.5225
0.0,7.5225
0.0,7.5225
0.0,7.5225
7.265,7.5225
7.265,7.5225
7.265,7.5225
7.265,7.5225
7.265,7.5225
7.265,7.5225
7.265,7.5225
7.265,7.5225
7.265,0.0
7.265,0.0
7.265,0.0
7.265,0.0
7.265,0.0
7.265,0.0
7.265,0.0
7.265,0.0
7.265,0.0
7.265,0.0
7.265,0.0
7.265,0.0
7.265,0.0
7.265,0.0
7.265,0.0
7.265,0.0
7.265,0.0
7.265,0.0
7.265,0.0
7.265,0.0
0.0,0.0
0.0,0.0
0.0,0.0
0.0,0.0
0.0,0.0
0.0,0.0
0.0,0.0
0.0,0.0
0.0,0.0
0.0,0.0
0.0,0.0
0.0,5.18
0.0,5.18
0.0,5.18
0.0,5.18
0.0,5.18
0.0,5.18
0.0,5.18
0.0,5.18
0.0,5.18
0.0,5.18
0.0,5.18
0.0,5.18
0.0,5.18
0.0,5.18
0.0,5.18
0.0,5.18
0.0,5.18
0.0,5.18
0.0,5.18
0.0,5.18
0.0,5.18
0.0,5.18
0.0,5.18
0.0,5.18
0.0,5.18
0.0,5.18
0.0,5.18
0.0,5.18
0.0,0.0
0.0,0.0
0.0,0.0
0.0,0.0
0.0,0.0
0.0,0.0
0.0,0.0
0.0,0.0
0.0,0.0
0.0,0.0
0.0,0.0
0.0,0.0
0.0,0.0
0.0,0.0
0.0,0.0
0.0,0.0
0.0,0.0
0.0,0.0
0.0,0.0
0.0,0.0
0.0,0.0
3.376785714285714,0.0
3.376785714285714,0.0
3.376785714285714,0.0
3.376785714285714,0.0
3.376785714285714,0.0
3.376785714285714,0.0
3.376785714285714,0.0
3.376785714285714,0.0
3.376785714285714,0.0
3.376785714285714,0.0
3.376785714285714,0.0
3.376785714285714,0.0
3.376785714285714,0.0
5.1625000000000005,28.571428571428573
5.1625000000000005,28.571428571428573
5.1625000000000005,28.571428571428573
5.1625000000000005,28.571428571428573
5.1625000000000005,28.571428571428573
5.1625000000000005,28.571428571428573
5.1625000000000005,28.571428571428573
5.1625000000000005,28.571428571428573
5.1625000000000005,28.571428571428573
5.1625000000000005,28.571428571428573
5.1625000000000005,28.571428571428573
5.1625000000000005,28.571428571428573
5.1625000000000005,28.571428571428573
5.1625000000000005,28.571428571428573
5.1625000000000005,28.571428571428573
1.7857142857142858,28.571428571428573
1.7857142857142858,28.571428571428573
1.7857142857142858,28.571428571428573
1.7857142857142858,28.571428571428573
1.7857142857142858,28.571428571428573
