transact_c,transact_d
50.0,22.708214285714284
50.0,22.708214285714284
50.0,22.708214285714284
50.0,22.708214285714284
50.0,22.708214285714284
50.0,22.708214285714284
50.0,22.708214285714284
50.0,22.708214285714284
50.0,22.708214285714284
50.0,6.543214285714285
50.0,6.543214285714285
50.0,6.543214285714285
50.0,6.543214285714285
50.0,6.543214285714285
50.0,6.543214285714285
50.0,0.0
50.0,0.0
50.0,0.0
50.0,0.0
0.0,0.0
0.0,0.0
0.0,0.0
0.0,0.0
0.0,0.0
0.0,0.0
0.0,0.0
0.0,0.0
0.0,0.0
0.0,0.0
0.0,0.0
0.0,0.0
0.0,0.0
0.0,0.0
0.0,0.0
0.0,0.0
0.0,0.0
0.0,0.0
0.0,0.0
0.0,0.0
0.0,0.0
0.0,0.0
0.0,0.0
0.0,0.0
0.0,0.0
50.0,0.0
50.0,0.0
50.0,0.0
50.0,0.0
50.0,0.0
50.0,0.0
50.0,0.0
50.0,0.0
50.0,0.0
50.0,0.0
50.0,0.0
50.0,0.0
50.0,0.0
50.0,0.0
50.0,0.0
50.0,0.0
50.0,0.0
50.0,0.0
50.0,0.0
50.0,0.0
50.0,0.0
50.0,0.0
50.0,0.0
50.0,0.0
50.0,0.0
50.0,0.0
50.0,0.0
50.0,0.0
0.0,0.0
0.0,0.0
0.0,0.0
0.0,4.690357142857144
0.0,4.690357142857144
0.0,4.690357142857144
0.0,4.690357142857144
0.0,4.690357142857144
0.0,4.690357142857144
0.0,4.690357142857144
0.0,4.690357142857144
0.0,4.690357142857144
0.0,4.690357142857144
0.0,4.690357142857144
0.0,4.690357142857144
0.0,4.690357142857144
0.0,4.690357142857144
0.0,4.690357142857144
0.0,4.690357142857144
0.0,4.690357142857144
0.0,4.690357142857144
0.0,4.690357142857144
0.0,4.690357142857144
0.0,4.690357142857144
0.0,4.690357142857144
0.0,4.690357142857144
50.0,4.690357142857144
50.0,4.690357142857144
50.0,4.690357142857144
50.0,4.690357142857144
50.0,4.690357142857144
50.0,0.0
50.0,0.0
50.0,0.0
50.0,0.0
50.0,0.0
50.0,0.0
50.0,0.0
50.0,0.0
50.0,0.0
50.0,0.0
50.0,0.0
50.0,0.0
50.0,0.0
50.0,0.0
50.0,0.0
50.0,0.0
50.0,0.0
50.0,0.0
50.0,0.0
50.0,0.0
50.0,0.0
50.0,0.0
92.85714285714286,0.0
42.857142857142854,0.0
42.857142857142854,0.0
42.857142857142854,0.0
42.857142857142854,0.0
42.857142857142854,0.0
42.857142857142854,0.0
42.857142857142854,0.0
42.857142857142854,0.0
53.57142857142857,0.0
53.57142857142857,0.0
53.57142857142857,0.0
53.57142857142857,0.0
53.57142857142857,0.0
53.57142857142857,0.0
53.57142857142857,0.0
53.57142857142857,0.0
53.57142857142857,0.0
53.57142857142857,0.0
53.57142857142857,0.0
53.57142857142857,0.0
53.57142857142857,0.0
53.57142857142857,0.0
53.57142857142857,0.0
53.57142857142857,0.0
53.57142857142857,0.8782142857142857
53.57142857142857,0.8782142857142857
53.57142857142857,0.8782142857142857
10.714285714285714,0.8782142857142857
