transact_c,transact_d
0.0,0.0
0.0,0.0
0.0,0.0
0.0,0.0
0.0,0.0
0.0,0.0
0.0,0.0
0.0,0.0
0.0,0.0
0.0,0.0
0.0,0.0
0.0,0.0
0.0,0.0
0.0,0.0
0.0,0.0
0.0,0.0
0.0,0.0
0.0,0.0
0.0,0.0
0.0,0.0
0.0,0.0
0.0,0.0
0.0,0.0
0.0,0.0
0.0,0.0
0.0,2.5
0.0,2.5
0.0,2.5
0.0,2.5
0.0,2.5
0.0,2.5
0.0,2.5
0.0,2.5
0.0,2.5
0.0,2.5
0.0,2.5
0.0,2.5
0.0,2.5
0.0,2.5
0.0,2.5
0.0,2.5
0.0,2.5
0.0,2.5
0.0,2.5
0.0,2.5
0.0,2.5
0.0,2.5
0.0,2.5
0.0,2.5
0.0,2.5
0.0,2.5
0.0,2.5
0.0,2.5
0.0,0.0
0.0,0.0
0.0,0.0
0.0,0.0
2.5285714285714285,0.0
2.5285714285714285,0.0
2.5285714285714285,0.0
2.5285714285714285,0.0
2.5285714285714285,0.0
2.5285714285714285,0.0
2.5285714285714285,0.0
2.5285714285714285,0.0
2.5285714285714285,0.0
2.5285714285714285,0.0
2.5285714285714285,0.0
2.5285714285714285,0.0
2.5285714285714285,0.0
2.5285714285714285,0.0
2.5285714285714285,0.0
2.5285714285714285,0.0
2.5285714285714285,0.0
2.5285714285714285,0.0
2.5285714285714285,0.0
2.5285714285714285,0.0
2.5285714285714285,0.0
2.5285714285714285,0.0
2.5285714285714285,0.0
2.5285714285714285,0.0
2.5285714285714285,0.0
2.5285714285714285,0.0
2.5285714285714285,0.0
2.5285714285714285,0.0
0.0,0.0
0.0,0.0
0.0,0.0
0.0,0.0
0.0,0.0
0.0,0.0
0.0,0.0
0.0,0.0
0.0,0.0
0.0,0.0
0.0,0.0
0.0,0.0
0.0,0.0
0.0,0.0
0.0,0.0
0.0,0.0
0.0,0.0
0.0,0.0
0.0,0.0
0.0,0.0
0.0,0.0
0.0,0.0
0.0,0.0
0.0,0.0
0.0,0.0
0.0,0.0
0.0,0.0
0.0,0.0
0.0,0.0
0.0,0.0
0.0,0.0
0.0,10.346428571428572
0.0,10.346428571428572
0.0,10.346428571428572
0.0,10.346428571428572
0.0,10.346428571428572
0.0,10.346428571428572
0.0,10.346428571428572
0.0,10.346428571428572
0.0,10.346428571428572
0.0,10.346428571428572
0.0,10.346428571428572
0.0,10.346428571428572
0.0,10.346428571428572
10.346428571428572,10.346428571428572
10.346428571428572,10.346428571428572
10.346428571428572,10.346428571428572
10.346428571428572,10.346428571428572
10.346428571428572,10.346428571428572
10.346428571428572,10.346428571428572
10.346428571428572,10.346428571428572
10.346428571428572,10.346428571428572
10.346428571428572,10.346428571428572
10.346428571428572,10.346428571428572
10.346428571428572,10.346428571428572
10.346428571428572,10.346428571428572
10.346428571428572,10.346428571428572
10.346428571428572,10.346428571428572
10.346428571428572,10.346428571428572
10.364999999999998,0.0
10.364999999999998,0.0
10.364999999999998,0.0
10.364999999999998,0.0
10.364999999999998,0.0
10.364999999999998,0.0
10.364999999999998,0.0
10.364999999999998,0.0
10.364999999999998,0.0
10.364999999999998,0.0
