transact_c,transact_d
0.0,128.74821428571428
0.0,125.0
0.0,125.0
0.0,125.0
0.0,125.0
0.0,125.0
0.0,125.0
0.0,125.0
0.0,125.0
0.0,125.0
0.0,125.0
0.0,0.0
0.0,0.0
0.0,0.0
0.0,10.7025
0.0,21.405
0.0,32.1075
0.0,32.1075
0.0,32.1075
0.0,32.1075
0.0,32.1075
0.0,32.1075
0.0,32.1075
0.0,32.1075
0.0,32.1075
0.0,32.1075
0.0,32.1075
0.0,32.1075
0.0,32.1075
0.0,32.1075
0.0,32.1075
0.0,32.1075
0.0,32.1075
0.0,32.1075
0.0,32.1075
0.0,32.1075
0.0,32.1075
0.0,32.1075
0.0,32.1075
0.0,32.1075
0.0,32.1075
0.0,32.1075
0.0,21.405
0.0,10.7025
0.0,0.0
0.0,0.0
0.0,0.0
0.0,0.0
0.0,0.0
0.0,0.0
0.0,0.0
0.0,0.0
0.0,0.0
0.0,0.0
0.0,0.0
0.0,0.0
0.0,0.0
0.0,0.0
0.0,0.0
0.0,0.0
0.0,0.0
0.0,0.0
0.0,0.0
0.0,0.0
0.0,0.0
0.0,0.0
0.0,0.0
0.0,0.0
0.0,0.0
0.0,0.0
0.0,0.0
0.0,0.0
0.0,0.0
0.0,0.0
0.0,0.0
0.0,0.0
0.0,0.0
0.0,0.0
0.0,0.0
0.0,0.0
0.0,0.0
0.0,0.0
0.0,0.0
0.0,0.0
0.0,0.0
0.0,0.0
0.0,0.0
0.0,0.0
0.0,0.0
0.0,0.0
0.0,0.0
0.0,0.0
0.0,0.0
0.0,0.0
3.748214285714286,0.0
3.748214285714286,0.0
3.748214285714286,0.0
3.748214285714286,0.0
3.748214285714286,0.0
3.748214285714286,0.0
3.748214285714286,0.0
3.748214285714286,0.0
3.748214285714286,0.0
3.748214285714286,0.0
3.748214285714286,0.0
3.748214285714286,0.0
3.748214285714286,0.0
3.748214285714286,0.0
3.748214285714286,0.0
3.748214285714286,0.0
3.748214285714286,0.0
3.748214285714286,0.0
3.748214285714286,0.0
3.748214285714286,0.0
3.748214285714286,0.0
3.748214285714286,0.0
3.748214285714286,0.0
3.748214285714286,0.0
3.748214285714286,15.464285714285714
3.748214285714286,15.464285714285714
3.748214285714286,15.464285714285714
3.748214285714286,15.464285714285714
0.0,15.464285714285714
0.0,15.464285714285714
0.0,16.357142857142858
0.0,16.357142857142858
0.0,16.357142857142858
0.0,16.357142857142858
0.0,16.357142857142858
0.0,16.357142857142858
0.0,16.357142857142858
0.0,16.357142857142858
0.0,16.357142857142858
0.0,16.357142857142858
0.0,16.357142857142858
0.0,16.357142857142858
0.0,16.357142857142858
0.0,16.357142857142858
0.0,16.357142857142858
0.0,16.357142857142858
0.0,16.357142857142858
0.0,16.357142857142858
0.0,16.357142857142858
0.0,16.357142857142858
0.0,16.357142857142858
0.0,16.357142857142858
0.0,0.8928571428571429
0.0,0.8928571428571429
0.0,16.357142857142858
0.0,16.357142857142858
0.0,16.357142857142858
0.0,16.357142857142858
0.0,15.464285714285714
0.0,15.464285714285714
0.0,15.464285714285714
