transact_c,transact_d
3.0285714285714285,9.085714285714285
3.0285714285714285,9.085714285714285
3.0285714285714285,9.085714285714285
3.0285714285714285,9.085714285714285
3.0285714285714285,6.057142857142857
3.0285714285714285,6.057142857142857
0.0,8.112142857142857
0.0,5.083571428571429
3.0285714285714285,5.083571428571429
3.0285714285714285,8.112142857142857
3.0285714285714285,8.112142857142857
3.0285714285714285,8.112142857142857
3.0285714285714285,11.140714285714285
3.0285714285714285,14.169285714285715
3.0285714285714285,14.169285714285715
3.0285714285714285,14.169285714285715
3.0285714285714285,14.169285714285715
3.0285714285714285,14.169285714285715
3.0285714285714285,14.169285714285715
3.0285714285714285,14.169285714285715
3.0285714285714285,14.169285714285715
3.0285714285714285,14.169285714285715
3.0285714285714285,14.169285714285715
3.0285714285714285,14.169285714285715
3.0285714285714285,14.169285714285715
3.0285714285714285,14.169285714285715
3.0285714285714285,14.169285714285715
3.0285714285714285,14.169285714285715
3.0285714285714285,14.169285714285715
3.0285714285714285,14.169285714285715
3.0285714285714285,14.169285714285715
3.0285714285714285,14.169285714285715
3.0285714285714285,14.169285714285715
3.0285714285714285,14.169285714285715
3.0285714285714285,12.114285714285714
3.0285714285714285,12.114285714285714
0.0,9.085714285714285
0.0,6.057142857142857
0.0,6.057142857142857
0.0,6.057142857142857
0.0,3.0285714285714285
0.0,0.0
0.0,0.0
0.0,0.0
0.0,0.0
0.0,0.0
0.0,0.0
0.0,0.0
0.0,0.0
0.0,0.0
0.0,0.0
0.0,0.0
0.0,0.0
0.0,0.0
0.0,0.0
0.0,0.0
0.0,0.0
0.0,0.0
0.0,0.0
0.0,0.0
0.0,0.0
2.055,0.0
2.055,0.0
2.055,0.0
2.055,0.0
2.055,0.0
2.055,0.0
2.055,0.0
2.055,0.0
2.055,0.0
2.055,0.0
2.055,0.0
2.055,0.0
2.055,0.0
2.055,0.0
2.055,0.0
2.055,0.0
2.055,0.0
2.055,0.0
2.055,0.0
2.055,0.0
2.055,0.0
2.055,0.0
2.055,0.0
2.055,0.0
2.055,0.0
2.055,0.0
2.055,0.0
2.055,0.0
0.0,0.0
0.0,0.0
0.0,0.0
0.0,0.0
0.0,0.0
0.0,0.0
0.0,0.0
0.0,0.0
0.0,0.0
0.0,0.0
0.0,0.0
0.0,0.0
0.0,0.0
0.0,0.0
0.0,0.0
0.0,0.0
0.0,0.0
0.0,0.0
0.0,0.0
0.0,0.0
0.0,0.0
0.0,0.0
0.0,0.0
0.0,0.0
0.0,0.0
0.0,0.0
0.0,0.0
0.0,0.0
0.0,0.0
0.0,0.0
0.0,0.0
0.0,0.0
0.0,0.0
0.0,0.0
0.0,0.0
0.0,0.0
0.0,0.0
0.0,0.0
0.0,0.0
0.0,0.0
0.0,0.0
0.0,0.0
0.0,0.0
0.0,0.0
0.0,0.0
0.0,0.0
0.0,0.0
0.0,0.0
0.0,0.0
0.0,0.0
0.0,0.0
0.0,0.0
0.0,0.0
0.0,0.0
0.0,0.0
0.0,0.0
0.0,0.0
0.0,0.0
0.0,0.0
0.0,0.0
0.0,0.0
0.0,0.0
0.0,0.0
0.0,0.0
0.0,0.0
