transact_c,transact_d
0.0,22.613928571428573
0.0,22.613928571428573
0.0,22.613928571428573
0.0,22.613928571428573
0.0,22.613928571428573
0.0,22.613928571428573
0.0,22.613928571428573
0.0,22.613928571428573
0.0,22.613928571428573
0.0,22.613928571428573
0.0,22.613928571428573
0.0,4.479642857142857
0.0,0.0
164.69464285714284,0.0
164.69464285714284,0.0
164.69464285714284,0.0
164.69464285714284,0.0
164.69464285714284,0.0
164.69464285714284,0.0
164.69464285714284,0.0
164.69464285714284,0.0
164.69464285714284,0.0
164.69464285714284,0.0
164.69464285714284,0.0
164.69464285714284,0.0
164.69464285714284,0.0
164.69464285714284,0.0
164.69464285714284,0.0
164.69464285714284,0.0
164.69464285714284,0.0
164.69464285714284,0.0
164.69464285714284,0.0
164.69464285714284,0.0
164.69464285714284,0.0
164.69464285714284,0.0
164.69464285714284,0.0
164.69464285714284,0.0
164.69464285714284,0.0
164.69464285714284,0.0
164.69464285714284,0.0
164.69464285714284,0.0
0.0,0.0
0.0,0.0
0.0,0.0
0.0,0.0
0.0,0.0
0.0,0.0
0.0,0.0
0.0,0.0
0.0,0.0
0.0,0.0
0.0,0.0
0.0,0.0
0.0,0.0
0.0,0.0
0.0,0.0
0.0,0.0
0.0,0.0
0.0,0.0
0.0,0.0
0.0,0.0
0.0,0.0
0.0,0.0
0.0,0.0
0.0,0.0
0.0,0.0
0.0,0.0
0.0,0.0
0.0,0.0
0.0,0.0
0.0,0.0
0.0,0.0
0.0,93.09750000000001
0.0,202.56
0.0,202.56
0.0,202.56
0.0,202.56
0.0,202.56
0.0,202.56
0.0,202.56
0.0,202.56
0.0,202.56
0.0,202.56
0.0,202.56
0.0,202.56
0.0,202.56
0.0,202.56
0.0,202.56
0.0,202.56
0.0,202.56
0.0,202.56
0.0,202.56
0.0,202.56
0.0,202.56
0.0,202.56
0.0,202.56
0.0,202.56
0.0,202.56
0.0,202.56
0.0,202.56
0.0,109.46249999999999
0.0,0.0
0.0,97.86535714285715
0.0,219.76714285714283
0.0,464.0482142857142
0.0,464.0482142857142
0.0,464.0482142857142
0.0,464.0482142857142
0.0,464.0482142857142
0.0,464.0482142857142
0.0,464.0482142857142
0.0,464.0482142857142
0.0,464.0482142857142
0.0,464.0482142857142
0.0,464.0482142857142
0.0,464.0482142857142
0.0,464.0482142857142
0.0,464.0482142857142
0.0,464.0482142857142
0.0,464.0482142857142
0.0,464.0482142857142
0.0,464.0482142857142
0.0,464.0482142857142
0.0,464.0482142857142
0.0,464.0482142857142
0.0,464.0482142857142
0.0,464.0482142857142
0.0,464.0482142857142
0.0,464.0482142857142
0.0,464.0482142857142
0.0,366.18285714285713
0.0,244.28107142857144
0.0,0.0
0.0,0.0
0.0,0.0
0.0,0.0
0.0,0.0
0.0,0.0
0.0,0.0
0.0,0.0
0.0,0.0
0.0,0.0
0.0,0.0
0.0,0.0
0.0,0.0
0.0,0.0
0.0,0.0
0.0,0.0
0.0,0.0
0.0,0.0
0.0,0.0
0.0,0.0
0.0,0.0
0.0,0.0
