transact_c,transact_d
0.0,100.0
0.0,100.0
0.0,100.0
0.0,100.0
0.0,0.0
0.0,0.0
0.0,0.0
0.0,0.0
0.0,0.0
0.0,25.0
0.0,25.0
0.0,25.0
0.0,25.0
0.0,25.0
0.0,90.0
0.0,90.0
0.0,90.0
0.0,90.0
0.0,90.0
0.0,90.0
0.0,90.0
0.0,90.0
0.0,90.0
0.0,90.0
0.0,140.0
0.0,140.0
0.0,140.0
0.0,140.0
0.0,140.0
0.0,140.0
0.0,115.0
0.0,115.0
0.0,115.0
0.0,115.0
0.0,115.0
0.0,50.0
0.0,50.0
0.0,50.0
0.0,50.0
0.0,50.0
0.0,50.0
0.0,50.0
0.0,50.0
0.0,50.0
0.0,50.0
0.0,0.0
0.0,0.0
0.0,0.0
0.0,0.0
0.0,0.0
0.0,0.0
0.0,0.0
0.0,0.0
0.0,0.0
0.0,0.0
0.0,0.0
0.0,0.0
0.0,0.0
0.0,0.0
0.0,0.0
0.0,0.0
0.0,0.0
0.0,0.0
0.0,0.0
0.0,0.0
0.0,0.0
0.0,0.0
0.0,0.0
0.0,0.0
0.0,0.0
0.0,0.0
0.0,0.0
0.0,0.0
0.0,0.0
0.0,0.0
0.0,0.0
0.0,0.0
0.0,0.0
0.0,0.0
0.0,0.0
0.0,0.0
0.0,0.0
0.0,0.0
0.0,0.0
0.0,0.0
0.0,0.0
0.0,0.0
0.0,0.0
0.0,0.0
0.0,0.0
0.0,0.0
0.0,0.0
0.0,0.0
0.0,0.0
0.0,0.0
0.0,0.0
0.0,0.0
0.0,0.0
0.0,0.0
0.0,0.0
0.0,0.0
0.0,0.0
0.0,0.0
0.0,0.0
0.0,0.0
0.0,0.0
0.0,0.0
0.0,0.0
0.0,0.0
0.0,0.0
0.0,0.0
0.0,0.0
0.0,4.761904761904762
0.0,4.761904761904762
0.0,4.761904761904762
0.0,4.761904761904762
37.142857142857146,4.761904761904762
37.142857142857146,4.761904761904762
37.142857142857146,4.761904761904762
37.142857142857146,4.761904761904762
37.142857142857146,4.761904761904762
37.142857142857146,4.761904761904762
37.142857142857146,4.761904761904762
37.142857142857146,4.761904761904762
37.142857142857146,4.761904761904762
37.142857142857146,4.761904761904762
37.142857142857146,4.761904761904762
37.142857142857146,4.761904761904762
37.142857142857146,4.761904761904762
37.142857142857146,4.761904761904762
37.142857142857146,4.761904761904762
37.142857142857146,4.761904761904762
37.142857142857146,4.761904761904762
37.142857142857146,0.0
37.142857142857146,0.0
37.142857142857146,0.0
37.142857142857146,0.0
0.0,0.0
0.0,0.0
0.0,0.0
0.0,1.1904761904761905
0.0,1.1904761904761905
0.0,1.1904761904761905
0.0,1.1904761904761905
0.0,1.1904761904761905
0.0,1.1904761904761905
0.0,1.1904761904761905
0.0,1.1904761904761905
0.0,1.1904761904761905
0.0,1.1904761904761905
0.0,1.1904761904761905
0.0,1.1904761904761905
0.0,1.1904761904761905
0.0,1.1904761904761905
0.0,1.1904761904761905
0.0,1.1904761904761905
0.0,1.1904761904761905
0.0,1.1904761904761905
0.0,1.1904761904761905
0.0,1.1904761904761905
0.0,1.1904761904761905
