transact_c,transact_d
23.80952380952381,1.1904761904761905
23.80952380952381,1.1904761904761905
23.80952380952381,1.1904761904761905
23.80952380952381,1.1904761904761905
23.80952380952381,1.1904761904761905
23.80952380952381,1.1904761904761905
0.0,1.1904761904761905
0.0,1.1904761904761905
0.0,1.1904761904761905
0.0,1.1904761904761905
0.0,1.1904761904761905
0.0,0.0
0.0,0.0
0.0,0.0
0.0,0.0
0.0,0.0
0.0,0.0
0.0,0.0
0.0,0.0
0.0,0.0
0.0,0.0
0.0,0.0
0.0,0.0
0.0,0.0
0.0,0.0
0.0,0.0
0.0,0.0
0.0,0.0
0.0,0.0
0.0,0.0
0.0,0.0
0.0,0.0
0.0,0.0
0.0,0.0
0.0,0.0
0.0,0.0
0.0,0.0
0.0,0.0
0.0,0.0
0.0,0.0
0.0,0.0
0.0,0.0
0.0,0.0
0.0,0.0
0.0,0.0
0.0,0.0
0.0,0.0
0.0,76.33333333333333
0.0,76.33333333333333
0.0,76.33333333333333
0.0,76.33333333333333
0.0,76.33333333333333
0.0,76.33333333333333
0.0,76.33333333333333
0.0,76.33333333333333
0.0,76.33333333333333
0.0,76.33333333333333
0.0,76.33333333333333
0.0,76.33333333333333
0.0,76.33333333333333
0.0,76.33333333333333
0.0,76.33333333333333
0.0,76.33333333333333
0.0,76.33333333333333
0.0,76.33333333333333
0.0,76.33333333333333
0.0,76.33333333333333
0.0,76.33333333333333
0.0,0.0
0.0,0.0
0.0,0.0
0.0,3.81
0.0,3.81
0.0,3.81
0.0,3.81
0.0,3.81
0.0,3.81
0.0,3.81
0.0,3.81
0.0,3.81
0.0,3.81
0.0,3.81
0.0,3.81
0.0,3.81
0.0,3.81
0.0,3.81
0.0,3.81
0.0,3.81
0.0,3.81
0.0,3.81
0.0,3.81
0.0,3.81
0.0,0.0
0.0,0.0
0.0,0.0
0.0,0.0
0.0,0.0
0.0,0.0
0.0,0.0
0.0,0.0
0.0,0.0
0.0,0.0
0.0,0.0
0.0,0.0
0.0,0.0
0.0,0.0
0.0,0.0
0.0,0.0
0.0,0.0
0.0,0.0
0.0,0.0
0.0,0.0
0.0,0.0
0.0,0.0
0.0,0.0
0.0,0.0
0.0,0.0
0.0,0.0
0.0,0.0
0.0,0.0
0.0,0.0
0.0,0.0
0.0,0.0
0.0,0.0
0.0,0.0
0.0,0.0
0.0,0.0
0.0,23.80952380952381
0.0,23.80952380952381
0.0,23.80952380952381
0.0,23.80952380952381
0.0,23.80952380952381
3.81,23.80952380952381
3.81,23.80952380952381
3.81,23.80952380952381
3.81,23.80952380952381
3.81,23.80952380952381
3.81,23.80952380952381
3.81,23.80952380952381
3.81,23.80952380952381
3.81,23.80952380952381
3.81,23.80952380952381
3.81,23.80952380952381
3.81,23.80952380952381
3.81,23.80952380952381
3.81,23.80952380952381
3.81,23.80952380952381
3.81,23.80952380952381
3.81,0.0
3.81,0.0
3.81,0.0
3.81,199.07095238095238
3.81,199.07095238095238
0.0,199.07095238095238
0.0,199.07095238095238
0.0,199.07095238095238
0.0,199.07095238095238
0.0,199.07095238095238
0.0,199.07095238095238
0.0,199.07095238095238
0.0,199.07095238095238
