transact_c,transact_d
14.04,11.80952380952381
7.02,18.829523809523806
7.02,18.829523809523806
7.02,18.829523809523806
7.02,18.829523809523806
7.02,18.829523809523806
0.0,18.829523809523806
0.0,18.829523809523806
18.829523809523806,18.829523809523806
18.829523809523806,18.829523809523806
18.829523809523806,18.829523809523806
18.829523809523806,18.829523809523806
18.829523809523806,18.829523809523806
18.829523809523806,18.829523809523806
25.849523809523806,18.829523809523806
25.849523809523806,18.829523809523806
25.849523809523806,18.829523809523806
25.849523809523806,18.829523809523806
25.849523809523806,18.829523809523806
25.849523809523806,18.829523809523806
25.849523809523806,18.829523809523806
25.849523809523806,7.02
25.849523809523806,0.0
25.849523809523806,0.0
25.849523809523806,0.0
25.849523809523806,0.0
25.849523809523806,0.0
25.849523809523806,0.0
25.849523809523806,0.0
7.02,0.0
7.02,0.0
7.02,0.0
7.02,7.02
7.02,7.02
7.02,7.02
0.0,7.02
0.0,7.02
0.0,7.02
0.0,7.02
0.0,7.02
0.0,7.02
7.02,7.02
7.02,7.02
7.02,7.02
7.02,7.02
17.37333333333333,7.02
24.74857142857143,7.02
24.74857142857143,7.02
24.74857142857143,7.02
24.74857142857143,7.02
24.74857142857143,7.02
24.74857142857143,7.02
24.74857142857143,7.02
24.74857142857143,0.0
24.74857142857143,0.0
24.74857142857143,0.0
24.74857142857143,0.0
24.74857142857143,0.0
24.74857142857143,0.0
24.74857142857143,0.0
24.74857142857143,7.02
24.74857142857143,7.02
17.728571428571428,7.02
17.728571428571428,7.02
17.728571428571428,7.02
17.728571428571428,7.02
7.375238095238095,7.02
0.0,7.02
0.0,7.02
0.0,7.02
0.0,7.02
0.0,7.02
0.0,7.02
0.0,7.02
0.0,7.02
0.0,7.02
0.0,7.02
0.0,7.02
0.0,7.02
0.0,7.02
0.0,7.02
0.0,0.0
0.0,0.0
0.0,0.0
0.0,0.0
0.0,0.0
0.0,0.0
0.0,0.0
0.0,0.0
0.0,0.0
0.0,0.0
0.0,7.02
0.0,7.02
0.0,7.02
0.0,7.02
0.0,7.02
0.0,7.02
0.0,7.02
0.0,7.02
7.02,7.02
7.02,7.02
7.02,7.02
7.02,7.02
7.02,7.02
7.02,7.02
7.02,7.02
7.02,7.02
7.02,7.02
7.02,7.02
7.02,7.02
7.02,7.02
7.02,7.02
7.02,0.0
7.02,0.0
7.02,0.0
7.02,0.0
7.02,0.0
7.02,0.0
7.02,0.0
7.02,0.0
0.0,0.0
0.0,7.02
0.0,7.02
0.0,7.02
0.0,7.02
0.0,7.02
0.0,7.02
0.0,7.02
0.0,7.02
0.0,7.02
0.0,7.02
0.0,7.02
0.0,7.02
0.0,7.02
0.0,7.02
0.0,7.02
0.0,7.02
0.0,7.02
0.0,7.02
0.0,7.02
0.0,7.02
0.0,7.02
0.0,0.0
0.0,0.0
0.0,0.0
0.0,0.0
0.0,0.0
0.0,0.0
0.0,0.0
0.0,0.0
0.0,0.0
0.0,0.0
0.0,7.02
0.0,7.02
0.0,7.02
0.0,7.02
0.0,7.02
0.0,10.353333333333333
0.0,10.353333333333333
0.0,10.353333333333333
0.0,10.353333333333333
