transact_c,transact_d
129.1552380952381,1.1904761904761905
129.1552380952381,28.920476190476194
100.2347619047619,28.920476190476194
100.2347619047619,28.920476190476194
100.2347619047619,28.920476190476194
100.2347619047619,28.920476190476194
100.2347619047619,28.920476190476194
63.04761904761905,28.920476190476194
35.31761904761905,28.920476190476194
35.31761904761905,28.920476190476194
0.0,28.920476190476194
0.0,28.920476190476194
0.0,28.920476190476194
27.73,27.73
27.73,27.73
27.73,27.73
27.73,27.73
27.73,27.73
27.73,27.73
57.84095238095239,27.73
57.84095238095239,27.73
57.84095238095239,27.73
57.84095238095239,0.0
57.84095238095239,0.0
57.84095238095239,0.0
57.84095238095239,0.0
57.84095238095239,0.0
57.84095238095239,0.0
57.84095238095239,0.0
57.84095238095239,0.0
57.84095238095239,0.0
57.84095238095239,0.0
57.84095238095239,27.73
57.84095238095239,27.73
30.110952380952384,27.73
30.110952380952384,27.73
30.110952380952384,27.73
30.110952380952384,27.73
30.110952380952384,27.73
30.110952380952384,27.73
0.0,27.73
0.0,27.73
0.0,27.73
0.0,27.73
0.0,27.73
0.0,27.73
0.0,27.73
0.0,27.73
0.0,27.73
0.0,27.73
0.0,27.73
0.0,27.73
0.0,27.73
0.0,0.0
0.0,0.0
0.0,0.0
0.0,0.0
0.0,0.0
0.0,0.0
0.0,0.0
0.0,27.73
0.0,27.73
0.0,27.73
0.0,27.73
0.0,27.73
27.73,27.73
27.73,27.73
27.73,27.73
27.73,27.73
27.73,27.73
27.73,27.73
27.73,27.73
27.73,27.73
27.73,27.73
27.73,27.73
27.73,27.73
27.73,27.73
27.73,27.73
27.73,27.73
27.73,27.73
27.73,27.73
27.73,0.0
27.73,0.0
27.73,0.0
27.73,0.0
27.73,0.0
0.0,0.0
0.0,0.0
0.0,0.0
0.0,0.0
0.0,0.0
0.0,27.73
0.0,27.73
0.0,27.73
0.0,27.73
0.0,27.73
0.0,27.73
0.0,27.73
0.0,27.73
0.0,27.73
0.0,27.73
0.0,27.73
0.0,27.73
0.0,27.73
27.73,27.73
27.73,27.73
27.73,27.73
27.73,27.73
27.73,27.73
27.73,27.73
27.73,27.73
27.73,27.73
27.73,0.0
27.73,0.0
27.73,0.0
27.73,0.0
27.73,0.0
27.73,0.0
27.73,0.0
27.73,0.0
27.73,0.0
27.73,27.73
27.73,27.73
27.73,27.73
27.73,27.73
0.0,27.73
0.0,27.73
0.0,27.73
0.0,27.73
0.0,27.73
0.0,27.73
0.0,27.73
0.0,27.73
0.0,27.73
0.0,27.73
0.0,27.73
0.0,27.73
0.0,27.73
0.0,27.73
0.0,27.73
0.0,27.73
0.0,27.73
0.0,0.0
0.0,0.0
0.0,0.0
0.0,0.0
0.0,0.0
0.0,0.0
0.0,0.0
0.0,0.0
0.0,0.0
0.0,0.0
0.0,27.73
0.0,27.73
0.0,27.73
0.0,27.73
0.0,37.18714285714286
0.0,37.18714285714286
0.0,37.18714285714286
0.0,37.18714285714286
0.0,37.18714285714286
