transact_c,transact_d
0.0,50.0
50.0,50.0
50.0,50.0
50.0,50.0
50.0,50.0
50.0,50.0
50.0,50.0
50.0,50.0
50.0,50.0
50.0,50.0
50.0,50.0
50.0,50.0
50.0,50.0
50.0,50.0
50.0,50.0
50.0,50.0
50.0,50.0
50.0,50.0
50.0,50.0
50.0,50.0
50.0,50.0
50.0,0.0
0.0,0.0
0.0,0.0
0.0,0.0
0.0,0.0
0.0,0.0
0.0,0.0
0.0,0.0
0.0,0.0
0.0,0.0
0.0,0.0
0.0,10.714285714285714
0.0,10.714285714285714
0.0,10.714285714285714
0.0,10.714285714285714
0.0,10.714285714285714
0.0,10.714285714285714
0.0,10.714285714285714
0.0,10.714285714285714
2.380952380952381,10.714285714285714
2.380952380952381,10.714285714285714
2.380952380952381,10.714285714285714
2.380952380952381,10.714285714285714
2.380952380952381,10.714285714285714
2.380952380952381,10.714285714285714
2.380952380952381,10.714285714285714
2.380952380952381,10.714285714285714
2.380952380952381,10.714285714285714
2.380952380952381,10.714285714285714
2.380952380952381,10.714285714285714
2.380952380952381,10.714285714285714
2.380952380952381,20.857142857142858
2.380952380952381,10.142857142857142
2.380952380952381,10.142857142857142
11.358095238095238,10.142857142857142
11.358095238095238,10.142857142857142
11.358095238095238,10.142857142857142
11.358095238095238,10.142857142857142
11.358095238095238,10.142857142857142
11.358095238095238,10.142857142857142
8.977142857142857,10.142857142857142
8.977142857142857,10.142857142857142
8.977142857142857,10.142857142857142
8.977142857142857,10.142857142857142
8.977142857142857,10.142857142857142
8.977142857142857,10.142857142857142
8.977142857142857,10.142857142857142
8.977142857142857,10.142857142857142
8.977142857142857,10.142857142857142
8.977142857142857,10.142857142857142
8.977142857142857,10.142857142857142
8.977142857142857,10.142857142857142
8.977142857142857,0.0
8.977142857142857,0.0
8.977142857142857,0.0
0.0,0.0
0.0,0.0
0.0,0.0
0.0,0.0
0.0,0.0
0.0,0.0
0.0,0.0
0.0,0.0
0.0,0.0
0.0,0.0
0.0,0.0
0.0,0.0
0.0,0.0
0.0,0.0
0.0,0.0
0.0,0.0
0.0,0.0
0.0,0.0
0.0,0.0
0.0,0.0
0.0,0.0
0.0,0.0
0.0,0.0
0.0,0.0
0.0,0.0
0.0,0.0
0.0,0.0
0.0,0.0
0.0,0.0
0.0,0.0
0.0,0.0
0.0,0.0
0.0,0.0
0.0,0.0
0.0,0.0
0.0,0.0
0.0,0.0
0.0,0.0
0.0,0.0
0.0,0.0
0.0,0.0
0.0,0.0
0.0,0.0
0.0,0.0
0.0,0.0
0.0,0.0
0.0,0.0
0.0,0.0
0.0,0.0
0.0,0.0
0.0,0.0
0.0,0.0
0.0,0.0
0.0,0.0
0.0,0.0
0.0,0.0
0.0,0.0
0.0,0.0
0.0,0.0
0.0,0.0
0.0,0.0
0.0,0.0
0.0,0.0
0.0,0.0
0.0,0.0
0.0,0.0
0.0,0.0
0.0,0.0
0.0,0.0
0.0,0.0
0.0,0.0
0.0,0.0
0.0,0.0
0.0,0.0
0.0,0.0
0.0,0.0
0.0,0.0
0.0,0.0
0.0,0.0
0.0,0.0
0.0,0.0
0.0,0.0
0.0,0.0
0.0,0.0
0.0,0.0
