transact_c,transact_d
100.0,0.0
100.0,0.0
100.0,0.0
100.0,0.0
100.0,0.0
100.0,0.0
100.0,0.0
100.0,0.0
100.0,0.0
100.0,0.0
150.0,0.0
100.0,0.0
50.0,0.0
50.0,0.0
50.0,0.0
50.0,0.0
50.0,0.0
50.0,0.0
50.0,0.0
50.0,0.0
50.0,0.0
50.0,0.0
50.0,0.0
50.0,0.0
50.0,0.0
50.0,0.0
50.0,0.0
50.0,0.0
50.0,0.0
50.0,0.0
50.0,0.0
0.0,0.0
0.0,0.0
0.0,0.0
0.0,0.0
0.0,0.0
0.0,0.0
0.0,0.0
50.0,0.0
50.0,0.0
50.0,0.0
50.0,0.0
50.0,0.0
50.0,0.0
50.0,0.0
50.0,0.0
50.0,0.0
50.0,0.0
50.0,0.0
50.0,0.0
50.0,0.0
50.0,0.0
50.0,0.0
50.0,0.0
50.0,0.0
50.0,0.0
50.0,0.0
50.0,0.0
50.0,0.0
0.0,0.0
0.0,0.0
0.0,0.0
0.0,0.0
0.0,0.0
0.0,3.3333333333333335
50.0,3.3333333333333335
50.0,3.3333333333333335
50.0,3.3333333333333335
50.0,3.3333333333333335
50.0,3.3333333333333335
50.0,3.3333333333333335
50.0,5.714285714285714
50.0,5.714285714285714
50.0,5.714285714285714
50.0,5.714285714285714
50.0,5.714285714285714
50.0,5.714285714285714
50.0,5.714285714285714
50.0,5.714285714285714
50.0,5.714285714285714
50.0,5.714285714285714
50.0,5.714285714285714
50.0,5.714285714285714
50.0,5.714285714285714
50.0,5.714285714285714
50.0,2.380952380952381
0.0,2.380952380952381
0.0,2.380952380952381
0.0,2.380952380952381
0.0,2.380952380952381
0.0,2.380952380952381
0.0,2.380952380952381
0.0,0.0
0.0,0.0
0.0,0.0
0.0,0.0
0.0,0.0
0.0,0.0
0.0,0.0
52.38095238095238,0.0
52.38095238095238,0.0
52.38095238095238,0.0
52.38095238095238,0.0
52.38095238095238,0.0
52.38095238095238,0.0
52.38095238095238,0.0
52.38095238095238,0.0
52.38095238095238,0.0
52.38095238095238,0.0
52.38095238095238,0.0
52.38095238095238,0.0
52.38095238095238,0.0
52.38095238095238,0.0
52.38095238095238,0.0
52.38095238095238,0.0
52.38095238095238,0.0
52.38095238095238,0.0
52.38095238095238,0.0
52.38095238095238,0.0
52.38095238095238,0.0
0.0,0.0
0.0,0.0
52.38095238095238,0.0
52.38095238095238,0.0
52.38095238095238,0.0
52.38095238095238,0.0
52.38095238095238,0.0
52.38095238095238,0.0
52.38095238095238,0.0
52.38095238095238,0.0
52.38095238095238,0.0
52.38095238095238,0.0
52.38095238095238,0.0
52.38095238095238,0.0
52.38095238095238,0.0
52.38095238095238,0.0
52.38095238095238,0.0
52.38095238095238,0.0
52.38095238095238,0.0
52.38095238095238,0.0
52.38095238095238,0.0
52.38095238095238,0.0
52.38095238095238,0.0
0.0,0.0
0.0,0.0
0.0,0.0
0.0,0.0
0.0,0.0
0.0,0.0
0.0,0.0
0.0,0.0
0.0,0.0
0.0,0.0
0.0,0.0
0.0,0.0
0.0,0.0
0.0,0.0
50.0,0.0
50.0,0.0
50.0,0.0
50.0,0.0
