transact_c,transact_d
0.0,18.678571428571427
0.0,18.678571428571427
0.0,18.678571428571427
0.0,18.678571428571427
0.0,18.678571428571427
0.0,18.678571428571427
0.0,18.678571428571427
0.0,18.678571428571427
0.0,18.678571428571427
0.0,18.678571428571427
0.0,9.523809523809524
0.0,0.0
0.0,0.0
0.0,0.0
0.0,0.0
0.0,0.0
0.0,0.0
0.0,0.0
0.0,0.0
0.0,0.0
0.0,0.0
0.0,0.0
0.0,5.171428571428571
0.0,5.171428571428571
0.0,5.171428571428571
0.0,5.171428571428571
0.0,5.171428571428571
0.0,5.171428571428571
0.0,5.171428571428571
0.0,5.171428571428571
0.0,5.171428571428571
0.0,5.171428571428571
0.0,5.171428571428571
0.0,5.171428571428571
0.0,5.171428571428571
0.0,5.171428571428571
0.0,5.171428571428571
0.0,5.171428571428571
0.0,5.171428571428571
0.0,5.171428571428571
0.0,5.171428571428571
0.0,5.171428571428571
0.0,5.171428571428571
0.0,0.0
0.0,0.0
0.0,0.0
0.0,0.0
0.0,0.0
0.0,0.0
0.0,0.0
0.0,0.0
0.0,0.0
0.0,0.0
0.0,0.0
0.0,0.0
0.0,0.0
0.0,0.0
0.0,0.0
0.0,0.0
0.0,0.0
0.0,0.0
0.0,0.0
0.0,0.0
0.0,0.0
0.0,0.0
0.0,0.0
0.0,0.0
0.0,0.0
0.0,0.0
0.0,0.0
0.0,0.0
0.0,0.0
0.0,0.0
0.0,0.0
0.0,0.0
0.0,0.0
0.0,0.0
0.0,0.0
0.0,0.0
0.0,0.47619047619047616
0.0,0.47619047619047616
0.0,6.773809523809524
0.0,6.773809523809524
0.0,6.773809523809524
0.0,6.773809523809524
0.0,6.773809523809524
0.0,6.773809523809524
0.0,6.773809523809524
0.0,6.773809523809524
0.0,6.773809523809524
0.0,6.773809523809524
0.0,6.773809523809524
0.0,6.773809523809524
0.0,6.773809523809524
0.0,6.773809523809524
0.0,6.773809523809524
0.0,6.773809523809524
0.0,6.773809523809524
0.0,6.773809523809524
0.0,6.773809523809524
0.0,6.2976190476190474
0.0,6.2976190476190474
0.0,0.0
0.0,0.0
0.0,0.0
0.0,0.0
0.0,0.0
0.0,0.0
0.0,0.0
0.0,0.0
0.0,0.6190476190476191
0.0,0.6190476190476191
0.0,0.6190476190476191
0.0,0.6190476190476191
0.0,0.6190476190476191
0.0,0.6190476190476191
0.0,0.6190476190476191
0.0,0.6190476190476191
0.0,0.6190476190476191
0.0,0.6190476190476191
0.0,0.6190476190476191
0.0,0.6190476190476191
0.0,0.6190476190476191
0.0,0.6190476190476191
0.0,0.6190476190476191
0.0,0.6190476190476191
0.0,0.6190476190476191
0.0,0.6190476190476191
0.0,0.6190476190476191
0.0,0.6190476190476191
0.0,0.6190476190476191
0.0,0.0
0.0,0.0
0.0,0.0
0.0,0.0
0.0,0.0
0.0,0.0
0.0,0.0
0.0,0.0
0.0,0.0
0.0,4.5
0.0,4.5
0.0,4.5
0.0,4.5
0.0,4.5
0.0,4.5
0.0,4.5
0.0,4.5
0.0,4.5
0.0,4.5
0.0,4.5
0.0,4.5
0.0,4.5
0.0,4.5
0.0,4.5
0.0,4.5
0.0,4.5
0.0,4.5
0.0,4.5
0.0,4.5
0.0,4.5
