transact_c,transact_d
0.0,0.0
0.0,0.0
0.0,0.0
0.0,0.0
0.0,0.0
0.0,0.0
0.0,0.0
0.0,0.0
0.0,0.0
0.0,0.0
0.0,0.0
0.0,0.0
0.0,0.0
0.0,0.0
0.0,0.0
0.0,0.0
0.0,0.0
0.0,0.0
0.0,0.0
0.0,0.0
0.0,0.0
0.0,0.0
0.0,0.0
0.0,0.0
0.0,0.0
0.0,0.0
0.0,0.0
0.0,0.0
0.0,0.0
0.0,0.0
0.0,0.0
0.0,0.0
0.0,0.0
0.0,0.0
0.0,0.0
0.0,0.0
0.0,0.0
0.0,0.0
0.0,0.0
0.0,0.0
0.0,0.0
0.0,0.0
0.0,0.0
50.0,0.0
50.0,0.0
50.0,0.0
50.0,0.0
50.0,0.0
50.0,0.0
50.0,0.0
50.0,0.0
50.0,0.0
50.0,0.0
50.0,0.0
50.0,0.0
50.0,0.0
50.0,0.0
50.0,0.0
50.0,0.0
50.0,0.0
50.0,0.0
50.0,0.0
50.0,0.0
50.0,0.0
0.0,0.0
0.0,0.0
0.0,0.0
0.0,0.0
0.0,0.0
0.0,0.0
0.0,0.0
0.0,0.0
0.0,0.0
0.0,0.0
0.0,0.0
0.0,0.0
0.0,0.0
0.0,0.0
0.0,0.0
0.0,0.0
7.857142857142857,0.0
7.857142857142857,0.0
7.857142857142857,0.0
7.857142857142857,0.0
7.857142857142857,19.047619047619047
7.857142857142857,19.047619047619047
7.857142857142857,19.047619047619047
7.857142857142857,19.047619047619047
7.857142857142857,19.047619047619047
7.857142857142857,19.047619047619047
7.857142857142857,19.047619047619047
7.857142857142857,19.047619047619047
7.857142857142857,19.047619047619047
7.857142857142857,19.047619047619047
7.857142857142857,19.047619047619047
7.857142857142857,19.047619047619047
7.857142857142857,19.047619047619047
7.857142857142857,19.047619047619047
7.857142857142857,19.047619047619047
26.904761904761905,66.66666666666667
26.904761904761905,66.66666666666667
19.047619047619047,66.66666666666667
19.047619047619047,66.66666666666667
19.047619047619047,66.66666666666667
19.047619047619047,66.66666666666667
19.047619047619047,47.61904761904762
19.047619047619047,47.61904761904762
19.047619047619047,47.61904761904762
19.047619047619047,47.61904761904762
19.047619047619047,47.61904761904762
19.047619047619047,47.61904761904762
19.047619047619047,47.61904761904762
19.047619047619047,47.61904761904762
19.047619047619047,47.61904761904762
19.047619047619047,47.61904761904762
19.047619047619047,47.61904761904762
19.047619047619047,47.61904761904762
19.047619047619047,47.61904761904762
19.047619047619047,47.61904761904762
19.047619047619047,47.61904761904762
0.0,0.0
0.0,0.0
0.0,0.0
0.0,0.0
0.0,0.0
0.0,0.0
0.0,0.0
0.0,0.0
0.0,0.0
0.0,0.0
0.0,0.0
0.0,0.0
0.0,0.0
0.0,0.0
0.0,0.0
0.0,0.0
0.0,0.0
0.0,0.0
0.0,0.0
0.0,0.0
0.0,0.0
0.0,0.0
0.0,0.0
0.0,0.0
0.0,0.0
0.0,0.0
0.0,0.0
0.0,0.0
0.0,0.0
0.0,0.0
0.0,0.0
0.0,0.0
0.0,0.0
0.0,0.0
0.0,0.0
0.0,0.0
0.0,0.0
0.0,0.0
0.0,0.0
0.0,0.0
0.0,0.0
