transact_c,transact_d
0.0,0.0
0.0,0.0
0.0,0.0
0.0,0.0
0.0,0.0
0.0,0.0
0.0,0.0
0.0,0.0
0.0,0.0
0.0,0.0
0.0,0.0
13.0,0.0
13.0,0.0
13.0,0.0
13.0,0.0
13.0,0.0
13.0,0.0
13.0,0.0
13.0,0.0
13.0,0.0
13.0,0.0
13.0,0.0
13.0,0.0
13.0,0.0
13.0,0.0
0.0,0.0
0.0,0.0
0.0,0.0
0.0,0.0
0.0,0.0
0.0,0.0
0.0,0.0
0.0,0.0
0.0,0.0
0.0,0.0
0.0,0.0
0.0,0.0
0.0,0.0
0.0,0.0
0.0,0.0
0.0,0.0
0.0,0.0
13.0,0.0
13.0,0.0
13.0,0.0
13.0,0.0
13.0,0.0
13.0,0.0
13.0,0.0
13.0,0.0
13.0,0.0
13.0,0.0
13.0,0.0
13.0,0.0
13.0,0.0
13.0,0.0
0.0,0.0
0.0,0.0
0.0,0.0
0.0,0.0
0.0,0.0
0.0,0.0
0.0,0.0
0.0,0.0
0.0,0.0
0.0,0.0
0.0,0.0
0.0,0.0
0.0,0.0
0.0,0.0
13.0,0.0
13.0,0.0
13.0,0.0
13.0,0.0
13.0,0.0
13.0,0.0
13.0,0.0
13.0,0.0
13.0,0.0
13.0,0.0
13.0,0.0
13.0,0.0
13.0,0.0
13.0,0.0
0.0,0.0
0.0,0.0
0.0,0.0
0.0,0.0
0.0,0.0
0.0,0.0
0.0,0.0
0.0,0.0
0.0,0.0
0.0,0.0
0.0,0.0
0.0,0.0
0.0,0.0
0.0,0.0
0.0,0.0
0.0,0.0
0.0,0.0
13.714285714285714,0.0
13.714285714285714,0.0
13.714285714285714,0.0
13.714285714285714,0.0
13.714285714285714,0.0
13.714285714285714,0.0
13.714285714285714,17.285714285714285
13.714285714285714,30.285714285714285
13.714285714285714,43.285714285714285
13.714285714285714,57.0
13.714285714285714,70.0
13.714285714285714,83.0
13.714285714285714,96.0
13.714285714285714,109.0
0.0,109.0
0.0,109.0
0.0,109.0
0.0,109.0
0.0,109.0
0.0,109.0
0.0,91.71428571428571
0.0,78.71428571428571
0.0,65.71428571428571
0.0,52.0
0.0,39.0
0.0,26.0
0.0,13.0
0.0,0.0
0.0,0.0
0.0,0.0
13.0,0.0
13.0,0.0
13.0,0.0
13.0,0.0
13.0,0.0
13.0,0.0
13.0,0.0
13.0,0.0
13.0,0.0
13.0,0.0
13.0,0.0
13.0,0.0
13.0,0.0
13.0,0.0
0.0,0.0
0.0,0.0
0.0,0.0
0.0,0.0
0.0,0.0
0.0,0.0
0.0,0.0
0.0,0.0
0.0,0.0
0.0,0.0
0.0,0.0
0.0,0.0
0.0,0.0
0.0,0.0
0.0,0.0
0.0,0.0
0.0,0.0
13.0,0.0
13.0,0.0
20.142857142857142,7.142857142857143
20.142857142857142,7.142857142857143
20.142857142857142,7.142857142857143
20.142857142857142,7.142857142857143
