transact_c,transact_d
0.0,0.0
0.0,0.0
0.0,0.0
0.0,0.0
0.0,0.0
0.0,0.0
0.0,0.0
0.0,0.0
0.0,0.0
0.0,0.0
0.0,0.0
0.0,0.0
0.0,0.0
0.0,0.0
0.0,0.0
0.0,0.0
0.0,0.0
0.0,0.0
0.0,0.0
0.0,0.0
0.0,0.0
0.0,0.0
0.0,0.0
0.0,0.0
0.0,0.0
0.0,0.0
0.0,0.0
0.0,615.1035714285715
0.0,615.1035714285715
0.0,615.1035714285715
0.0,615.1035714285715
0.0,615.1035714285715
0.0,615.1035714285715
0.0,615.1035714285715
0.0,615.1035714285715
0.0,615.1035714285715
0.0,615.1035714285715
0.0,615.1035714285715
0.0,615.1035714285715
0.0,615.1035714285715
0.0,615.1035714285715
0.0,0.0
0.0,0.0
0.0,0.0
0.0,0.0
0.01,0.0
0.01,0.0
0.01,0.0
0.01,0.0
0.01,0.0
0.01,0.0
0.01,0.0
0.01,0.0
0.01,0.0
0.01,0.0
0.01,0.0
0.01,0.0
0.01,0.0
0.01,0.0
0.0,0.0
0.4921428571428571,0.0
0.4921428571428571,0.0
0.4921428571428571,0.0
0.4921428571428571,0.0
0.4921428571428571,0.0
0.4921428571428571,0.0
0.4921428571428571,0.0
0.4921428571428571,0.0
0.4921428571428571,0.0
0.4921428571428571,0.0
0.4921428571428571,0.0
0.4921428571428571,0.0
0.4921428571428571,0.0
0.4921428571428571,0.0
0.0,0.0
0.0,0.0
0.015,0.0
0.015,0.0
0.015,0.0
0.015,0.0
0.015,0.0
0.015,0.0
0.015,0.0
0.015,0.0
0.015,12.667857142857143
0.015,12.667857142857143
0.015,12.667857142857143
0.015,12.667857142857143
0.015,12.667857142857143
0.015,12.667857142857143
0.0,12.667857142857143
0.0,12.667857142857143
0.0,12.667857142857143
0.0,12.667857142857143
0.0,12.667857142857143
0.0,12.667857142857143
0.0,12.667857142857143
0.0,12.667857142857143
0.0,0.0
0.0,0.0
0.0,0.0
0.0,0.0
0.0,0.0
0.0,0.0
0.0,0.0
0.0,0.0
0.015,0.0
0.015,0.0
0.015,0.0
0.015,0.0
0.015,0.0
0.015,0.0
0.015,0.0
0.015,0.0
0.015,0.0
0.015,0.0
0.015,14.075714285714286
0.015,28.620714285714286
0.015,42.69714285714286
0.015,42.69714285714286
0.0,42.69714285714286
0.0,42.69714285714286
0.0,42.69714285714286
0.0,42.69714285714286
0.0,42.69714285714286
0.0,42.69714285714286
0.0,42.69714285714286
0.0,42.69714285714286
0.0,42.69714285714286
0.0,42.69714285714286
0.0,28.62142857142857
0.0,14.07642857142857
0.0,0.0
0.0,0.0
0.0,0.0
0.0,0.0
0.0,0.0
0.015,0.0
0.015,0.0
0.015,0.0
0.015,0.0
0.015,0.0
0.015,0.0
0.015,0.0
0.015,0.0
0.015,0.0
0.015,0.0
0.015,0.0
0.015,0.0
0.015,0.0
0.015,0.0
0.0,0.0
0.0,0.0
0.0,0.0
0.0,0.0
0.0,0.0
0.0,0.0
0.0,0.0
0.0,0.0
0.0,0.0
0.0,0.0
0.0,0.0
0.0,0.0
0.0,0.0
0.0,0.0
0.0,0.0
461.5735714285714,0.0
461.5735714285714,0.0
