transact_c,transact_d
114.28571428571429,28.571428571428573
114.28571428571429,0.0
100.0,0.0
100.0,0.0
100.0,0.0
200.0,0.0
100.0,0.0
100.0,0.0
100.0,0.0
100.0,0.0
100.0,0.0
100.0,0.0
0.0,0.0
0.0,0.0
85.71428571428571,0.0
85.71428571428571,0.0
85.71428571428571,0.0
85.71428571428571,0.0
85.71428571428571,0.0
85.71428571428571,0.0
85.71428571428571,0.0
0.0,0.0
0.0,0.0
0.0,0.0
0.0,0.0
0.0,0.0
0.0,0.0
0.0,0.0
100.0,0.0
200.0,0.0
200.0,0.0
300.0,0.0
300.0,0.0
371.42857142857144,0.0
371.42857142857144,0.0
271.42857142857144,0.0
171.42857142857142,0.0
171.42857142857142,0.0
71.42857142857143,0.0
71.42857142857143,0.0
0.0,0.0
0.0,0.0
0.0,0.0
0.0,0.0
0.0,0.0
0.0,0.0
0.0,0.0
0.0,0.0
0.0,0.0
0.0,0.0
0.0,50.0
0.0,50.0
0.0,50.0
100.0,50.0
100.0,50.0
100.0,50.0
100.0,50.0
100.0,0.0
100.0,0.0
100.0,0.0
0.0,50.0
0.0,50.0
0.0,50.0
0.0,50.0
0.0,50.0
0.0,50.0
0.0,64.28571428571429
0.0,14.285714285714286
0.0,14.285714285714286
0.0,14.285714285714286
0.0,14.285714285714286
0.0,28.571428571428573
0.0,28.571428571428573
0.0,14.285714285714286
0.0,14.285714285714286
0.0,50.0
0.0,50.0
0.0,50.0
0.0,57.142857142857146
0.0,57.142857142857146
0.0,57.142857142857146
0.0,96.85714285714286
0.0,61.142857142857146
0.0,61.142857142857146
0.0,61.142857142857146
0.0,39.714285714285715
0.0,39.714285714285715
0.0,39.714285714285715
0.0,0.0
0.0,0.0
0.0,0.0
0.0,0.0
0.0,0.0
0.0,0.0
0.0,0.0
0.0,0.0
0.0,0.0
0.0,0.0
0.0,0.0
0.0,0.0
0.0,0.0
0.0,0.0
0.0,0.0
0.0,64.28571428571429
0.0,64.28571428571429
0.0,64.28571428571429
0.0,64.28571428571429
0.0,100.0
0.0,100.0
0.0,100.0
0.0,35.714285714285715
0.0,35.714285714285715
0.0,35.714285714285715
0.0,35.714285714285715
0.0,0.0
0.0,0.0
171.42857142857142,0.0
171.42857142857142,0.0
171.42857142857142,0.0
171.42857142857142,0.0
171.42857142857142,0.0
171.42857142857142,0.0
171.42857142857142,0.0
0.0,0.0
0.0,0.0
0.0,0.0
0.0,0.0
0.0,0.0
0.0,0.0
0.0,0.0
0.0,0.0
0.0,0.0
0.0,0.0
0.0,0.0
0.0,0.0
0.0,0.0
0.0,0.0
0.0,0.0
0.0,0.0
0.0,0.0
0.0,0.0
0.0,0.0
0.0,0.0
0.0,0.0
0.0,0.0
0.0,0.0
0.0,0.0
0.0,0.0
0.0,0.0
142857.14285714287,142943.57142857142
142857.14285714287,142943.57142857142
142857.14285714287,142943.57142857142
142857.14285714287,142943.57142857142
142857.14285714287,142943.57142857142
142857.14285714287,142943.57142857142
142857.14285714287,142943.57142857142
0.0,0.0
0.0,0.0
0.0,0.0
0.0,0.0
0.0,0.0
0.0,0.0
0.0,0.0
0.0,0.0
0.0,0.0
0.0,0.0
0.0,0.0
0.0,0.0
0.0,0.0
0.0,0.0
0.0,0.0
0.0,0.0
0.0,0.0
0.0,0.0
0.0,0.0
